datetime,date,time,timestamp,open,high,low,close,volume,Dividends,Stock Splits,beta,book_value,book_value_ttm,cash_per_share,cash_per_share_ttm,current_ratio,current_ratio_ttm,debt_to_equity,debt_to_equity_ttm,dividend_yield,earnings_forward,earnings_growth,earnings_quarterly_growth,earnings_ttm,ebitda,ebitda_margin,ebitda_margins,enterprise_value,ev_to_ebitda,float_shares,forward_pe,free_cashflow,free_cashflow_ttm,gross_margins,gross_profits,held_percent_insiders,held_percent_institutions,market_cap,net_income,operating_cashflow,operating_cashflow_ttm,operating_margin,operating_margins,payout_ratio,pe_ratio,price_to_book,price_to_sales,profit_margin,profit_margins,quarterly_debt,quarterly_ebitda,quarterly_eps,quarterly_net_income,quarterly_operating_income,quarterly_revenue,quarterly_total_assets,quarterly_total_equity,quarterly_total_liabilities,quick_ratio,return_on_assets,return_on_equity,revenue_growth,revenue_per_share,revenue_per_share_ttm,shares_outstanding,shares_percent_shares_out,shares_short,shares_short_prior_month,short_percent_of_float,short_ratio,total_cash,total_cash_ttm,total_debt,total_debt_ttm,total_revenue,atr,ema_short,ema_long,rsi,macd,macd_signal,macd_histogram,bb_upper,bb_middle,bb_lower,stoch_k,stoch_d,williams_r,cci,adx,plus_di,minus_di,obv,donchian_upper,donchian_middle,donchian_lower,keltner_upper,keltner_middle,keltner_lower,returns,volatility
2025-07-09 17:00:00-04:00,2025-07-09,17:00:00,1752094800,210.75,210.89,210.6,210.8,0,0.0,0.0,1.211,4.471,4.471,3.247,3.247,0.821,0.821,146.994,146.994,0.51,8.31,0.078,0.048,6.42,138865999872,0.34685,0.34685,3114071490560,22.425,14911480604,25.163656,97251500032,97251500032,0.46632,186699005952,0.02085,0.62835,3123225034752,97294000128,109555998720,109555998720,0.31028998,0.31028998,0.1558,32.57165,46.770294,7.8009243,0.24301,0.24301,106629000000.0,134661000000.0,6.11,93736000000.0,123216000000.0,391035000000.0,364980000000.0,56950000000.0,308030000000.0,0.68,0.23809999,1.38015,0.051,26.455,26.455,14935799808,0.0067000003,100226522,105169332,0.0067000003,1.91,48497999872,48497999872,98186002432,98186002432,400366010368,,210.8,210.8,,0.0,0.0,0.0,,,,,,,,,,,,,,,,,,,
2025-07-09 18:00:00-04:00,2025-07-09,18:00:00,1752098400,210.79,210.89,210.66,210.8,0,0.0,0.0,1.211,4.471,4.471,3.247,3.247,0.821,0.821,146.994,146.994,0.51,8.31,0.078,0.048,6.42,138865999872,0.34685,0.34685,3114071490560,22.425,14911480604,25.163656,97251500032,97251500032,0.46632,186699005952,0.02085,0.62835,3123225034752,97294000128,109555998720,109555998720,0.31028998,0.31028998,0.1558,32.57165,46.770294,7.8009243,0.24301,0.24301,106629000000.0,134661000000.0,6.11,93736000000.0,123216000000.0,391035000000.0,364980000000.0,56950000000.0,308030000000.0,0.68,0.23809999,1.38015,0.051,26.455,26.455,14935799808,0.0067000003,100226522,105169332,0.0067000003,1.91,48497999872,48497999872,98186002432,98186002432,400366010368,,210.8,210.8,,0.0,0.0,0.0,,,,,,,,,,,,,,,,,,0.0,
2025-07-09 19:00:00-04:00,2025-07-09,19:00:00,1752102000,210.73,210.88,210.7,210.7,0,0.0,0.0,1.211,4.471,4.471,3.247,3.247,0.821,0.821,146.994,146.994,0.51,8.31,0.078,0.048,6.42,138865999872,0.34685,0.34685,3114071490560,22.425,14911480604,25.163656,97251500032,97251500032,0.46632,186699005952,0.02085,0.62835,3123225034752,97294000128,109555998720,109555998720,0.31028998,0.31028998,0.1558,32.57165,46.770294,7.8009243,0.24301,0.24301,106629000000.0,134661000000.0,6.11,93736000000.0,123216000000.0,391035000000.0,364980000000.0,56950000000.0,308030000000.0,0.68,0.23809999,1.38015,0.051,26.455,26.455,14935799808,0.0067000003,100226522,105169332,0.0067000003,1.91,48497999872,48497999872,98186002432,98186002432,400366010368,,210.7846153846154,210.7925925925926,,-0.00797720797720558,-0.001595441595441116,-0.006381766381764464,,,,,,,,,,,,,,,,,,-0.00047438330170790355,
2025-07-10 04:00:00-04:00,2025-07-10,04:00:00,1752134400,210.35,210.37,210.1,210.18,0,0.0,0.0,1.211,4.471,4.471,3.247,3.247,0.821,0.821,146.994,146.994,0.51,8.31,0.078,0.048,6.42,138865999872,0.34685,0.34685,3114071490560,22.425,14911480604,25.163656,97251500032,97251500032,0.46632,186699005952,0.02085,0.62835,3123225034752,97294000128,109555998720,109555998720,0.31028998,0.31028998,0.1558,32.57165,46.770294,7.8009243,0.24301,0.24301,106629000000.0,134661000000.0,6.11,93736000000.0,123216000000.0,391035000000.0,364980000000.0,56950000000.0,308030000000.0,0.68,0.23809999,1.38015,0.051,26.455,26.455,14935799808,0.0067000003,100226522,105169332,0.0067000003,1.91,48497999872,48497999872,98186002432,98186002432,400366010368,,210.6915976331361,210.74721536351166,,-0.05561773037555895,-0.012399899351464683,-0.043217831024094266,,,,,,,,,,,,,,,,,,-0.0024679639297578992,
2025-07-10 05:00:00-04:00,2025-07-10,05:00:00,1752138000,210.18,210.42,209.91,210.04,0,0.0,0.0,1.211,4.471,4.471,3.247,3.247,0.821,0.821,146.994,146.994,0.51,8.31,0.078,0.048,6.42,138865999872,0.34685,0.34685,3114071490560,22.425,14911480604,25.163656,97251500032,97251500032,0.46632,186699005952,0.02085,0.62835,3123225034752,97294000128,109555998720,109555998720,0.31028998,0.31028998,0.1558,32.57165,46.770294,7.8009243,0.24301,0.24301,106629000000.0,134661000000.0,6.11,93736000000.0,123216000000.0,391035000000.0,364980000000.0,56950000000.0,308030000000.0,0.68,0.23809999,1.38015,0.051,26.455,26.455,14935799808,0.0067000003,100226522,105169332,0.0067000003,1.91,48497999872,48497999872,98186002432,98186002432,400366010368,,210.59135184342284,210.69482904028857,,-0.10347719686572532,-0.030615358854316814,-0.0728618380114085,,,,,,,,,,,,,,,,,,-0.0006660957274717827,
2025-07-10 06:00:00-04:00,2025-07-10,06:00:00,1752141600,210.11,210.11,209.62,209.85,0,0.0,0.0,1.211,4.471,4.471,3.247,3.247,0.821,0.821,146.994,146.994,0.51,8.31,0.078,0.048,6.42,138865999872,0.34685,0.34685,3114071490560,22.425,14911480604,25.163656,97251500032,97251500032,0.46632,186699005952,0.02085,0.62835,3123225034752,97294000128,109555998720,109555998720,0.31028998,0.31028998,0.1558,32.57165,46.770294,7.8009243,0.24301,0.24301,106629000000.0,134661000000.0,6.11,93736000000.0,123216000000.0,391035000000.0,364980000000.0,56950000000.0,308030000000.0,0.68,0.23809999,1.38015,0.051,26.455,26.455,14935799808,0.0067000003,100226522,105169332,0.0067000003,1.91,48497999872,48497999872,98186002432,98186002432,400366010368,,210.47729771366548,210.63224911137831,,-0.15495139771283561,-0.05548256662602058,-0.09946883108681503,,,,,,,,,,,,,,,,,,-0.0009045896019805877,
2025-07-10 07:00:00-04:00,2025-07-10,07:00:00,1752145200,209.85,210.14,209.77,210.02,0,0.0,0.0,1.211,4.471,4.471,3.247,3.247,0.821,0.821,146.994,146.994,0.51,8.31,0.078,0.048,6.42,138865999872,0.34685,0.34685,3114071490560,22.425,14911480604,25.163656,97251500032,97251500032,0.46632,186699005952,0.02085,0.62835,3123225034752,97294000128,109555998720,109555998720,0.31028998,0.31028998,0.1558,32.57165,46.770294,7.8009243,0.24301,0.24301,106629000000.0,134661000000.0,6.11,93736000000.0,123216000000.0,391035000000.0,364980000000.0,56950000000.0,308030000000.0,0.68,0.23809999,1.38015,0.051,26.455,26.455,14935799808,0.0067000003,100226522,105169332,0.0067000003,1.91,48497999872,48497999872,98186002432,98186002432,400366010368,,210.40694421925542,210.5868973253503,,-0.17995310609487092,-0.08037667451979065,-0.09957643157508027,,,,,,,,,,,,,,,,,,0.0008101024541340429,
2025-07-10 08:00:00-04:00,2025-07-10,08:00:00,1752148800,210.09,211.14,209.6155,210.18,0,0.0,0.0,1.211,4.471,4.471,3.247,3.247,0.821,0.821,146.994,146.994,0.51,8.31,0.078,0.048,6.42,138865999872,0.34685,0.34685,3114071490560,22.425,14911480604,25.163656,97251500032,97251500032,0.46632,186699005952,0.02085,0.62835,3123225034752,97294000128,109555998720,109555998720,0.31028998,0.31028998,0.1558,32.57165,46.770294,7.8009243,0.24301,0.24301,106629000000.0,134661000000.0,6.11,93736000000.0,123216000000.0,391035000000.0,364980000000.0,56950000000.0,308030000000.0,0.68,0.23809999,1.38015,0.051,26.455,26.455,14935799808,0.0067000003,100226522,105169332,0.0067000003,1.91,48497999872,48497999872,98186002432,98186002432,400366010368,,210.37202972398535,210.55675678273175,,-0.18472705874640383,-0.1012467513651133,-0.08348030738129053,,,,,,,,,,,,,,,,,,0.0007618322064564254,
2025-07-10 09:00:00-04:00,2025-07-10,09:00:00,1752152400,210.07,211.14,209.8,210.47,0,0.0,0.0,1.211,4.471,4.471,3.247,3.247,0.821,0.821,146.994,146.994,0.51,8.31,0.078,0.048,6.42,138865999872,0.34685,0.34685,3114071490560,22.425,14911480604,25.163656,97251500032,97251500032,0.46632,186699005952,0.02085,0.62835,3123225034752,97294000128,109555998720,109555998720,0.31028998,0.31028998,0.1558,32.57165,46.770294,7.8009243,0.24301,0.24301,106629000000.0,134661000000.0,6.11,93736000000.0,123216000000.0,391035000000.0,364980000000.0,56950000000.0,308030000000.0,0.68,0.23809999,1.38015,0.051,26.455,26.455,14935799808,0.0067000003,100226522,105169332,0.0067000003,1.91,48497999872,48497999872,98186002432,98186002432,400366010368,,210.38710207414144,210.55033035438126,,-0.16322828023982083,-0.1136430571400548,-0.049585223099766026,,,,,,,,,,,,,,,,,,0.0013797697211912485,
2025-07-10 09:30:00-04:00,2025-07-10,09:30:00,1752154200,210.5050048828125,212.29989624023438,210.1199951171875,212.00999450683594,9591288,0.0,0.0,1.211,4.471,4.471,3.247,3.247,0.821,0.821,146.994,146.994,0.51,8.31,0.078,0.048,6.42,138865999872,0.34685,0.34685,3114071490560,22.425,14911480604,25.163656,97251500032,97251500032,0.46632,186699005952,0.02085,0.62835,3123225034752,97294000128,109555998720,109555998720,0.31028998,0.31028998,0.1558,32.57165,46.770294,7.8009243,0.24301,0.24301,106629000000.0,134661000000.0,6.11,93736000000.0,123216000000.0,391035000000.0,364980000000.0,56950000000.0,308030000000.0,0.68,0.23809999,1.38015,0.051,26.455,26.455,14935799808,0.0067000003,100226522,105169332,0.0067000003,1.91,48497999872,48497999872,98186002432,98186002432,400366010368,,210.63677783301753,210.65845362493346,,-0.021675791915924947,-0.09524960409522884,0.0735738121793039,,,,,,,,,,,,,,,,,,0.007316931186563069,
2025-07-10 10:30:00-04:00,2025-07-10,10:30:00,1752157800,212.02999877929688,213.47999572753906,211.89999389648438,212.97999572753906,8759012,0.0,0.0,1.211,4.471,4.471,3.247,3.247,0.821,0.821,146.994,146.994,0.51,8.31,0.078,0.048,6.42,138865999872,0.34685,0.34685,3114071490560,22.425,14911480604,25.163656,97251500032,97251500032,0.46632,186699005952,0.02085,0.62835,3123225034752,97294000128,109555998720,109555998720,0.31028998,0.31028998,0.1558,32.57165,46.770294,7.8009243,0.24301,0.24301,106629000000.0,134661000000.0,6.11,93736000000.0,123216000000.0,391035000000.0,364980000000.0,56950000000.0,308030000000.0,0.68,0.23809999,1.38015,0.051,26.455,26.455,14935799808,0.0067000003,100226522,105169332,0.0067000003,1.91,48497999872,48497999872,98186002432,98186002432,400366010368,,210.99727289371316,210.83041970660796,,0.16685318710520392,-0.04282904585514229,0.20968223296034622,,,,,,,,,,,,,,,,,,0.0045752617604630785,
2025-07-10 11:30:00-04:00,2025-07-10,11:30:00,1752161400,212.99000549316406,213.17999267578125,211.8300018310547,212.0800018310547,4598153,0.0,0.0,1.211,4.471,4.471,3.247,3.247,0.821,0.821,146.994,146.994,0.51,8.31,0.078,0.048,6.42,138865999872,0.34685,0.34685,3114071490560,22.425,14911480604,25.163656,97251500032,97251500032,0.46632,186699005952,0.02085,0.62835,3123225034752,97294000128,109555998720,109555998720,0.31028998,0.31028998,0.1558,32.57165,46.770294,7.8009243,0.24301,0.24301,106629000000.0,134661000000.0,6.11,93736000000.0,123216000000.0,391035000000.0,364980000000.0,56950000000.0,308030000000.0,0.68,0.23809999,1.38015,0.051,26.455,26.455,14935799808,0.0067000003,100226522,105169332,0.0067000003,1.91,48497999872,48497999872,98186002432,98186002432,400366010368,,211.1638465763811,210.92298134545587,,0.24086523092523748,0.013909809500933665,0.2269554214243038,,,,,,,,,,,,,,,,,,-0.004225720323685844,
2025-07-10 12:30:00-04:00,2025-07-10,12:30:00,1752165000,212.07000732421875,212.77999877929688,211.85000610351562,212.6199951171875,3384939,0.0,0.0,1.211,4.471,4.471,3.247,3.247,0.821,0.821,146.994,146.994,0.51,8.31,0.078,0.048,6.42,138865999872,0.34685,0.34685,3114071490560,22.425,14911480604,25.163656,97251500032,97251500032,0.46632,186699005952,0.02085,0.62835,3123225034752,97294000128,109555998720,109555998720,0.31028998,0.31028998,0.1558,32.57165,46.770294,7.8009243,0.24301,0.24301,106629000000.0,134661000000.0,6.11,93736000000.0,123216000000.0,391035000000.0,364980000000.0,56950000000.0,308030000000.0,0.68,0.23809999,1.38015,0.051,26.455,26.455,14935799808,0.0067000003,100226522,105169332,0.0067000003,1.91,48497999872,48497999872,98186002432,98186002432,400366010368,,211.38786942881285,211.04868606928784,,0.3391833595250091,0.07896451950574876,0.2602188400192603,,,,,,,,,,,,,,,,,,0.0025461772985224673,
2025-07-10 13:30:00-04:00,2025-07-10,13:30:00,1752168600,212.61000061035156,213.16000366210938,212.30999755859375,212.60000610351562,3025386,0.0,0.0,1.211,4.471,4.471,3.247,3.247,0.821,0.821,146.994,146.994,0.51,8.31,0.078,0.048,6.42,138865999872,0.34685,0.34685,3114071490560,22.425,14911480604,25.163656,97251500032,97251500032,0.46632,186699005952,0.02085,0.62835,3123225034752,97294000128,109555998720,109555998720,0.31028998,0.31028998,0.1558,32.57165,46.770294,7.8009243,0.24301,0.24301,106629000000.0,134661000000.0,6.11,93736000000.0,123216000000.0,391035000000.0,364980000000.0,56950000000.0,308030000000.0,0.68,0.23809999,1.38015,0.051,26.455,26.455,14935799808,0.0067000003,100226522,105169332,0.0067000003,1.91,48497999872,48497999872,98186002432,98186002432,400366010368,0.8874566127232087,211.57435199415173,211.16359866441582,66.24562478172092,0.41075332973591117,0.14532228155178123,0.26543104818412994,,,,77.22886280472562,,-22.771137195274385,,,30.182566968738644,9.255921834395444,,,,,,,,-9.401285923682501e-05,
2025-07-10 14:30:00-04:00,2025-07-10,14:30:00,1752172200,212.5948944091797,213.4499969482422,212.57000732421875,212.5749969482422,3341074,0.0,0.0,1.211,4.471,4.471,3.247,3.247,0.821,0.821,146.994,146.994,0.51,8.31,0.078,0.048,6.42,138865999872,0.34685,0.34685,3114071490560,22.425,14911480604,25.163656,97251500032,97251500032,0.46632,186699005952,0.02085,0.62835,3123225034752,97294000128,109555998720,109555998720,0.31028998,0.31028998,0.1558,32.57165,46.770294,7.8009243,0.24301,0.24301,106629000000.0,134661000000.0,6.11,93736000000.0,123216000000.0,391035000000.0,364980000000.0,56950000000.0,308030000000.0,0.68,0.23809999,1.38015,0.051,26.455,26.455,14935799808,0.0067000003,100226522,105169332,0.0067000003,1.91,48497999872,48497999872,98186002432,98186002432,400366010368,0.9295987287248835,211.72829737170412,211.26814668544,65.94791539281147,0.4601506862641145,0.20828796249424789,0.2518627237698666,,,,76.58171096301913,,-23.41828903698087,,,31.04253305099226,8.836316988138208,,,,,,,,-0.00011763478154025453,
2025-07-10 15:30:00-04:00,2025-07-10,15:30:00,1752175800,212.5800018310547,213.02000427246094,212.08999633789062,212.4199981689453,4470431,0.0,0.0,1.211,4.471,4.471,3.247,3.247,0.821,0.821,146.994,146.994,0.51,8.31,0.078,0.048,6.42,138865999872,0.34685,0.34685,3114071490560,22.425,14911480604,25.163656,97251500032,97251500032,0.46632,186699005952,0.02085,0.62835,3123225034752,97294000128,109555998720,109555998720,0.31028998,0.31028998,0.1558,32.57165,46.770294,7.8009243,0.24301,0.24301,106629000000.0,134661000000.0,6.11,93736000000.0,123216000000.0,391035000000.0,364980000000.0,56950000000.0,308030000000.0,0.68,0.23809999,1.38015,0.051,26.455,26.455,14935799808,0.0067000003,100226522,105169332,0.0067000003,1.91,48497999872,48497999872,98186002432,98186002432,400366010368,0.9795992954799065,211.834712878972,211.3534690175515,64.16087301921797,0.481243861420495,0.2628791422794973,0.2183647191409977,,,,72.57086995749475,75.4604812417465,-27.42913004250526,,,29.458064530829887,11.885348422411086,,,,,,,,-0.0007291486840976802,
2025-07-10 16:00:00-04:00,2025-07-10,16:00:00,1752177600,212.425,213.2301,199.6953,212.27,0,0.0,0.0,1.211,4.471,4.471,3.247,3.247,0.821,0.821,146.994,146.994,0.51,8.31,0.078,0.048,6.42,138865999872,0.34685,0.34685,3114071490560,22.425,14911480604,25.163656,97251500032,97251500032,0.46632,186699005952,0.02085,0.62835,3123225034752,97294000128,109555998720,109555998720,0.31028998,0.31028998,0.1558,32.57165,46.770294,7.8009243,0.24301,0.24301,106629000000.0,134661000000.0,6.11,93736000000.0,123216000000.0,391035000000.0,364980000000.0,56950000000.0,308030000000.0,0.68,0.23809999,1.38015,0.051,26.455,26.455,14935799808,0.0067000003,100226522,105169332,0.0067000003,1.91,48497999872,48497999872,98186002432,98186002432,400366010368,1.933513581194191,211.9016801283609,211.42136020143658,63.604904494955115,0.4803199269243237,0.3063672992084626,0.17395262771586106,,,,91.22218036977252,80.12492043009547,-8.77781963022748,,,14.924694370535347,51.810561449432754,,,,,,,,-0.0007061395830819661,
2025-07-10 17:00:00-04:00,2025-07-10,17:00:00,1752181200,199.6953,212.41,199.6953,212.2299,0,0.0,0.0,1.211,4.471,4.471,3.247,3.247,0.821,0.821,146.994,146.994,0.51,8.31,0.078,0.048,6.42,138865999872,0.34685,0.34685,3114071490560,22.425,14911480604,25.163656,97251500032,97251500032,0.46632,186699005952,0.02085,0.62835,3123225034752,97294000128,109555998720,109555998720,0.31028998,0.31028998,0.1558,32.57165,46.770294,7.8009243,0.24301,0.24301,106629000000.0,134661000000.0,6.11,93736000000.0,123216000000.0,391035000000.0,364980000000.0,56950000000.0,308030000000.0,0.68,0.23809999,1.38015,0.051,26.455,26.455,14935799808,0.0067000003,100226522,105169332,0.0067000003,1.91,48497999872,48497999872,98186002432,98186002432,400366010368,2.798849295479905,211.95217549322848,211.48125203836722,69.3749505149479,0.4709234548612642,0.33927853033902294,0.13164492452224125,,,,90.93127804742447,84.90810945823058,-9.068721952575531,,,10.310344078620567,34.260762121391124,,,,,,,,-0.00018891035002599477,
2025-07-10 18:00:00-04:00,2025-07-10,18:00:00,1752184800,212.23,212.37,212.23,212.31,0,0.0,0.0,1.211,4.471,4.471,3.247,3.247,0.821,0.821,146.994,146.994,0.51,8.31,0.078,0.048,6.42,138865999872,0.34685,0.34685,3114071490560,22.425,14911480604,25.163656,97251500032,97251500032,0.46632,186699005952,0.02085,0.62835,3123225034752,97294000128,109555998720,109555998720,0.31028998,0.31028998,0.1558,32.57165,46.770294,7.8009243,0.24301,0.24301,106629000000.0,134661000000.0,6.11,93736000000.0,123216000000.0,391035000000.0,364980000000.0,56950000000.0,308030000000.0,0.68,0.23809999,1.38015,0.051,26.455,26.455,14935799808,0.0067000003,100226522,105169332,0.0067000003,1.91,48497999872,48497999872,98186002432,98186002432,400366010368,2.7724278669084788,212.00722541734717,211.54264077626593,71.70098214757004,0.4645846410812453,0.36433975248746747,0.10024488859377784,,,,91.51235724991997,91.22193855570565,-8.487642750080028,,,10.408602367996322,34.097755327474495,,,,,,,,0.000377420900636638,
2025-07-10 19:00:00-04:00,2025-07-10,19:00:00,1752188400,212.35,212.5,212.3,212.4,0,0.0,0.0,1.211,4.471,4.471,3.247,3.247,0.821,0.821,146.994,146.994,0.51,8.31,0.078,0.048,6.42,138865999872,0.34685,0.34685,3114071490560,22.425,14911480604,25.163656,97251500032,97251500032,0.46632,186699005952,0.02085,0.62835,3123225034752,97294000128,109555998720,109555998720,0.31028998,0.31028998,0.1558,32.57165,46.770294,7.8009243,0.24301,0.24301,106629000000.0,134661000000.0,6.11,93736000000.0,123216000000.0,391035000000.0,364980000000.0,56950000000.0,308030000000.0,0.68,0.23809999,1.38015,0.051,26.455,26.455,14935799808,0.0067000003,100226522,105169332,0.0067000003,1.91,48497999872,48497999872,98186002432,98186002432,400366010368,2.7517135811941915,212.06765227621685,211.6061488669129,74.85293869343853,0.4615034093039583,0.3837724838507656,0.07773092545319266,213.6793476170833,211.476744420166,209.2741412232487,92.1652552302519,91.53629684253212,-7.834744769748105,72.77827324939217,,10.824408068025583,33.60165793758303,5760706.1,213.47999572753906,206.58764786376952,199.6953,215.16174859497067,211.0793495812988,206.99695056762693,0.00042390843577799764,
2025-07-11 04:00:00-04:00,2025-07-11,04:00:00,1752220800,211.01,211.22,210.34,210.95,0,0.0,0.0,1.211,4.471,4.471,3.247,3.247,0.821,0.821,146.994,146.994,0.51,8.31,0.078,0.048,6.42,138865999872,0.34685,0.34685,3114071490560,22.425,14911480604,25.163656,97251500032,97251500032,0.46632,186699005952,0.02085,0.62835,3123225034752,97294000128,109555998720,109555998720,0.31028998,0.31028998,0.1558,32.57165,46.770294,7.8009243,0.24301,0.24301,106629000000.0,134661000000.0,6.11,93736000000.0,123216000000.0,391035000000.0,364980000000.0,56950000000.0,308030000000.0,0.68,0.23809999,1.38015,0.051,26.455,26.455,14935799808,0.0067000003,100226522,105169332,0.0067000003,1.91,48497999872,48497999872,98186002432,98186002432,400366010368,2.872427866908479,211.89570577218348,211.55754524714155,57.254088701069556,0.3381605250419284,0.3746500920889982,-0.03648956704706979,213.67814940676357,211.484244420166,209.29033943356842,81.64634332490452,88.44131860169212,-18.35365667509548,-13.612942416088305,,10.294909513851566,37.06346805918972,6075715.85,213.47999572753906,206.58764786376952,199.6953,215.34241526163737,211.0830162479655,206.82361723429364,-0.006826741996233565,
2025-07-11 05:00:00-04:00,2025-07-11,05:00:00,1752224400,210.9,211.11,210.8,210.8,0,0.0,0.0,1.211,4.471,4.471,3.247,3.247,0.821,0.821,146.994,146.994,0.51,8.31,0.078,0.048,6.42,138865999872,0.34685,0.34685,3114071490560,22.425,14911480604,25.163656,97251500032,97251500032,0.46632,186699005952,0.02085,0.62835,3123225034752,97294000128,109555998720,109555998720,0.31028998,0.31028998,0.1558,32.57165,46.770294,7.8009243,0.24301,0.24301,106629000000.0,134661000000.0,6.11,93736000000.0,123216000000.0,391035000000.0,364980000000.0,56950000000.0,308030000000.0,0.68,0.23809999,1.38015,0.051,26.455,26.455,14935799808,0.0067000003,100226522,105169332,0.0067000003,1.91,48497999872,48497999872,98186002432,98186002432,400366010368,2.78567786690848,211.72713565338603,211.50143078439032,54.843615266256265,0.22570486899570597,0.34486104747033974,-0.11915617847463378,213.6781494067636,211.48424442016602,209.29033943356845,80.55818002435153,84.78992619316932,-19.441819975648478,-10.306717372564162,,8.05137166018492,38.217677557828885,6390725.6,213.47999572753906,206.58764786376952,199.6953,215.35641526163738,211.0890162479655,206.82161723429363,-0.000711068973690332,
2025-07-11 06:00:00-04:00,2025-07-11,06:00:00,1752228000,210.8,211.01,210.3,210.53,0,0.0,0.0,1.211,4.471,4.471,3.247,3.247,0.821,0.821,146.994,146.994,0.51,8.31,0.078,0.048,6.42,138865999872,0.34685,0.34685,3114071490560,22.425,14911480604,25.163656,97251500032,97251500032,0.46632,186699005952,0.02085,0.62835,3123225034752,97294000128,109555998720,109555998720,0.31028998,0.31028998,0.1558,32.57165,46.770294,7.8009243,0.24301,0.24301,106629000000.0,134661000000.0,6.11,93736000000.0,123216000000.0,391035000000.0,364980000000.0,56950000000.0,308030000000.0,0.68,0.23809999,1.38015,0.051,26.455,26.455,14935799808,0.0067000003,100226522,105169332,0.0067000003,1.91,48497999872,48497999872,98186002432,98186002432,400366010368,2.7406778669084804,211.5429609374805,211.42947294850956,50.47020631511266,0.11348798897094525,0.29858643577046085,-0.1850984467995156,213.68371509032738,211.47574442016602,209.26777375000466,78.59948608335576,80.26800314420394,-21.400513916644247,-25.854643662402182,,8.183569511338076,40.14830359944371,6705735.35,213.47999572753906,206.58764786376952,199.6953,215.40208192830403,211.08168291463215,206.76128390096028,-0.001280834914611062,
2025-07-11 07:00:00-04:00,2025-07-11,07:00:00,1752231600,210.55,211.05,210.36,211.01,0,0.0,0.0,1.211,4.471,4.471,3.247,3.247,0.821,0.821,146.994,146.994,0.51,8.31,0.078,0.048,6.42,138865999872,0.34685,0.34685,3114071490560,22.425,14911480604,25.163656,97251500032,97251500032,0.46632,186699005952,0.02085,0.62835,3123225034752,97294000128,109555998720,109555998720,0.31028998,0.31028998,0.1558,32.57165,46.770294,7.8009243,0.24301,0.24301,106629000000.0,134661000000.0,6.11,93736000000.0,123216000000.0,391035000000.0,364980000000.0,56950000000.0,308030000000.0,0.68,0.23809999,1.38015,0.051,26.455,26.455,14935799808,0.0067000003,100226522,105169332,0.0067000003,1.91,48497999872,48497999872,98186002432,98186002432,400366010368,2.634256358119418,211.46096694709888,211.3984008782496,40.60187958760028,0.06256606884929283,0.25138236238622724,-0.1888162935369344,213.65268018459028,211.51724442016604,209.3818086557418,82.0816086451258,80.4130915842777,-17.918391354874196,-17.188315774562234,,5.4775492630927465,41.77025775405923,7020745.1,213.47999572753906,206.58764786376952,199.6953,215.44058192830403,211.11118291463217,206.7817839009603,0.0022799601006981973,
2025-07-11 08:00:00-04:00,2025-07-11,08:00:00,1752235200,211.03,211.879,201.0,210.9,0,0.0,0.0,1.211,4.471,4.471,3.247,3.247,0.821,0.821,146.994,146.994,0.51,8.31,0.078,0.048,6.42,138865999872,0.34685,0.34685,3114071490560,22.425,14911480604,25.163656,97251500032,97251500032,0.46632,186699005952,0.02085,0.62835,3123225034752,97294000128,109555998720,109555998720,0.31028998,0.31028998,0.1558,32.57165,46.770294,7.8009243,0.24301,0.24301,106629000000.0,134661000000.0,6.11,93736000000.0,123216000000.0,391035000000.0,364980000000.0,56950000000.0,308030000000.0,0.68,0.23809999,1.38015,0.051,26.455,26.455,14935799808,0.0067000003,100226522,105169332,0.0067000003,1.91,48497999872,48497999872,98186002432,98186002432,400366010368,3.2984705130440823,211.37466433985293,211.36148229467557,26.682615331327,0.013182045177359214,0.20374229894445367,-0.19056025376709446,213.6030581474719,211.56024442016601,209.51743069286013,81.46090053573978,80.71399842140711,-18.539099464260207,-160.16087376364104,,1.8190209363129368,53.628101032442466,7335754.85,213.47999572753906,206.58764786376952,199.6953,216.36763192830404,211.00133291463217,205.6350339009603,-0.0005213023079474466,
2025-07-11 09:00:00-04:00,2025-07-11,09:00:00,1752238800,211.0,211.3,210.4,210.43,0,0.0,0.0,1.211,4.471,4.471,3.247,3.247,0.821,0.821,146.994,146.994,0.51,8.31,0.078,0.048,6.42,138865999872,0.34685,0.34685,3114071490560,22.425,14911480604,25.163656,97251500032,97251500032,0.46632,186699005952,0.02085,0.62835,3123225034752,97294000128,109555998720,109555998720,0.31028998,0.31028998,0.1558,32.57165,46.770294,7.8009243,0.24301,0.24301,106629000000.0,134661000000.0,6.11,93736000000.0,123216000000.0,391035000000.0,364980000000.0,56950000000.0,308030000000.0,0.68,0.23809999,1.38015,0.051,26.455,26.455,14935799808,0.0067000003,100226522,105169332,0.0067000003,1.91,48497999872,48497999872,98186002432,98186002432,400366010368,3.266328309849328,211.22933136449095,211.29248360618107,29.529470263780908,-0.06315224169011913,0.15036339081753913,-0.21351563250765826,213.54441915263675,211.589244420166,209.63406968769527,78.04388595687578,80.52879837924712,-21.95611404312422,-17.923247902422695,,1.836920955846852,54.002766981405905,7650764.6,213.47999572753906,206.58764786376952,199.6953,216.45113192830405,211.0438329146322,205.63653390096033,-0.0022285443338074806,
2025-07-11 09:30:00-04:00,2025-07-11,09:30:00,1752240600,210.56500244140625,212.1300048828125,209.86000061035156,211.7899932861328,8592173,0.0,0.0,1.211,4.471,4.471,3.247,3.247,0.821,0.821,146.994,146.994,0.51,8.31,0.078,0.048,6.42,138865999872,0.34685,0.34685,3114071490560,22.425,14911480604,25.163656,97251500032,97251500032,0.46632,186699005952,0.02085,0.62835,3123225034752,97294000128,109555998720,109555998720,0.31028998,0.31028998,0.1558,32.57165,46.770294,7.8009243,0.24301,0.24301,106629000000.0,134661000000.0,6.11,93736000000.0,123216000000.0,391035000000.0,364980000000.0,56950000000.0,308030000000.0,0.68,0.23809999,1.38015,0.051,26.455,26.455,14935799808,0.0067000003,100226522,105169332,0.0067000003,1.91,48497999872,48497999872,98186002432,98186002432,400366010368,3.362043423897877,211.31558704474355,211.32933617506637,41.44361247403823,-0.013749130322821657,0.11754088658946697,-0.13129001691228864,213.4887625451972,211.67774408447266,209.86672562374812,87.93136869277575,82.47871839513043,-12.068631307224251,8.450341087620691,64.54393258863676,3.5480187858525065,52.465344542474455,8395383.0,213.47999572753906,206.58764786376952,199.6953,216.70529900187177,211.1079995609538,205.51070012003584,0.006462924897271405,
2025-07-11 10:30:00-04:00,2025-07-11,10:30:00,1752244200,211.7899932861328,211.7899932861328,210.47999572753906,210.8249969482422,4031708,0.0,0.0,1.211,4.471,4.471,3.247,3.247,0.821,0.821,146.994,146.994,0.51,8.31,0.078,0.048,6.42,138865999872,0.34685,0.34685,3114071490560,22.425,14911480604,25.163656,97251500032,97251500032,0.46632,186699005952,0.02085,0.62835,3123225034752,97294000128,109555998720,109555998720,0.31028998,0.31028998,0.1558,32.57165,46.770294,7.8009243,0.24301,0.24301,106629000000.0,134661000000.0,6.11,93736000000.0,123216000000.0,391035000000.0,364980000000.0,56950000000.0,308030000000.0,0.68,0.23809999,1.38015,0.051,26.455,26.455,14935799808,0.0067000003,100226522,105169332,0.0067000003,1.91,48497999872,48497999872,98186002432,98186002432,400366010368,3.3948999564034574,211.2401116452818,211.29197771382016,34.685511596799884,-0.05186606853837361,0.08365949556389887,-0.13552556410227248,213.42936539854702,211.70999393188475,209.9906224652225,80.9156100648552,82.29695490483557,-19.084389935144795,-6.438088167112156,67.1874767524126,2.714151448835404,51.95757426337543,8938416.0,213.47999572753906,206.58764786376952,199.6953,216.71984019042966,211.14399099365232,205.56814179687498,-0.004556383060964064,
2025-07-11 11:30:00-04:00,2025-07-11,11:30:00,1752247800,210.8300018310547,211.2100067138672,210.46499633789062,210.63499450683594,3418923,0.0,0.0,1.211,4.471,4.471,3.247,3.247,0.821,0.821,146.994,146.994,0.51,8.31,0.078,0.048,6.42,138865999872,0.34685,0.34685,3114071490560,22.425,14911480604,25.163656,97251500032,97251500032,0.46632,186699005952,0.02085,0.62835,3123225034752,97294000128,109555998720,109555998720,0.31028998,0.31028998,0.1558,32.57165,46.770294,7.8009243,0.24301,0.24301,106629000000.0,134661000000.0,6.11,93736000000.0,123216000000.0,391035000000.0,364980000000.0,56950000000.0,308030000000.0,0.68,0.23809999,1.38015,0.051,26.455,26.455,14935799808,0.0067000003,100226522,105169332,0.0067000003,1.91,48497999872,48497999872,98186002432,98186002432,400366010368,3.3852585815429665,211.1470167009055,211.2433122910806,33.725327863293074,-0.09629559017508882,0.04766847841610134,-0.14396406859119015,213.41398502871533,211.71824365722654,210.02250228573774,80.82642157132682,83.22446677631926,-19.17357842867318,-22.586159297187507,69.7972343851588,2.109998940415849,52.13720040807208,9310502.85,213.47999572753906,206.58764786376952,199.6953,216.67534118733727,211.15899095296226,205.64264071858724,-0.0009012329854457546,
2025-07-11 12:30:00-04:00,2025-07-11,12:30:00,1752251400,210.6199951171875,211.2899932861328,210.4499969482422,211.1649932861328,2805663,0.0,0.0,1.211,4.471,4.471,3.247,3.247,0.821,0.821,146.994,146.994,0.51,8.31,0.078,0.048,6.42,138865999872,0.34685,0.34685,3114071490560,22.425,14911480604,25.163656,97251500032,97251500032,0.46632,186699005952,0.02085,0.62835,3123225034752,97294000128,109555998720,109555998720,0.31028998,0.31028998,0.1558,32.57165,46.770294,7.8009243,0.24301,0.24301,106629000000.0,134661000000.0,6.11,93736000000.0,123216000000.0,391035000000.0,364980000000.0,56950000000.0,308030000000.0,0.68,0.23809999,1.38015,0.051,26.455,26.455,14935799808,0.0067000003,100226522,105169332,0.0067000003,1.91,48497999872,48497999872,98186002432,98186002432,400366010368,3.3788291817801315,211.149782329402,211.2375108833067,40.09496891012966,-0.08772855390469658,0.02058907195194176,-0.10831762585663834,213.38319662465432,211.6759935961914,209.9687905677285,84.74224433410777,82.16142532342992,-15.257755665892233,-9.669726460963888,73.29448547441862,2.283105852384425,51.221664631630304,9343308.45,213.47999572753906,206.58764786376952,199.6953,216.5159356697591,211.13357591389973,205.75121615804036,0.0025161952815000443,
2025-07-11 13:30:00-04:00,2025-07-11,13:30:00,1752255000,211.15499877929688,211.65980529785156,210.97999572753906,211.40499877929688,2380669,0.0,0.0,1.211,4.471,4.471,3.247,3.247,0.821,0.821,146.994,146.994,0.51,8.31,0.078,0.048,6.42,138865999872,0.34685,0.34685,3114071490560,22.425,14911480604,25.163656,97251500032,97251500032,0.46632,186699005952,0.02085,0.62835,3123225034752,97294000128,109555998720,109555998720,0.31028998,0.31028998,0.1558,32.57165,46.770294,7.8009243,0.24301,0.24301,106629000000.0,134661000000.0,6.11,93736000000.0,123216000000.0,391035000000.0,364980000000.0,56950000000.0,308030000000.0,0.68,0.23809999,1.38015,0.051,26.455,26.455,14935799808,0.0067000003,100226522,105169332,0.0067000003,1.91,48497999872,48497999872,98186002432,98186002432,400366010368,2.4606155796595965,211.1890463986166,211.24991739412079,43.268678689225,-0.06087099550418884,0.004297058460715639,-0.06516805396490448,213.1928338042788,211.59724374877928,210.00165369327976,91.44844298809714,85.67236963117723,-8.551557011902858,18.022931689259583,74.93031186293213,4.208596878827273,34.35551275252641,9057196.9,213.4499969482422,206.57264847412108,199.6953,216.35399668457032,211.06165615478517,205.76931562500002,0.0011365780351615395,0.04574296829166787
2025-07-11 14:30:00-04:00,2025-07-11,14:30:00,1752258600,211.41000366210938,211.51699829101562,210.6199951171875,211.16000366210938,2371782,0.0,0.0,1.211,4.471,4.471,3.247,3.247,0.821,0.821,146.994,146.994,0.51,8.31,0.078,0.048,6.42,138865999872,0.34685,0.34685,3114071490560,22.425,14911480604,25.163656,97251500032,97251500032,0.46632,186699005952,0.02085,0.62835,3123225034752,97294000128,109555998720,109555998720,0.31028998,0.31028998,0.1558,32.57165,46.770294,7.8009243,0.24301,0.24301,106629000000.0,134661000000.0,6.11,93736000000.0,123216000000.0,391035000000.0,364980000000.0,56950000000.0,308030000000.0,0.68,0.23809999,1.38015,0.051,26.455,26.455,14935799808,0.0067000003,100226522,105169332,0.0067000003,1.91,48497999872,48497999872,98186002432,98186002432,400366010368,1.6164943777901775,211.1845782853078,211.24325711767548,41.93151146451263,-0.05867883236768989,-0.008298119704965468,-0.050380712662724425,213.14126965379927,211.551243840332,209.96121802686474,88.34785793138586,88.17951508453025,-11.65214206861413,6.744750582275668,76.71703095965059,6.406294504225814,53.8864496245403,8882403.9,213.4499969482422,206.57264847412108,199.6953,216.24548126302082,210.9984395003255,205.75139773763019,-0.0011588898966541361,0.045887966554955764
2025-07-11 15:30:00-04:00,2025-07-11,15:30:00,1752262200,211.1300048828125,211.39999389648438,211.029296875,211.0749969482422,4157903,0.0,0.0,1.211,4.471,4.471,3.247,3.247,0.821,0.821,146.994,146.994,0.51,8.31,0.078,0.048,6.42,138865999872,0.34685,0.34685,3114071490560,22.425,14911480604,25.163656,97251500032,97251500032,0.46632,186699005952,0.02085,0.62835,3123225034752,97294000128,109555998720,109555998720,0.31028998,0.31028998,0.1558,32.57165,46.770294,7.8009243,0.24301,0.24301,106629000000.0,134661000000.0,6.11,93736000000.0,123216000000.0,391035000000.0,364980000000.0,56950000000.0,308030000000.0,0.68,0.23809999,1.38015,0.051,26.455,26.455,14935799808,0.0067000003,100226522,105169332,0.0067000003,1.91,48497999872,48497999872,98186002432,98186002432,400366010368,1.6329655936104888,211.1677196180669,211.23079340142115,40.693267576634966,-0.06307378335424119,-0.019253252434820612,-0.04382053091942058,212.99397286241262,211.47399393188476,209.9540150013569,87.60866911514945,89.13499001154416,-12.391330884850543,16.552254761286093,78.54009675430787,6.341676204979059,53.34291377477772,8330468.8,213.4499969482422,206.57264847412108,199.6953,216.12712315958657,210.93601096232095,205.74489876505532,-0.00040257014772182576,0.04588115852689881
2025-07-11 16:00:00-04:00,2025-07-11,16:00:00,1752264000,211.16,211.18,201.0,210.43,0,0.0,0.0,1.211,4.471,4.471,3.247,3.247,0.821,0.821,146.994,146.994,0.51,8.31,0.078,0.048,6.42,138865999872,0.34685,0.34685,3114071490560,22.425,14911480604,25.163656,97251500032,97251500032,0.46632,186699005952,0.02085,0.62835,3123225034752,97294000128,109555998720,109555998720,0.31028998,0.31028998,0.1558,32.57165,46.770294,7.8009243,0.24301,0.24301,106629000000.0,134661000000.0,6.11,93736000000.0,123216000000.0,391035000000.0,364980000000.0,56950000000.0,308030000000.0,0.68,0.23809999,1.38015,0.051,26.455,26.455,14935799808,0.0067000003,100226522,105169332,0.0067000003,1.91,48497999872,48497999872,98186002432,98186002432,400366010368,2.3458227364676327,211.05422429221048,211.17147537168626,36.30040794262312,-0.1172510794757784,-0.03885281784301217,-0.07839826163276623,212.8565666669347,211.365493626709,209.8744205864833,84.72592868815606,86.89415191156378,-15.274071311843935,-193.83760481472538,81.22000077207385,4.018704172921984,67.67134413472846,7929803.0,213.4499969482422,206.57264847412108,199.6953,216.80245576049805,210.67834417358398,204.5542325866699,-0.00305577144412017,0.04619352504911935
2025-07-11 17:00:00-04:00,2025-07-11,17:00:00,1752267600,210.4232,210.98,210.41,210.59,0,0.0,0.0,1.211,4.471,4.471,3.247,3.247,0.821,0.821,146.994,146.994,0.51,8.31,0.078,0.048,6.42,138865999872,0.34685,0.34685,3114071490560,22.425,14911480604,25.163656,97251500032,97251500032,0.46632,186699005952,0.02085,0.62835,3123225034752,97294000128,109555998720,109555998720,0.31028998,0.31028998,0.1558,32.57165,46.770294,7.8009243,0.24301,0.24301,106629000000.0,134661000000.0,6.11,93736000000.0,123216000000.0,391035000000.0,364980000000.0,56950000000.0,308030000000.0,0.68,0.23809999,1.38015,0.051,26.455,26.455,14935799808,0.0067000003,100226522,105169332,0.0067000003,1.91,48497999872,48497999872,98186002432,98186002432,400366010368,2.239394165039061,210.98280517033194,211.12840312193174,46.94915001750376,-0.14559795159979672,-0.060201844594369086,-0.08539610700542763,212.68061742081548,211.26624377929687,209.85187013777826,86.16348421202719,86.16602733844422,-13.836515787972814,5.949074067757293,83.4519443114592,4.209695536030527,64.63577512985384,7696190.9,213.2301,206.46269999999998,199.6953,216.66120677775064,210.56809415323892,204.4749815287272,0.0007603478591455826,0.046188060456446314
2025-07-11 18:00:00-04:00,2025-07-11,18:00:00,1752271200,210.59,210.7,210.45,210.59,0,0.0,0.0,1.211,4.471,4.471,3.247,3.247,0.821,0.821,146.994,146.994,0.51,8.31,0.078,0.048,6.42,138865999872,0.34685,0.34685,3114071490560,22.425,14911480604,25.163656,97251500032,97251500032,0.46632,186699005952,0.02085,0.62835,3123225034752,97294000128,109555998720,109555998720,0.31028998,0.31028998,0.1558,32.57165,46.770294,7.8009243,0.24301,0.24301,106629000000.0,134661000000.0,6.11,93736000000.0,123216000000.0,391035000000.0,364980000000.0,56950000000.0,308030000000.0,0.68,0.23809999,1.38015,0.051,26.455,26.455,14935799808,0.0067000003,100226522,105169332,0.0067000003,1.91,48497999872,48497999872,98186002432,98186002432,400366010368,2.2351084507533465,210.92237360566548,211.08852140919606,48.17391149279161,-0.16614780353057768,-0.08139103638161081,-0.08475676714896686,212.50937274354044,211.17474387084962,209.8401149981588,86.16348421202719,85.68429903740348,-13.836515787972814,7.290352343393202,85.06430171115203,4.217767427258531,64.75971115843842,7686100.35,213.2301,206.46269999999998,199.6953,216.49670600463867,210.47159417358398,204.4464823425293,0.0,0.04609289040993797
2025-07-11 19:00:00-04:00,2025-07-11,19:00:00,1752274800,210.6293,210.63,210.51,210.56,0,0.0,0.0,1.211,4.471,4.471,3.247,3.247,0.821,0.821,146.994,146.994,0.51,8.31,0.078,0.048,6.42,138865999872,0.34685,0.34685,3114071490560,22.425,14911480604,25.163656,97251500032,97251500032,0.46632,186699005952,0.02085,0.62835,3123225034752,97294000128,109555998720,109555998720,0.31028998,0.31028998,0.1558,32.57165,46.770294,7.8009243,0.24301,0.24301,106629000000.0,134661000000.0,6.11,93736000000.0,123216000000.0,391035000000.0,364980000000.0,56950000000.0,308030000000.0,0.68,0.23809999,1.38015,0.051,26.455,26.455,14935799808,0.0067000003,100226522,105169332,0.0067000003,1.91,48497999872,48497999872,98186002432,98186002432,400366010368,2.192965593610491,210.86662382017846,211.04937167518153,50.2722325461453,-0.1827478550030719,-0.10166240010590302,-0.08108545489716887,212.3452175229744,211.08924387084963,209.83327021872486,85.89394255130134,86.07363699178524,-14.106057448698664,-1.0871846759720147,86.58891956893125,4.298821489696465,64.37563339729161,7676009.8,212.5,206.09765,199.6953,215.26363600463867,210.58000417358397,205.89637234252928,-0.0001424569067857151,0.04605187703200654
2025-07-14 04:00:00-04:00,2025-07-14,04:00:00,1752480000,209.84,209.84,209.33,209.45,0,0.0,0.0,1.211,4.471,4.471,3.247,3.247,0.821,0.821,146.994,146.994,0.51,8.31,0.078,0.048,6.42,138865999872,0.34685,0.34685,3114071490560,22.425,14911480604,25.163656,97251500032,97251500032,0.46632,186699005952,0.02085,0.62835,3123225034752,97294000128,109555998720,109555998720,0.31028998,0.31028998,0.1558,32.57165,46.770294,7.8009243,0.24301,0.24301,106629000000.0,134661000000.0,6.11,93736000000.0,123216000000.0,391035000000.0,364980000000.0,56950000000.0,308030000000.0,0.68,0.23809999,1.38015,0.051,26.455,26.455,14935799808,0.0067000003,100226522,105169332,0.0067000003,1.91,48497999872,48497999872,98186002432,98186002432,400366010368,2.231537022181919,210.64868169399716,210.93089969924216,37.29640683562478,-0.2822180052449994,-0.13777352113372232,-0.14444448411127708,212.2873796153997,210.9502488708496,209.61311812629953,75.9209011044451,82.6594426225912,-24.0790988955549,-103.6938607289252,87.42243471383746,4.0964829368258115,67.03994558398072,7665919.25,212.5,206.75,201.0,214.186579337972,210.6514175069173,207.11625567586262,-0.0052716565349544275,0.04853945219710991
2025-07-14 05:00:00-04:00,2025-07-14,05:00:00,1752483600,209.45,209.45,209.13,209.33,0,0.0,0.0,1.211,4.471,4.471,3.247,3.247,0.821,0.821,146.994,146.994,0.51,8.31,0.078,0.048,6.42,138865999872,0.34685,0.34685,3114071490560,22.425,14911480604,25.163656,97251500032,97251500032,0.46632,186699005952,0.02085,0.62835,3123225034752,97294000128,109555998720,109555998720,0.31028998,0.31028998,0.1558,32.57165,46.770294,7.8009243,0.24301,0.24301,106629000000.0,134661000000.0,6.11,93736000000.0,123216000000.0,391035000000.0,364980000000.0,56950000000.0,308030000000.0,0.68,0.23809999,1.38015,0.051,26.455,26.455,14935799808,0.0067000003,100226522,105169332,0.0067000003,1.91,48497999872,48497999872,98186002432,98186002432,400366010368,1.4773227364676333,210.44580758722836,210.81231453633535,37.235762223515486,-0.36650694910699144,-0.18352020672837616,-0.18298674237861529,212.1642854771746,210.80124887084963,209.43821226452468,74.84273446154195,78.88585937242946,-25.157265538458052,-103.73916794377027,86.49162079154509,6.187851245098327,56.97708904718193,7655828.7,212.5,206.75,201.0,214.05456933797203,210.50141750691733,206.94826567586264,-0.0005729291000237113,0.048347709127863576
2025-07-14 06:00:00-04:00,2025-07-14,06:00:00,1752487200,209.33,209.4,209.1,209.18,0,0.0,0.0,1.211,4.471,4.471,3.247,3.247,0.821,0.821,146.994,146.994,0.51,8.31,0.078,0.048,6.42,138865999872,0.34685,0.34685,3114071490560,22.425,14911480604,25.163656,97251500032,97251500032,0.46632,186699005952,0.02085,0.62835,3123225034752,97294000128,109555998720,109555998720,0.31028998,0.31028998,0.1558,32.57165,46.770294,7.8009243,0.24301,0.24301,106629000000.0,134661000000.0,6.11,93736000000.0,123216000000.0,391035000000.0,364980000000.0,56950000000.0,308030000000.0,0.68,0.23809999,1.38015,0.051,26.455,26.455,14935799808,0.0067000003,100226522,105169332,0.0067000003,1.91,48497999872,48497999872,98186002432,98186002432,400366010368,1.434465593610491,210.25106795842402,210.69140234845867,39.279579357494995,-0.4403343900346499,-0.2348830433896309,-0.20545134664501902,211.96839752150547,210.6402488708496,209.31210022019374,73.49502615791269,74.75288724129992,-26.50497384208731,-90.95201951045759,85.56529785379993,6.372724013027492,58.82876187293403,7645738.15,212.1300048828125,206.56500244140625,201.0,213.90590267130534,210.34275084025066,206.77959900919598,-0.0007165719199350162,0.04281820846676219
2025-07-14 07:00:00-04:00,2025-07-14,07:00:00,1752490800,209.23,209.45,209.09,209.32,0,0.0,0.0,1.211,4.471,4.471,3.247,3.247,0.821,0.821,146.994,146.994,0.51,8.31,0.078,0.048,6.42,138865999872,0.34685,0.34685,3114071490560,22.425,14911480604,25.163656,97251500032,97251500032,0.46632,186699005952,0.02085,0.62835,3123225034752,97294000128,109555998720,109555998720,0.31028998,0.31028998,0.1558,32.57165,46.770294,7.8009243,0.24301,0.24301,106629000000.0,134661000000.0,6.11,93736000000.0,123216000000.0,391035000000.0,364980000000.0,56950000000.0,308030000000.0,0.68,0.23809999,1.38015,0.051,26.455,26.455,14935799808,0.0067000003,100226522,105169332,0.0067000003,1.91,48497999872,48497999872,98186002432,98186002432,400366010368,1.2980367170061373,210.10782673405106,210.5898169893136,23.210495606595643,-0.4819902552625308,-0.2843044857642109,-0.1976857694983199,212.00192999167115,210.5587488708496,209.11556775002805,77.1084817141895,75.14874744454805,-22.891518285810513,-74.37317255268094,85.89036705136253,2.7502996169758407,65.0119012165274,7635647.6,212.1300048828125,206.56500244140625,201.0,213.65840267130534,210.26525084025064,206.87209900919595,0.0006692800458933945,0.04025927534406675
2025-07-14 08:00:00-04:00,2025-07-14,08:00:00,1752494400,209.32,211.16,209.1015,209.4648,0,0.0,0.0,1.211,4.471,4.471,3.247,3.247,0.821,0.821,146.994,146.994,0.51,8.31,0.078,0.048,6.42,138865999872,0.34685,0.34685,3114071490560,22.425,14911480604,25.163656,97251500032,97251500032,0.46632,186699005952,0.02085,0.62835,3123225034752,97294000128,109555998720,109555998720,0.31028998,0.31028998,0.1558,32.57165,46.770294,7.8009243,0.24301,0.24301,106629000000.0,134661000000.0,6.11,93736000000.0,123216000000.0,391035000000.0,364980000000.0,56950000000.0,308030000000.0,0.68,0.23809999,1.38015,0.051,26.455,26.455,14935799808,0.0067000003,100226522,105169332,0.0067000003,1.91,48497999872,48497999872,98186002432,98186002432,400366010368,1.3515011771065844,210.00889954419705,210.50648239751257,32.05452825091311,-0.4975828533155209,-0.3269601592744729,-0.17062269404104796,212.00978158073224,210.49198887084958,208.97419616096693,79.4085798331236,76.67069590174192,-20.5914201668764,-23.29142041145665,84.3485521751595,11.679069073162578,62.440074970629055,7625557.05,212.1300048828125,206.56500244140625,201.0,213.78352433797204,210.21552250691735,206.64752067586267,0.0006917638066119558,0.03888309186654742
2025-07-14 09:00:00-04:00,2025-07-14,09:00:00,1752498000,209.46,211.05,209.31,209.9,0,0.0,0.0,1.211,4.471,4.471,3.247,3.247,0.821,0.821,146.994,146.994,0.51,8.31,0.078,0.048,6.42,138865999872,0.34685,0.34685,3114071490560,22.425,14911480604,25.163656,97251500032,97251500032,0.46632,186699005952,0.02085,0.62835,3123225034752,97294000128,109555998720,109555998720,0.31028998,0.31028998,0.1558,32.57165,46.770294,7.8009243,0.24301,0.24301,106629000000.0,134661000000.0,6.11,93736000000.0,123216000000.0,391035000000.0,364980000000.0,56950000000.0,308030000000.0,0.68,0.23809999,1.38015,0.051,26.455,26.455,14935799808,0.0067000003,100226522,105169332,0.0067000003,1.91,48497999872,48497999872,98186002432,98186002432,400366010368,1.4225718645368306,209.99214576816675,210.4615577754746,40.8922682658723,-0.46941200730785226,-0.3554505288811488,-0.11396147842670346,212.00094067406172,210.46048887084962,208.9200370676375,83.49120599598345,80.00275584776551,-16.508794004016544,-7.857563775236881,82.6507768691049,11.095591016083722,59.24529960486764,7615466.5,212.1300048828125,206.56500244140625,201.0,213.86019100463866,210.18918917358397,206.51818734252927,0.0020776760582208453,0.038596162442164426
2025-07-14 09:30:00-04:00,2025-07-14,09:30:00,1752499800,209.90899658203125,210.91000366210938,207.5399932861328,208.02999877929688,11410322,0.0,0.0,1.211,4.471,4.471,3.247,3.247,0.821,0.821,146.994,146.994,0.51,8.31,0.078,0.048,6.42,138865999872,0.34685,0.34685,3114071490560,22.425,14911480604,25.163656,97251500032,97251500032,0.46632,186699005952,0.02085,0.62835,3123225034752,97294000128,109555998720,109555998720,0.31028998,0.31028998,0.1558,32.57165,46.770294,7.8009243,0.24301,0.24301,106629000000.0,134661000000.0,6.11,93736000000.0,123216000000.0,391035000000.0,364980000000.0,56950000000.0,308030000000.0,0.68,0.23809999,1.38015,0.051,26.455,26.455,14935799808,0.0067000003,100226522,105169332,0.0067000003,1.91,48497999872,48497999872,98186002432,98186002432,400366010368,1.6032871529715405,209.6902770006483,210.28144229427625,20.837290205349248,-0.5911652936279381,-0.4025934818305067,-0.18857181179743143,212.1714837215731,210.31148880981445,208.4514938980558,65.94866025098733,76.28281536003145,-34.05133974901267,-91.85987530857332,81.32229998278953,9.488595297886846,60.45305187118376,7034859.85,212.1300048828125,206.56500244140625,201.0,214.02919197102867,210.0901891023763,206.15118623372396,-0.008909010103397508,0.04573275013607925
2025-07-14 10:30:00-04:00,2025-07-14,10:30:00,1752503400,208.02999877929688,208.89169311523438,207.8249969482422,208.76499938964844,4099030,0.0,0.0,1.211,4.471,4.471,3.247,3.247,0.821,0.821,146.994,146.994,0.51,8.31,0.078,0.048,6.42,138865999872,0.34685,0.34685,3114071490560,22.425,14911480604,25.163656,97251500032,97251500032,0.46632,186699005952,0.02085,0.62835,3123225034752,97294000128,109555998720,109555998720,0.31028998,0.31028998,0.1558,32.57165,46.770294,7.8009243,0.24301,0.24301,106629000000.0,134661000000.0,6.11,93736000000.0,123216000000.0,391035000000.0,364980000000.0,56950000000.0,308030000000.0,0.68,0.23809999,1.38015,0.051,26.455,26.455,14935799808,0.0067000003,100226522,105169332,0.0067000003,1.91,48497999872,48497999872,98186002432,98186002432,400366010368,1.6309219098772323,209.547926598956,210.16911319022975,27.512784368430175,-0.6211865912737551,-0.4463121037191564,-0.17487448755459867,212.16488822667665,210.2047387792969,208.24458933191713,73.83284825939221,74.42423816878767,-26.167151740607796,-122.27829363917301,81.24115285204252,7.708173208841631,59.428719938091334,6659204.7,212.1300048828125,206.56500244140625,201.0,213.07633974527997,210.1185672599284,207.16079477457683,0.003533147212731347,0.04734621410474468
2025-07-14 11:30:00-04:00,2025-07-14,11:30:00,1752507000,208.77000427246094,209.17999267578125,208.55999755859375,208.8406982421875,3442253,0.0,0.0,1.211,4.471,4.471,3.247,3.247,0.821,0.821,146.994,146.994,0.51,8.31,0.078,0.048,6.42,138865999872,0.34685,0.34685,3114071490560,22.425,14911480604,25.163656,97251500032,97251500032,0.46632,186699005952,0.02085,0.62835,3123225034752,97294000128,109555998720,109555998720,0.31028998,0.31028998,0.1558,32.57165,46.770294,7.8009243,0.24301,0.24301,106629000000.0,134661000000.0,6.11,93736000000.0,123216000000.0,391035000000.0,364980000000.0,56950000000.0,308030000000.0,0.68,0.23809999,1.38015,0.051,26.455,26.455,14935799808,0.0067000003,100226522,105169332,0.0067000003,1.91,48497999872,48497999872,98186002432,98186002432,400366010368,1.6111356201171876,209.43912223637622,210.07071208296736,29.657729297345142,-0.6315898465911403,-0.48336765229355316,-0.1482221942975871,212.17383944291737,210.12527369140625,208.07670793989513,75.39137349722847,71.724294002536,-24.608626502771525,-84.0086650354082,80.84122949289292,9.080992912129364,58.56252404440395,6455662.2,212.1300048828125,206.56500244140625,201.0,212.95585073160805,210.02607873453775,207.09630673746744,0.0003626031794619067,0.047425675186013976
2025-07-14 12:30:00-04:00,2025-07-14,12:30:00,1752510600,208.85000610351562,209.3300018310547,208.76019287109375,209.0,2496708,0.0,0.0,1.211,4.471,4.471,3.247,3.247,0.821,0.821,146.994,146.994,0.51,8.31,0.078,0.048,6.42,138865999872,0.34685,0.34685,3114071490560,22.425,14911480604,25.163656,97251500032,97251500032,0.46632,186699005952,0.02085,0.62835,3123225034752,97294000128,109555998720,109555998720,0.31028998,0.31028998,0.1558,32.57165,46.770294,7.8009243,0.24301,0.24301,106629000000.0,134661000000.0,6.11,93736000000.0,123216000000.0,391035000000.0,364980000000.0,56950000000.0,308030000000.0,0.68,0.23809999,1.38015,0.051,26.455,26.455,14935799808,0.0067000003,100226522,105169332,0.0067000003,1.91,48497999872,48497999872,98186002432,98186002432,400366010368,1.6253579014369421,209.37156496924143,209.9914000768216,32.03465655804588,-0.6198351075801725,-0.510661143350877,-0.10917396422929548,211.9345765855645,209.9857740270996,208.0369714686347,78.58546168958738,75.93656114873602,-21.414538310412627,-64.56661064065585,80.32089185449968,9.660767698683598,58.050087558250304,5947346.45,211.7899932861328,206.3949966430664,201.0,212.67433446573892,209.91458199991862,207.15482953409833,0.0007627907737972617,0.04757771966271912
2025-07-14 13:30:00-04:00,2025-07-14,13:30:00,1752514200,209.0133056640625,209.4499969482422,208.96080017089844,209.0,2387557,0.0,0.0,1.211,4.471,4.471,3.247,3.247,0.821,0.821,146.994,146.994,0.51,8.31,0.078,0.048,6.42,138865999872,0.34685,0.34685,3114071490560,22.425,14911480604,25.163656,97251500032,97251500032,0.46632,186699005952,0.02085,0.62835,3123225034752,97294000128,109555998720,109555998720,0.31028998,0.31028998,0.1558,32.57165,46.770294,7.8009243,0.24301,0.24301,106629000000.0,134661000000.0,6.11,93736000000.0,123216000000.0,391035000000.0,364980000000.0,56950000000.0,308030000000.0,0.68,0.23809999,1.38015,0.051,26.455,26.455,14935799808,0.0067000003,100226522,105169332,0.0067000003,1.91,48497999872,48497999872,98186002432,98186002432,400366010368,0.9331576712472095,209.31440112781968,209.9179630340941,36.06238480065896,-0.6035619062744217,-0.529241295935586,-0.07432061033883575,211.84877050551265,209.8945241796875,207.94027785386234,40.33160237726438,64.76947918802674,-59.66839762273561,-50.8271169750713,75.09828255456657,17.74546103316128,24.341367349122383,5640616.1,211.65980529785156,206.32990264892578,201.0,212.49751790690104,209.81984551920573,207.14217313151042,0.0,0.047592050171774654
2025-07-14 14:30:00-04:00,2025-07-14,14:30:00,1752517800,209.0,209.4073028564453,208.87010192871094,209.1999053955078,3211653,0.0,0.0,1.211,4.471,4.471,3.247,3.247,0.821,0.821,146.994,146.994,0.51,8.31,0.078,0.048,6.42,138865999872,0.34685,0.34685,3114071490560,22.425,14911480604,25.163656,97251500032,97251500032,0.46632,186699005952,0.02085,0.62835,3123225034752,97294000128,109555998720,109555998720,0.31028998,0.31028998,0.1558,32.57165,46.770294,7.8009243,0.24301,0.24301,106629000000.0,134661000000.0,6.11,93736000000.0,123216000000.0,391035000000.0,364980000000.0,56950000000.0,308030000000.0,0.68,0.23809999,1.38015,0.051,26.455,26.455,14935799808,0.0067000003,100226522,105169332,0.0067000003,1.91,48497999872,48497999872,98186002432,98186002432,400366010368,0.930814880371094,209.2967863997717,209.864773579384,36.55590536288996,-0.5679871796123166,-0.5369904726709321,-0.030996706941384455,211.76790393659675,209.8227697241211,207.87763551164542,45.853840630084015,54.923634898978584,-54.14615936991599,-44.29621576255404,70.04614064517283,17.790125020681955,25.098629974866242,5665414.55,211.65980529785156,206.32990264892578,201.0,212.39619217244464,209.73930072957356,207.08240928670247,0.0009564851459704649,0.04771496172899245
2025-07-14 15:30:00-04:00,2025-07-14,15:30:00,1752521400,209.1699981689453,209.19000244140625,208.52000427246094,208.5399932861328,4180894,0.0,0.0,1.211,4.471,4.471,3.247,3.247,0.821,0.821,146.994,146.994,0.51,8.31,0.078,0.048,6.42,138865999872,0.34685,0.34685,3114071490560,22.425,14911480604,25.163656,97251500032,97251500032,0.46632,186699005952,0.02085,0.62835,3123225034752,97294000128,109555998720,109555998720,0.31028998,0.31028998,0.1558,32.57165,46.770294,7.8009243,0.24301,0.24301,106629000000.0,134661000000.0,6.11,93736000000.0,123216000000.0,391035000000.0,364980000000.0,56950000000.0,308030000000.0,0.68,0.23809999,1.38015,0.051,26.455,26.455,14935799808,0.0067000003,100226522,105169332,0.0067000003,1.91,48497999872,48497999872,98186002432,98186002432,400366010368,0.9615221034458707,209.1803566899811,209.76664170580986,32.41792428621994,-0.5862850158287642,-0.5468493813024986,-0.03943563452626564,211.60937317310868,209.6915197241211,207.7736662751335,27.624258158673943,37.93656705534078,-72.37574184132606,-69.79291541235445,65.34330438943479,17.221978604098823,26.89784843165833,5340885.15,211.65980529785156,206.32990264892578,201.0,212.26926625895183,209.6283843375651,206.9875024161784,-0.0031544570162562735,0.048245233750573366
2025-07-14 16:00:00-04:00,2025-07-14,16:00:00,1752523200,208.54,216.1894,196.1097,208.53,0,0.0,0.0,1.211,4.471,4.471,3.247,3.247,0.821,0.821,146.994,146.994,0.51,8.31,0.078,0.048,6.42,138865999872,0.34685,0.34685,3114071490560,22.425,14911480604,25.163656,97251500032,97251500032,0.46632,186699005952,0.02085,0.62835,3123225034752,97294000128,109555998720,109555998720,0.31028998,0.31028998,0.1558,32.57165,46.770294,7.8009243,0.24301,0.24301,106629000000.0,134661000000.0,6.11,93736000000.0,123216000000.0,391035000000.0,364980000000.0,56950000000.0,308030000000.0,0.68,0.23809999,1.38015,0.051,26.455,26.455,14935799808,0.0067000003,100226522,105169332,0.0067000003,1.91,48497999872,48497999872,98186002432,98186002432,400366010368,2.387214960588728,209.08030181459938,209.6750386164906,32.5295588791778,-0.59473680189123,-0.5564268654202449,-0.03830993647098513,211.35250656397895,209.54776978515625,207.74303300633355,61.85500779394112,45.111035527566365,-38.14499220605887,-196.9500045313568,64.43266090113174,6.936666100998743,47.96715344457913,4897322.3,216.1894,206.14955,196.1097,213.9889936385091,209.40812267415362,204.82725170979813,-4.79202381056254e-05,0.044506300018417995
2025-07-14 17:00:00-04:00,2025-07-14,17:00:00,1752526800,208.54,210.92,201.455,208.49,0,0.0,0.0,1.211,4.471,4.471,3.247,3.247,0.821,0.821,146.994,146.994,0.51,8.31,0.078,0.048,6.42,138865999872,0.34685,0.34685,3114071490560,22.425,14911480604,25.163656,97251500032,97251500032,0.46632,186699005952,0.02085,0.62835,3123225034752,97294000128,109555998720,109555998720,0.31028998,0.31028998,0.1558,32.57165,46.770294,7.8009243,0.24301,0.24301,106629000000.0,134661000000.0,6.11,93736000000.0,123216000000.0,391035000000.0,364980000000.0,56950000000.0,308030000000.0,0.68,0.23809999,1.38015,0.051,26.455,26.455,14935799808,0.0067000003,100226522,105169332,0.0067000003,1.91,48497999872,48497999872,98186002432,98186002432,400366010368,2.9754292463030123,208.98948615081486,209.58725797823206,39.8730186937191,-0.5977718274172048,-0.5646958578196369,-0.03307596959756787,211.10848504603894,209.41426960205075,207.72005415806257,61.655801630502474,50.37835586103918,-38.34419836949753,-180.01291875639117,63.326390148572,5.565352667514417,35.651775293594135,4572348.55,216.1894,206.14955,196.1097,214.6385933699544,209.20092272298174,203.76325207600908,-0.0001918189229367373,0.044498252675416766
2025-07-14 18:00:00-04:00,2025-07-14,18:00:00,1752530400,208.5,208.54,207.77,208.2,0,0.0,0.0,1.211,4.471,4.471,3.247,3.247,0.821,0.821,146.994,146.994,0.51,8.31,0.078,0.048,6.42,138865999872,0.34685,0.34685,3114071490560,22.425,14911480604,25.163656,97251500032,97251500032,0.46632,186699005952,0.02085,0.62835,3123225034752,97294000128,109555998720,109555998720,0.31028998,0.31028998,0.1558,32.57165,46.770294,7.8009243,0.24301,0.24301,106629000000.0,134661000000.0,6.11,93736000000.0,123216000000.0,391035000000.0,364980000000.0,56950000000.0,308030000000.0,0.68,0.23809999,1.38015,0.051,26.455,26.455,14935799808,0.0067000003,100226522,105169332,0.0067000003,1.91,48497999872,48497999872,98186002432,98186002432,400366010368,3.007572103445869,208.8680267429972,209.48449812799265,38.49243396329129,-0.6164713849954637,-0.5750509632548023,-0.041420421740661406,210.85580693340637,209.27051975463866,207.68523257587094,60.21155694557181,61.24078879000513,-39.788443054428186,-74.40773487605315,62.774200799844195,5.505874015103532,34.795762117460114,4455269.95,216.1894,206.14955,196.1097,214.5286188724772,209.051017927653,203.57341698282877,-0.0013909540025901501,0.04451912054951808
2025-07-14 19:00:00-04:00,2025-07-14,19:00:00,1752534000,208.2,208.2,208.0,208.0002,0,0.0,0.0,1.211,4.471,4.471,3.247,3.247,0.821,0.821,146.994,146.994,0.51,8.31,0.078,0.048,6.42,138865999872,0.34685,0.34685,3114071490560,22.425,14911480604,25.163656,97251500032,97251500032,0.46632,186699005952,0.02085,0.62835,3123225034752,97294000128,109555998720,109555998720,0.31028998,0.31028998,0.1558,32.57165,46.770294,7.8009243,0.24301,0.24301,106629000000.0,134661000000.0,6.11,93736000000.0,123216000000.0,391035000000.0,364980000000.0,56950000000.0,308030000000.0,0.68,0.23809999,1.38015,0.051,26.455,26.455,14935799808,0.0067000003,100226522,105169332,0.0067000003,1.91,48497999872,48497999872,98186002432,98186002432,400366010368,3.00042924630301,208.73451493638223,209.3745501185117,38.10592737063207,-0.6400351821294805,-0.5880478070297379,-0.051987375099742605,210.7325976631207,209.1490297546387,207.56546184615667,59.21652215919562,60.3612935784233,-40.78347784080439,-88.64148131557435,62.21534866227184,5.5189813635220695,34.807178965145624,4338191.35,216.1894,206.14955,196.1097,213.55712220581057,209.07752126098634,204.59792031616212,-0.000959654178674274,0.04383008100615528
2025-07-15 04:00:00-04:00,2025-07-15,04:00:00,1752566400,209.54,209.89,209.15,209.49,0,0.0,0.0,1.211,4.471,4.471,3.247,3.247,0.821,0.821,146.994,146.994,0.51,8.31,0.078,0.048,6.42,138865999872,0.34685,0.34685,3114071490560,22.425,14911480604,25.163656,97251500032,97251500032,0.46632,186699005952,0.02085,0.62835,3123225034752,97294000128,109555998720,109555998720,0.31028998,0.31028998,0.1558,32.57165,46.770294,7.8009243,0.24301,0.24301,106629000000.0,134661000000.0,6.11,93736000000.0,123216000000.0,391035000000.0,364980000000.0,56950000000.0,308030000000.0,0.68,0.23809999,1.38015,0.051,26.455,26.455,14935799808,0.0067000003,100226522,105169332,0.0067000003,1.91,48497999872,48497999872,98186002432,98186002432,400366010368,3.1097006748744382,208.85074340770805,209.3831019615849,51.34719342146148,-0.5323585538768612,-0.5769099563991625,0.04455140252230139,210.53704416051067,209.09402975463868,207.6510153487667,66.63595571646988,62.02134494041243,-33.36404428353011,46.04233231759538,59.75162939851516,9.092064402095652,33.584093347679755,4221112.75,216.1894,206.14955,196.1097,213.6316022058105,209.0200212609863,204.4084403161621,0.007162493112987445,0.049100358355046725
2025-07-15 05:00:00-04:00,2025-07-15,05:00:00,1752570000,209.55,209.73,209.29,209.56,0,0.0,0.0,1.211,4.471,4.471,3.247,3.247,0.821,0.821,146.994,146.994,0.51,8.31,0.078,0.048,6.42,138865999872,0.34685,0.34685,3114071490560,22.425,14911480604,25.163656,97251500032,97251500032,0.46632,186699005952,0.02085,0.62835,3123225034752,97294000128,109555998720,109555998720,0.31028998,0.31028998,0.1558,32.57165,46.770294,7.8009243,0.24301,0.24301,106629000000.0,134661000000.0,6.11,93736000000.0,123216000000.0,391035000000.0,364980000000.0,56950000000.0,308030000000.0,0.68,0.23809999,1.38015,0.051,26.455,26.455,14935799808,0.0067000003,100226522,105169332,0.0067000003,1.91,48497999872,48497999872,98186002432,98186002432,400366010368,2.9940935320172946,208.95985980652222,209.39620551998604,50.763479597298335,-0.43634571346382245,-0.5487971078120946,0.11245139434827212,210.32537499110475,209.04252975463865,207.75968451817255,66.98456650248758,64.27901479271769,-33.01543349751243,55.875787933945254,60.09869505039955,5.363664468455279,34.88083342471969,4104034.15,216.1894,206.14955,196.1097,213.59793553914386,208.96735459431966,204.33677364949546,0.00033414482791527256,0.04874944459770055
2025-07-15 06:00:00-04:00,2025-07-15,06:00:00,1752573600,209.57,209.88,209.45,209.75,0,0.0,0.0,1.211,4.471,4.471,3.247,3.247,0.821,0.821,146.994,146.994,0.51,8.31,0.078,0.048,6.42,138865999872,0.34685,0.34685,3114071490560,22.425,14911480604,25.163656,97251500032,97251500032,0.46632,186699005952,0.02085,0.62835,3123225034752,97294000128,109555998720,109555998720,0.31028998,0.31028998,0.1558,32.57165,46.770294,7.8009243,0.24301,0.24301,106629000000.0,134661000000.0,6.11,93736000000.0,123216000000.0,391035000000.0,364980000000.0,56950000000.0,308030000000.0,0.68,0.23809999,1.38015,0.051,26.455,26.455,14935799808,0.0067000003,100226522,105169332,0.0067000003,1.91,48497999872,48497999872,98186002432,98186002432,400366010368,2.9005221034458657,209.08141983628803,209.42241251850558,48.747790524887925,-0.3409926822175464,-0.5072362226931849,0.1662435404756385,210.12424839652647,209.00202975463867,207.87981111275087,67.93079577882138,67.18377266592627,-32.06920422117863,81.13557181056696,60.33904464591171,5.906088991354333,36.00609615222504,3986955.55,216.1894,206.14955,196.1097,213.58526887247723,208.92368792765302,204.2621069828288,0.0009066615766366581,0.04470854068528785
2025-07-15 07:00:00-04:00,2025-07-15,07:00:00,1752577200,209.68,209.68,209.05,209.28,0,0.0,0.0,1.211,4.471,4.471,3.247,3.247,0.821,0.821,146.994,146.994,0.51,8.31,0.078,0.048,6.42,138865999872,0.34685,0.34685,3114071490560,22.425,14911480604,25.163656,97251500032,97251500032,0.46632,186699005952,0.02085,0.62835,3123225034752,97294000128,109555998720,109555998720,0.31028998,0.31028998,0.1558,32.57165,46.770294,7.8009243,0.24301,0.24301,106629000000.0,134661000000.0,6.11,93736000000.0,123216000000.0,391035000000.0,364980000000.0,56950000000.0,308030000000.0,0.68,0.23809999,1.38015,0.051,26.455,26.455,14935799808,0.0067000003,100226522,105169332,0.0067000003,1.91,48497999872,48497999872,98186002432,98186002432,400366010368,2.7098070765903963,209.11197063070526,209.41186344306072,63.618315565385466,-0.2998928123554663,-0.4657675406256412,0.1658747282701749,210.10397535960325,208.99352975463867,207.8830841496741,65.59012335841669,66.83516187990854,-34.40987664158331,45.188925402597754,60.087792721840664,6.321756929609995,34.928949859231714,3869876.95,216.1894,206.14955,196.1097,213.52210220581054,208.91352126098633,204.30494031616212,-0.0022407628128724433,0.043282281519445236
2025-07-15 08:00:00-04:00,2025-07-15,08:00:00,1752580800,209.3,209.88,208.099,209.099,0,0.0,0.0,1.211,4.471,4.471,3.247,3.247,0.821,0.821,146.994,146.994,0.51,8.31,0.078,0.048,6.42,138865999872,0.34685,0.34685,3114071490560,22.425,14911480604,25.163656,97251500032,97251500032,0.46632,186699005952,0.02085,0.62835,3123225034752,97294000128,109555998720,109555998720,0.31028998,0.31028998,0.1558,32.57165,46.770294,7.8009243,0.24301,0.24301,106629000000.0,134661000000.0,6.11,93736000000.0,123216000000.0,391035000000.0,364980000000.0,56950000000.0,308030000000.0,0.68,0.23809999,1.38015,0.051,26.455,26.455,14935799808,0.0067000003,100226522,105169332,0.0067000003,1.91,48497999872,48497999872,98186002432,98186002432,400366010368,2.7608287789480976,209.10997514905827,209.3886883732044,54.138371248076396,-0.27871322414611654,-0.42835667732973626,0.1496434531836197,210.08245032806792,208.98197975463867,207.88150918120942,64.68871546885653,66.06987820203153,-35.31128453114347,13.736901794047764,59.66408071614502,6.204927228724601,36.743884091184206,3752798.35,216.1894,206.14955,196.1097,213.65433553914386,208.89965459431966,204.14497364949545,-0.0008648700305811108,0.04327759356797609
2025-07-15 09:00:00-04:00,2025-07-15,09:00:00,1752584400,209.14,210.07,209.0,209.27,0,0.0,0.0,1.211,4.471,4.471,3.247,3.247,0.821,0.821,146.994,146.994,0.51,8.31,0.078,0.048,6.42,138865999872,0.34685,0.34685,3114071490560,22.425,14911480604,25.163656,97251500032,97251500032,0.46632,186699005952,0.02085,0.62835,3123225034752,97294000128,109555998720,109555998720,0.31028998,0.31028998,0.1558,32.57165,46.770294,7.8009243,0.24301,0.24301,106629000000.0,134661000000.0,6.11,93736000000.0,123216000000.0,391035000000.0,364980000000.0,56950000000.0,308030000000.0,0.68,0.23809999,1.38015,0.051,26.455,26.455,14935799808,0.0067000003,100226522,105169332,0.0067000003,1.91,48497999872,48497999872,98186002432,98186002432,400366010368,2.7929719848632755,209.13459435689546,209.3798966418559,55.19646129738925,-0.24530228496044515,-0.39174579885587807,0.14644351389543292,210.09108801464356,208.98647975463865,207.88187149463374,65.54032181755706,65.27305354827676,-34.45967818244294,57.45334913613765,59.59081459840518,5.882121995918908,36.32101331451074,3635719.75,216.1894,206.14955,196.1097,213.74233553914385,208.91065459431965,204.07897364949545,0.0008177944418672478,0.04261238995657284
2025-07-15 09:30:00-04:00,2025-07-15,09:30:00,1752586200,209.14999389648438,211.1300048828125,208.9199981689453,210.1699981689453,9804649,0.0,0.0,1.211,4.471,4.471,3.247,3.247,0.821,0.821,146.994,146.994,0.51,8.31,0.078,0.048,6.42,138865999872,0.34685,0.34685,3114071490560,22.425,14911480604,25.163656,97251500032,97251500032,0.46632,186699005952,0.02085,0.62835,3123225034752,97294000128,109555998720,109555998720,0.31028998,0.31028998,0.1558,32.57165,46.770294,7.8009243,0.24301,0.24301,106629000000.0,134661000000.0,6.11,93736000000.0,123216000000.0,391035000000.0,364980000000.0,56950000000.0,308030000000.0,0.68,0.23809999,1.38015,0.051,26.455,26.455,14935799808,0.0067000003,100226522,105169332,0.0067000003,1.91,48497999872,48497999872,98186002432,98186002432,400366010368,2.9101289672851505,209.29388725105696,209.43842268089955,62.00882720545282,-0.14453542984259116,-0.3423037250532207,0.19776829521062955,210.2471847643821,209.02897966308592,207.81077456178974,70.0224513759932,66.75049622080225,-29.9775486240068,114.6093624990928,58.99541798494492,7.878884986310923,34.858789349088845,4008873.6,216.1894,206.14955,196.1097,213.96666956420898,208.94998794799804,203.9333063317871,0.0043006554639715144,0.04448303537518676
2025-07-15 10:30:00-04:00,2025-07-15,10:30:00,1752589800,210.13999938964844,211.42999267578125,209.19769287109375,211.42999267578125,5300718,0.0,0.0,1.211,4.471,4.471,3.247,3.247,0.821,0.821,146.994,146.994,0.51,8.31,0.078,0.048,6.42,138865999872,0.34685,0.34685,3114071490560,22.425,14911480604,25.163656,97251500032,97251500032,0.46632,186699005952,0.02085,0.62835,3123225034752,97294000128,109555998720,109555998720,0.31028998,0.31028998,0.1558,32.57165,46.770294,7.8009243,0.24301,0.24301,106629000000.0,134661000000.0,6.11,93736000000.0,123216000000.0,391035000000.0,364980000000.0,56950000000.0,308030000000.0,0.68,0.23809999,1.38015,0.051,26.455,26.455,14935799808,0.0067000003,100226522,105169332,0.0067000003,1.91,48497999872,48497999872,98186002432,98186002432,400366010368,3.0346363263811327,209.62251885486072,209.58594638422412,69.81595803424356,0.03657247063659952,-0.2665284859152567,0.3031009565518562,210.74496593016931,209.127239296875,207.50951266358067,76.2974181675087,70.62006378701965,-23.7025818324913,165.27877920615973,62.26598240906195,7.979286739545999,33.42857652081431,4647063.35,216.1894,206.14955,196.1097,214.0229058483887,208.988844251709,203.9547826550293,0.005995120701400403,0.04783692867836796
2025-07-15 11:30:00-04:00,2025-07-15,11:30:00,1752593400,211.42999267578125,211.88999938964844,210.36000061035156,210.67999267578125,4617922,0.0,0.0,1.211,4.471,4.471,3.247,3.247,0.821,0.821,146.994,146.994,0.51,8.31,0.078,0.048,6.42,138865999872,0.34685,0.34685,3114071490560,22.425,14911480604,25.163656,97251500032,97251500032,0.46632,186699005952,0.02085,0.62835,3123225034752,97294000128,109555998720,109555998720,0.31028998,0.31028998,0.1558,32.57165,46.770294,7.8009243,0.24301,0.24301,106629000000.0,134661000000.0,6.11,93736000000.0,123216000000.0,391035000000.0,364980000000.0,56950000000.0,308030000000.0,0.68,0.23809999,1.38015,0.051,26.455,26.455,14935799808,0.0067000003,100226522,105169332,0.0067000003,1.91,48497999872,48497999872,98186002432,98186002432,400366010368,3.105550458635597,209.78520713500234,209.66698685026537,61.076013675986005,0.11822028473696378,-0.1895787317848126,0.3077990165217764,210.89612496025515,209.16623893066406,207.43635290107298,72.56230260303313,72.96072404884501,-27.437697396966865,179.64217050539006,65.12953181360525,8.85511151940129,32.45663833345181,5054357.0,216.1894,206.14955,196.1097,214.04640560424806,209.0333441296387,204.02028265502932,-0.003547273452116584,0.04894905653699022
2025-07-15 12:30:00-04:00,2025-07-15,12:30:00,1752597000,210.69500732421875,211.07000732421875,210.3800048828125,210.67269897460938,2111068,0.0,0.0,1.211,4.471,4.471,3.247,3.247,0.821,0.821,146.994,146.994,0.51,8.31,0.078,0.048,6.42,138865999872,0.34685,0.34685,3114071490560,22.425,14911480604,25.163656,97251500032,97251500032,0.46632,186699005952,0.02085,0.62835,3123225034752,97294000128,109555998720,109555998720,0.31028998,0.31028998,0.1558,32.57165,46.770294,7.8009243,0.24301,0.24301,106629000000.0,134661000000.0,6.11,93736000000.0,123216000000.0,391035000000.0,364980000000.0,56950000000.0,308030000000.0,0.68,0.23809999,1.38015,0.051,26.455,26.455,14935799808,0.0067000003,100226522,105169332,0.0067000003,1.91,48497999872,48497999872,98186002432,98186002432,400366010368,3.1062719813755524,209.92174434109572,209.74148404466123,67.6874129826711,0.18026029643448283,-0.11561092614095353,0.29587122257543635,211.0661313019854,209.2983739404297,207.53061657887403,72.5259788473402,73.79523320596067,-27.474021152659805,134.17152216956802,67.58290320975459,8.853054660129342,31.64405148902964,5926613.35,216.1894,206.14955,196.1097,213.87245006835937,209.12738938720705,204.38232870605472,-3.461980931007691e-05,0.04811727185409297
2025-07-15 13:30:00-04:00,2025-07-15,13:30:00,1752600600,210.68499755859375,211.6699981689453,210.66000366210938,211.375,2756121,0.0,0.0,1.211,4.471,4.471,3.247,3.247,0.821,0.821,146.994,146.994,0.51,8.31,0.078,0.048,6.42,138865999872,0.34685,0.34685,3114071490560,22.425,14911480604,25.163656,97251500032,97251500032,0.46632,186699005952,0.02085,0.62835,3123225034752,97294000128,109555998720,109555998720,0.31028998,0.31028998,0.1558,32.57165,46.770294,7.8009243,0.24301,0.24301,106629000000.0,134661000000.0,6.11,93736000000.0,123216000000.0,391035000000.0,364980000000.0,56950000000.0,308030000000.0,0.68,0.23809999,1.38015,0.051,26.455,26.455,14935799808,0.0067000003,100226522,105169332,0.0067000003,1.91,48497999872,48497999872,98186002432,98186002432,400366010368,1.744150160435262,210.1453221347733,209.86248522653818,71.16441507796608,0.28283690823511165,-0.03592135926574049,0.3187582675008521,211.40402865615692,209.42887397094728,207.45371928573763,95.06469171278228,80.0509910543852,-4.9353082872177225,153.6972451335362,66.06077275099597,18.224144487260073,5.53278050187593,6731724.25,216.1894,206.14955,196.1097,214.00383510864256,209.26444459350586,204.52505407836915,0.0033336119431177647,0.049020209008908765
2025-07-15 14:30:00-04:00,2025-07-15,14:30:00,1752604200,211.38890075683594,211.47999572753906,209.9600067138672,210.17999267578125,3943223,0.0,0.0,1.211,4.471,4.471,3.247,3.247,0.821,0.821,146.994,146.994,0.51,8.31,0.078,0.048,6.42,138865999872,0.34685,0.34685,3114071490560,22.425,14911480604,25.163656,97251500032,97251500032,0.46632,186699005952,0.02085,0.62835,3123225034752,97294000128,109555998720,109555998720,0.31028998,0.31028998,0.1558,32.57165,46.770294,7.8009243,0.24301,0.24301,106629000000.0,134661000000.0,6.11,93736000000.0,123216000000.0,391035000000.0,364980000000.0,56950000000.0,308030000000.0,0.68,0.23809999,1.38015,0.051,26.455,26.455,14935799808,0.0067000003,100226522,105169332,0.0067000003,1.91,48497999872,48497999872,98186002432,98186002432,400366010368,1.1766493756975405,210.15065606415914,209.88600429685246,60.72848459473539,0.26465176730667395,0.024193266048742394,0.24045850125793156,211.47783206914985,209.49583869262696,207.51384531610407,58.494976524423514,75.36188236151533,-41.50502347557648,89.1476874269001,63.48270367298323,27.013692598448806,12.450589363586,7167561.35,216.1894,206.14955,196.1097,214.17782294230142,209.34843303751626,204.5190431327311,-0.005653494141779958,0.051808312752920506
2025-07-15 15:30:00-04:00,2025-07-15,15:30:00,1752607800,210.2030029296875,210.2899932861328,208.99000549316406,209.00999450683594,3872873,0.0,0.0,1.211,4.471,4.471,3.247,3.247,0.821,0.821,146.994,146.994,0.51,8.31,0.078,0.048,6.42,138865999872,0.34685,0.34685,3114071490560,22.425,14911480604,25.163656,97251500032,97251500032,0.46632,186699005952,0.02085,0.62835,3123225034752,97294000128,109555998720,109555998720,0.31028998,0.31028998,0.1558,32.57165,46.770294,7.8009243,0.24301,0.24301,106629000000.0,134661000000.0,6.11,93736000000.0,123216000000.0,391035000000.0,364980000000.0,56950000000.0,308030000000.0,0.68,0.23809999,1.38015,0.051,26.455,26.455,14935799808,0.0067000003,100226522,105169332,0.0067000003,1.91,48497999872,48497999872,98186002432,98186002432,400366010368,1.214505646623881,209.97516967072482,209.82111468277716,54.6252664628454,0.15405498794766004,0.05016561042852592,0.10388937751913412,211.4778103777959,209.49633841796876,207.51486645814163,25.96387314413478,59.84118046044686,-74.03612685586522,4.678924454026935,59.65774247197674,26.171672910380234,17.767359426935634,7284919.4,216.1894,206.14955,196.1097,214.2708374686686,209.36842968058266,204.46602189249674,-0.005566648633155702,0.05421287785899985
2025-07-15 16:00:00-04:00,2025-07-15,16:00:00,1752609600,209.11,221.0936,197.2914,208.88,0,0.0,0.0,1.211,4.471,4.471,3.247,3.247,0.821,0.821,146.994,146.994,0.51,8.31,0.078,0.048,6.42,138865999872,0.34685,0.34685,3114071490560,22.425,14911480604,25.163656,97251500032,97251500032,0.46632,186699005952,0.02085,0.62835,3123225034752,97294000128,109555998720,109555998720,0.31028998,0.31028998,0.1558,32.57165,46.770294,7.8009243,0.24301,0.24301,106629000000.0,134661000000.0,6.11,93736000000.0,123216000000.0,391035000000.0,364980000000.0,56950000000.0,308030000000.0,0.68,0.23809999,1.38015,0.051,26.455,26.455,14935799808,0.0067000003,100226522,105169332,0.0067000003,1.91,48497999872,48497999872,98186002432,98186002432,400366010368,2.9003770751953106,209.80668202907486,209.7514024840529,55.064245694145534,0.05527954502196053,0.051188397347212845,0.004091147674747685,211.47885275767712,209.49033841796873,207.50182407826034,48.68709615077592,44.381981939778065,-51.31290384922408,-21.037418793589314,58.296608725982516,10.959142107103306,36.250467932982104,7402277.45,221.0936,208.60165,196.1097,216.59970783894855,209.365999728597,202.13229161824543,-0.0006219535441004398,0.05209693122456411
2025-07-15 17:00:00-04:00,2025-07-15,17:00:00,1752613200,208.91,209.11,208.86,208.95,0,0.0,0.0,1.211,4.471,4.471,3.247,3.247,0.821,0.821,146.994,146.994,0.51,8.31,0.078,0.048,6.42,138865999872,0.34685,0.34685,3114071490560,22.425,14911480604,25.163656,97251500032,97251500032,0.46632,186699005952,0.02085,0.62835,3123225034752,97294000128,109555998720,109555998720,0.31028998,0.31028998,0.1558,32.57165,46.770294,7.8009243,0.24301,0.24301,106629000000.0,134661000000.0,6.11,93736000000.0,123216000000.0,391035000000.0,364980000000.0,56950000000.0,308030000000.0,0.68,0.23809999,1.38015,0.051,26.455,26.455,14935799808,0.0067000003,100226522,105169332,0.0067000003,1.91,48497999872,48497999872,98186002432,98186002432,400366010368,2.7832485037667403,209.67488479383258,209.69203933708604,46.28436313980171,-0.017154543253468546,0.03751980922707657,-0.05467435248054511,211.47715306631827,209.47784314819336,207.47853323006845,48.98118661300207,41.21071863597092,-51.01881338699793,-28.71324771878337,59.08446616862989,7.083167720432096,37.77601102295811,7359052.85,221.0936,208.60165,196.1097,216.561699243164,209.3567112255859,202.1517232080078,0.00033512064343166337,0.05208959777710886
2025-07-15 18:00:00-04:00,2025-07-15,18:00:00,1752616800,208.92,209.05,208.74,208.8237,0,0.0,0.0,1.211,4.471,4.471,3.247,3.247,0.821,0.821,146.994,146.994,0.51,8.31,0.078,0.048,6.42,138865999872,0.34685,0.34685,3114071490560,22.425,14911480604,25.163656,97251500032,97251500032,0.46632,186699005952,0.02085,0.62835,3123225034752,97294000128,109555998720,109555998720,0.31028998,0.31028998,0.1558,32.57165,46.770294,7.8009243,0.24301,0.24301,106629000000.0,134661000000.0,6.11,93736000000.0,123216000000.0,391035000000.0,364980000000.0,56950000000.0,308030000000.0,0.68,0.23809999,1.38015,0.051,26.455,26.455,14935799808,0.0067000003,100226522,105169332,0.0067000003,1.91,48497999872,48497999872,98186002432,98186002432,400366010368,2.7739627894810264,209.5439332870891,209.6277179047093,44.972611488165576,-0.08378461762021061,0.013258923857619134,-0.09704354147782975,211.46720107466518,209.4920284838867,207.51685589310824,48.45056339329975,48.706282052359256,-51.54943660670025,-37.09191105501451,58.74811928058062,7.106878302253573,38.21146030401427,7524872.95,221.0936,208.60165,196.1097,216.53077079752603,209.3627728922526,202.19477498697916,-0.0006044508255562686,0.05207824263458637
2025-07-15 19:00:00-04:00,2025-07-15,19:00:00,1752620400,208.8499,209.0,208.72,208.92,0,0.0,0.0,1.211,4.471,4.471,3.247,3.247,0.821,0.821,146.994,146.994,0.51,8.31,0.078,0.048,6.42,138865999872,0.34685,0.34685,3114071490560,22.425,14911480604,25.163656,97251500032,97251500032,0.46632,186699005952,0.02085,0.62835,3123225034752,97294000128,109555998720,109555998720,0.31028998,0.31028998,0.1558,32.57165,46.770294,7.8009243,0.24301,0.24301,106629000000.0,134661000000.0,6.11,93736000000.0,123216000000.0,391035000000.0,364980000000.0,56950000000.0,308030000000.0,0.68,0.23809999,1.38015,0.051,26.455,26.455,14935799808,0.0067000003,100226522,105169332,0.0067000003,1.91,48497999872,48497999872,98186002432,98186002432,400366010368,2.7632485037667402,209.44794355061384,209.5752943562123,44.25938246025464,-0.1273508055984678,-0.014863022033598251,-0.11248778356486953,211.45414310333462,209.51152848388674,207.56891386443885,48.85514784347656,48.76229928325946,-51.144852156523434,-49.46500610572592,58.62688947766867,6.746692294587277,38.41132131736927,7690693.05,221.0936,209.1925,197.2914,214.64764913085938,209.45962122558595,204.27159332031252,0.0004611545528596661,0.05205669666991193
