,datetime,date,time,timestamp,open,high,low,close,volume,Dividends,Stock Splits,average_volume,day_high,day_low,fifty_day_average,fifty_two_week_high,fifty_two_week_low,two_hundred_day_average,atr,ema_short,ema_long,rsi,macd,macd_signal,macd_histogram,bb_upper,bb_middle,bb_lower,stoch_k,stoch_d,williams_r,cci,adx,plus_di,minus_di,obv,donchian_upper,donchian_middle,donchian_lower,keltner_upper,keltner_middle,keltner_lower,returns,volatility
0,2025-01-23 00:00:00-06:00,2025-01-23,00:00:00,1737612000,4.2129998207092285,4.2129998207092285,4.210000038146973,4.2129998207092285,0,0.0,0.0,0,4.23,4.218,5.23192,5.348,4.218,5.254455,,4.2129998207092285,4.2129998207092285,,0.0,0.0,0.0,,,,,,,,,,,,,,,,,,,
1,2025-01-24 00:00:00-06:00,2025-01-24,00:00:00,1737698400,4.208000183105469,4.208000183105469,4.203000068664551,4.204999923706055,0,0.0,0.0,0,4.23,4.218,5.23192,5.348,4.218,5.254455,,4.211545293981379,4.212237925756545,,-0.0006381684219052275,-0.0001276336843810455,-0.000510534737524182,,,,,,,,,,,,,,,,,,-0.0018988600388374355,
2,2025-01-27 00:00:00-06:00,2025-01-27,00:00:00,1737957600,4.197000026702881,4.199999809265137,4.184999942779541,4.188000202178955,0,0.0,0.0,0,4.23,4.218,5.23192,5.348,4.218,5.254455,,4.2072643681991195,4.2099295711301075,,-0.0024869884934020092,-0.0005995046461852383,-0.0018874838472167708,,,,,,,,,,,,,,,,,,-0.0040427400322321505,
3,2025-01-28 00:00:00-06:00,2025-01-28,00:00:00,1738044000,4.192999839782715,4.192999839782715,4.188000202178955,4.190000057220459,0,0.0,0.0,0,4.23,4.218,5.23192,5.348,4.218,5.254455,,4.2041254025666355,4.208031522186332,,-0.003747619902307875,-0.0012291276974097656,-0.0025184922048981095,,,,,,,,,,,,,,,,,,0.00047752028294167914,
4,2025-01-29 00:00:00-06:00,2025-01-29,00:00:00,1738130400,4.184999942779541,4.190000057220459,4.172999858856201,4.188000202178955,0,0.0,0.0,0,4.23,4.218,5.23192,5.348,4.218,5.254455,,4.201193547950693,4.206123777423724,,-0.004852118759862911,-0.0019537259099003945,-0.0028983928499625167,,,,,,,,,,,,,,,,,,-0.0004772923661559014,
5,2025-01-30 00:00:00-06:00,2025-01-30,00:00:00,1738216800,4.182000160217285,4.184999942779541,4.179999828338623,4.182000160217285,0,0.0,0.0,0,4.23,4.218,5.23192,5.348,4.218,5.254455,,4.197703841090073,4.20382629007073,,-0.0061408078929545695,-0.0027911423065112295,-0.00334966558644334,,,,,,,,,,,,,,,,,,-0.0014326747067844314,
6,2025-01-31 00:00:00-06:00,2025-01-31,00:00:00,1738303200,4.184999942779541,4.188000202178955,4.182000160217285,4.188000202178955,0,0.0,0.0,0,4.23,4.218,5.23192,5.348,4.218,5.254455,,4.195939543106233,4.202319043604847,,-0.006601848078429562,-0.003553283460894896,-0.003048564617534666,,,,,,,,,,,,,,,,,,0.0014347302084651847,
7,2025-02-03 00:00:00-06:00,2025-02-03,00:00:00,1738562400,4.188000202178955,4.190000057220459,4.188000202178955,4.190000057220459,0,0.0,0.0,0,4.23,4.218,5.23192,5.348,4.218,5.254455,,4.194859636581547,4.201145806806334,,-0.00672829456711721,-0.004188285682139359,-0.0025400088849778513,,,,,,,,,,,,,,,,,,0.00047752028294167914,
8,2025-02-04 00:00:00-06:00,2025-02-04,00:00:00,1738648800,4.2129998207092285,4.215000152587891,4.210000038146973,4.2129998207092285,0,0.0,0.0,0,4.23,4.218,5.23192,5.348,4.218,5.254455,,4.198157851877489,4.202274760511372,,-0.004915947639582363,-0.00433381807362796,-0.0005821295659544029,,,,,,,,,,,,,,,,,,0.005489203621640737,
9,2025-02-05 00:00:00-06:00,2025-02-05,00:00:00,1738735200,4.210000038146973,4.2129998207092285,4.210000038146973,4.210000038146973,0,0.0,0.0,0,4.23,4.218,5.23192,5.348,4.218,5.254455,,4.200310976653758,4.203010501238572,,-0.0036792944091343927,-0.004202913340729247,0.0005236189315948542,,,,,,,,,,,,,,,,,,-0.0007120300711882521,
10,2025-02-06 00:00:00-06:00,2025-02-06,00:00:00,1738821600,4.210000038146973,4.2129998207092285,4.208000183105469,4.2129998207092285,0,0.0,0.0,0,4.23,4.218,5.23192,5.348,4.218,5.254455,,4.202618039209298,4.203961864997683,,-0.002429178375650487,-0.0038481663477134952,0.0014189879720630082,,,,,,,,,,,,,,,,,,0.0007125374192575862,
11,2025-02-07 00:00:00-06:00,2025-02-07,00:00:00,1738908000,4.208000183105469,4.228000164031982,4.204999923706055,4.228000164031982,0,0.0,0.0,0,4.23,4.218,5.23192,5.348,4.218,5.254455,,4.207232970995241,4.2062512268104735,,-0.00022545120827732745,-0.0031236233198262617,0.0028981721115489342,,,,,,,,,,,,,,,,,,0.003560489902947328,
12,2025-02-10 00:00:00-06:00,2025-02-10,00:00:00,1739167200,4.224999904632568,4.228000164031982,4.2230000495910645,4.228000164031982,0,0.0,0.0,0,4.23,4.218,5.23192,5.348,4.218,5.254455,,4.211008824274648,4.208322554164903,,0.0015036849052858514,-0.0021981616748038392,0.0037018465800896906,,,,,,,,,,,,,,,,,,0.0,
13,2025-02-11 00:00:00-06:00,2025-02-11,00:00:00,1739253600,4.224999904632568,4.224999904632568,4.2230000495910645,4.224999904632568,0,0.0,0.0,0,4.23,4.218,5.23192,5.348,4.218,5.254455,0.009785686220441545,4.213552657066997,4.209910873257062,56.666772631422795,0.0026019482341324007,-0.0012381396930165912,0.003840087927148992,,,,94.54501317797198,,-5.454986822028021,,,32.8472132790828,30.657236633728846,,,,,,,,-0.000709616670533153,
14,2025-02-12 00:00:00-06:00,2025-02-12,00:00:00,1739340000,4.224999904632568,4.235000133514404,4.215000152587891,4.228000164031982,0,0.0,0.0,0,4.23,4.218,5.23192,5.348,4.218,5.254455,0.010999986103602819,4.216179476515176,4.211633662854673,58.06474768501902,0.0036720960565821414,-0.0002560925430968447,0.003928188599678986,,,,88.70977665661725,,-11.29022334338276,,,35.714838633766924,27.272952461752347,,,,,,,,0.0007101205839377123,
15,2025-02-13 00:00:00-06:00,2025-02-13,00:00:00,1739426400,4.2179999351501465,4.21999979019165,4.2129998207092285,4.2129998207092285,0,0.0,0.0,0,4.23,4.218,5.23192,5.348,4.218,5.254455,0.011357171194893973,4.215601357277731,4.211763773126536,53.999952316238705,0.003272075127552121,0.00044954099103294853,0.0028225341365191725,,,,64.51578170183966,82.59019051214297,-35.48421829816034,,,34.591600489431634,23.27079484657278,,,,,,,,-0.0035478577911050024,
16,2025-02-14 00:00:00-06:00,2025-02-14,00:00:00,1739512800,4.210000038146973,4.2129998207092285,4.203000068664551,4.2129998207092285,0,0.0,0.0,0,4.23,4.218,5.23192,5.348,4.218,5.254455,0.010642869131905692,4.215128350628913,4.211881491943935,65.05997793914881,0.00292137981133056,0.0009439087550924709,0.001977471056238089,,,,64.51578170183966,72.58044668676553,-35.48421829816034,,,36.91323493644311,19.463254777966945,,,,,,,,0.0,
17,2025-02-18 00:00:00-06:00,2025-02-18,00:00:00,1739858400,4.2129998207092285,4.2179999351501465,4.204999923706055,4.2129998207092285,0,0.0,0.0,0,4.23,4.218,5.23192,5.348,4.218,5.254455,0.011214324406215124,4.21474134518897,4.211987999445392,64.19732736798728,0.0026133264460703742,0.0012777922932880516,0.0013355341527823226,,,,64.51578170183966,64.51578170183966,-35.48421829816034,,,38.216999641614066,18.47145364976583,,,,,,,,0.0,
18,2025-02-19 00:00:00-06:00,2025-02-19,00:00:00,1739944800,4.21999979019165,4.2230000495910645,4.2179999351501465,4.2179999351501465,0,0.0,0.0,0,4.23,4.218,5.23192,5.348,4.218,5.254455,0.010714326586042131,4.215333816091002,4.212560564750606,67.85685902748605,0.002741062124459681,0.0015704462595223776,0.0011706158649373035,,,,69.09071993341657,66.0407611123653,-30.909280066583438,,,43.33384195769517,9.33325703967906,,,,,,,,0.0011868299676491834,
19,2025-02-20 00:00:00-06:00,2025-02-20,00:00:00,1740031200,4.210000038146973,4.210000038146973,4.203000068664551,4.204999923706055,0,0.0,0.0,0,4.23,4.218,5.23192,5.348,4.218,5.254455,0.011214290346418108,4.213454926566466,4.2118405036987445,62.63715534316345,0.0017728648100003852,0.0016109299696179793,0.0001619348403824059,4.237570761552131,4.207550001144409,4.177529240736687,43.39580203150726,59.00076788892115,-56.60419796849274,-4.078587666690687,,41.40190066605315,18.47120603305057,0.0,4.235000133514404,4.203999996185303,4.172999858856201,4.228733317057292,4.206733338038126,4.184733359018961,-0.003082032158359671,
20,2025-02-21 00:00:00-06:00,2025-02-21,00:00:00,1740117600,4.199999809265137,4.203000068664551,4.197000026702881,4.197000026702881,0,0.0,0.0,0,4.23,4.218,5.23192,5.348,4.218,5.254455,0.01135713713509696,4.210463126591268,4.210427124937234,54.83859390061322,0.00035593365101149743,0.001359930705896683,-0.0010039970548851856,4.237011052997253,4.206750011444091,4.17648896989093,19.148590791956657,43.878370918960165,-80.85140920804335,-38.78616753789817,,38.99420297678491,22.012493739634785,0.0,4.235000133514404,4.203999996185303,4.172999858856201,4.228583335876465,4.206083345413208,4.183583354949951,-0.0019024725679717136,
21,2025-02-24 00:00:00-06:00,2025-02-24,00:00:00,1740376800,4.199999809265137,4.203000068664551,4.190000057220459,4.190000057220459,0,0.0,0.0,0,4.23,4.218,5.23192,5.348,4.218,5.254455,0.012142862592424666,4.206742568523848,4.208481689916589,50.0,-0.0013166559468063,0.0008246133753560864,-0.0021412693221623865,4.237173451073679,4.206000018119812,4.1748265851659445,0.0,20.84813094115464,-100.0,-58.21195516132991,,35.294629133054336,24.70576355619383,0.0,4.235000133514404,4.203999996185303,4.172999858856201,4.228333361943562,4.205533345540364,4.182733329137166,-0.0016678507119097796,
22,2025-02-25 00:00:00-06:00,2025-02-25,00:00:00,1740463200,4.179999828338623,4.184999942779541,4.179999828338623,4.182000160217285,0,0.0,0.0,0,4.23,4.218,5.23192,5.348,4.218,5.254455,0.011071443557739258,4.202243948831746,4.205959639469036,31.325654209634337,-0.0032502531881206664,9.640062660735862e-06,-0.0032598932507814024,4.237707148977972,4.205700016021728,4.173692883065485,3.6369468719655984,7.5951792213074185,-96.36305312803441,-113.72006620796414,,22.581131425372007,33.548371218763364,0.0,4.235000133514404,4.203999996185303,4.172999858856201,4.226900053024292,4.205100011825562,4.183299970626831,-0.001909283268239581,
23,2025-02-26 00:00:00-06:00,2025-02-26,00:00:00,1740549600,4.182000160217285,4.192999839782715,4.182000160217285,4.192999839782715,0,0.0,0.0,0,4.23,4.218,5.23192,5.348,4.218,5.254455,0.011642864772251673,4.200563201731922,4.204725372832243,40.65928883579087,-0.0038506725635540917,-0.0007624224625822297,-0.003088250100971862,4.237574226332246,4.205850005149841,4.174125783967437,23.636253294492995,9.091066722152865,-76.36374670550701,-78.15395272181152,,26.380779087047596,31.90184766964276,0.0,4.235000133514404,4.203999996185303,4.172999858856201,4.227450052897136,4.205050007502238,4.18264996210734,0.0026302436977567734,
24,2025-02-27 00:00:00-06:00,2025-02-27,00:00:00,1740636000,4.190000057220459,4.197000026702881,4.188000202178955,4.195000171661377,0,0.0,0.0,0,4.23,4.218,5.23192,5.348,4.218,5.254455,0.011928592409406389,4.1995517417190955,4.203799163196923,40.000317887531395,-0.004117633661523179,-0.0014334647023704198,-0.002684168959152759,4.237242175067723,4.206200003623962,4.175157832180202,27.273200166458594,18.18213344430573,-72.7267998335414,-63.40909710501532,,28.144193018773645,29.94018131201371,0.0,4.235000133514404,4.207499980926514,4.179999828338623,4.2271333535512285,4.205533345540364,4.1839333375295,0.0004770646208194229,
25,2025-02-28 00:00:00-06:00,2025-02-28,00:00:00,1740722400,4.188000202178955,4.192999839782715,4.188000202178955,4.192999839782715,0,0.0,0.0,0,4.23,4.218,5.23192,5.348,4.218,5.254455,0.010785715920584542,4.198360486821572,4.202770656205093,27.272839865496678,-0.004439437250976397,-0.0020346592120916154,-0.0024047780388847815,4.236342803923747,4.206749987602234,4.177157171280721,23.636253294492995,24.84856891848153,-76.36374670550701,-79.49044611255759,,21.192408500963147,33.11270407679919,0.0,4.235000133514404,4.207499980926514,4.179999828338623,4.2274833122889195,4.205983344713847,4.184483377138774,-0.0004768371386907333,
26,2025-03-03 00:00:00-06:00,2025-03-03,00:00:00,1740981600,4.188000202178955,4.192999839782715,4.188000202178955,4.192999839782715,0,0.0,0.0,0,4.23,4.218,5.23192,5.348,4.218,5.254455,0.010785681860787528,4.1973858237235975,4.201840102260104,27.272839865496678,-0.004640970692845414,-0.0025559215082423753,-0.002085049184603039,4.236004515360486,4.206999969482422,4.177995423604358,23.636253294492995,24.84856891848153,-76.36374670550701,-82.9283137950164,23.324697726702546,21.192475423865297,33.11280864246263,0.0,4.235000133514404,4.207499980926514,4.179999828338623,4.227649927139282,4.20625,4.184850072860717,0.0,
27,2025-03-04 00:00:00-06:00,2025-03-04,00:00:00,1741068000,4.184999942779541,4.195000171661377,4.179999828338623,4.195000171661377,0,0.0,0.0,0,4.23,4.218,5.23192,5.348,4.218,5.254455,0.01149998392377581,4.196952068803194,4.201188680298321,30.26363670585873,-0.0045864080750099845,-0.0029620188215958975,-0.001624389253414087,4.235718796787961,4.207249975204467,4.178781153620974,27.273200166458594,24.84856891848153,-72.7267998335414,-90.80327198635887,25.1418419248249,19.876140634579333,36.0252457491833,0.0,4.235000133514404,4.207499980926514,4.179999828338623,4.228983306884766,4.206283330917358,4.183583354949951,0.0004770646208194229,
28,2025-03-05 00:00:00-06:00,2025-03-05,00:00:00,1741154400,4.195000171661377,4.208000183105469,4.192999839782715,4.204999923706055,0,0.0,0.0,0,4.23,4.218,5.23192,5.348,4.218,5.254455,0.011142866952078683,4.198415315149168,4.201551655860962,36.14454370493781,-0.0036936918087544512,-0.0031083534190276085,-0.0005853383897268427,4.235203213352884,4.206849980354309,4.178496747355734,58.139457517354565,36.349636992768716,-41.860542482645435,-21.052738658309003,25.951041085162768,22.436085537174925,37.17981635672278,0.0,4.235000133514404,4.207499980926514,4.179999828338623,4.227449997266134,4.205749996503195,4.1840499957402555,0.002383731021569302,
29,2025-03-06 00:00:00-06:00,2025-03-06,00:00:00,1741240800,4.197000026702881,4.199999809265137,4.192999839782715,4.197000026702881,0,0.0,0.0,0,4.23,4.218,5.23192,5.348,4.218,5.254455,0.010928562709263392,4.1981579899771155,4.201118167369716,39.473849319881545,-0.0035903453005872166,-0.00320475179533953,-0.0003855935052476866,4.234843712852361,4.206199979782104,4.177556246711847,39.535141608818115,41.6492664308771,-60.464858391181885,-46.22526707400166,26.201872003093094,22.87604717263389,36.60148848110103,0.0,4.235000133514404,4.207499980926514,4.179999828338623,4.227633357048035,4.205033326148987,4.18243329524994,-0.0019024725679717136,
30,2025-03-07 00:00:00-06:00,2025-03-07,00:00:00,1741327200,4.188000202178955,4.197000026702881,4.182000160217285,4.197000026702881,0,0.0,0.0,0,4.23,4.218,5.23192,5.348,4.218,5.254455,0.011285713740757533,4.1979474511999815,4.2007259634966845,39.473849319881545,-0.0034684601981700425,-0.0032574934759056324,-0.0002109667222644101,4.234137652842715,4.205399990081787,4.17666232732086,39.535141608818115,45.73658024499694,-60.464858391181885,-65.36621678149636,25.699025972583055,22.152105024898148,36.07605251244907,0.0,4.235000133514404,4.207499980926514,4.179999828338623,4.227666719754537,4.204066665967305,4.180466612180074,0.0,
31,2025-03-10 00:00:00-05:00,2025-03-10,00:00:00,1741582800,4.192999839782715,4.192999839782715,4.184999942779541,4.184999942779541,0,0.0,0.0,0,4.23,4.218,5.23192,5.348,4.218,5.254455,0.011214290346418108,4.195593358759901,4.199228247237909,34.09103224058521,-0.004290711212120435,-0.0034641370231485932,-0.0008265741889718417,4.231294102544821,4.203249979019165,4.175205855493509,11.628113287054493,30.232798834896908,-88.37188671294551,-82.12881898806837,25.427783425124193,19.108405997819307,36.30581953695183,0.0,4.235000133514404,4.207499980926514,4.179999828338623,4.224933362007141,4.202433323860168,4.1799332857131954,-0.0028592051100764238,
32,2025-03-11 00:00:00-05:00,2025-03-11,00:00:00,1741669200,4.184999942779541,4.195000171661377,4.184999942779541,4.195000171661377,0,0.0,0.0,0,4.23,4.218,5.23192,5.348,4.218,5.254455,0.011214290346418108,4.195485506560169,4.198825573373478,37.63459053713161,-0.004088288919517069,-0.0035889674024222884,-0.0004993215170947807,4.2272977523697985,4.201599979400635,4.175902206431472,50.00079472303902,33.72134987297054,-49.99920527696098,-55.047205818293655,23.367510237016184,17.19771725694223,36.30581953695183,0.0,4.235000133514404,4.207499980926514,4.179999828338623,4.22370003859202,4.200699989000956,4.177699939409892,0.002389540984125915,
33,2025-03-12 00:00:00-05:00,2025-03-12,00:00:00,1741755600,4.197000026702881,4.208000183105469,4.192999839782715,4.197000026702881,0,0.0,0.0,0,4.23,4.218,5.23192,5.348,4.218,5.254455,0.011214324406215124,4.195760873858843,4.198651711785802,45.12202922653765,-0.003723573172206507,-0.0036158885563791323,-0.00010768461582737459,4.223465895509258,4.200199985504151,4.176934075499044,60.71422489399022,40.78104430136124,-39.28577510600977,-0.8227303171871623,20.80608193037813,25.477898522113623,26.75168714730876,0.0,4.235000133514404,4.207499980926514,4.179999828338623,4.223450064659119,4.19944999217987,4.175449919700622,0.00047672347071969767,
34,2025-03-13 00:00:00-05:00,2025-03-13,00:00:00,1741842000,4.192999839782715,4.192999839782715,4.184999942779541,4.188000202178955,0,0.0,0.0,0,4.23,4.218,5.23192,5.348,4.218,5.254455,0.011500052043369837,4.194349842644318,4.197637282299436,44.578430921959736,-0.004113328053889198,-0.0037153764558811456,-0.0003979515980080525,4.2180264563718906,4.198199987411499,4.1783735184511075,28.5724016961564,46.42914043772854,-71.4275983038436,-72.1998603590141,19.157918687388104,24.844880539504747,27.32916127388988,0.0,4.2230000495910645,4.201499938964844,4.179999828338623,4.220783400535583,4.197583317756653,4.174383234977722,-0.002144347025653026,
35,2025-03-14 00:00:00-05:00,2025-03-14,00:00:00,1741928400,4.188000202178955,4.192999839782715,4.184999942779541,4.188000202178955,0,0.0,0.0,0,4.23,4.218,5.23192,5.348,4.218,5.254455,0.011142901011875697,4.193195362559706,4.1967194651451045,48.68430959192893,-0.004371816031802034,-0.003846664371065323,-0.0005251516607367107,4.215984178780562,4.196950006484985,4.177915834189409,28.5724016961564,39.28634276210101,-71.4275983038436,-68.01216430449891,18.175662667040346,25.641205904198905,23.71797027115422,0.0,4.2230000495910645,4.201499938964844,4.179999828338623,4.218750031789144,4.196249993642171,4.1737499554951984,0.0,
36,2025-03-17 00:00:00-05:00,2025-03-17,00:00:00,1742187600,4.188000202178955,4.195000171661377,4.184999942779541,4.188000202178955,0,0.0,0.0,0,4.23,4.218,5.23192,5.348,4.218,5.254455,0.011142901011875697,4.192250787945024,4.195889059148328,54.41177501805662,-0.0045245138374969684,-0.003982234264351652,-0.0005422795731453165,4.2135424767725045,4.195700025558471,4.177857574344438,28.5724016961564,28.5724016961564,-71.4275983038436,-57.81398470603598,18.33287126660643,26.9234648807759,17.30759237919409,0.0,4.2230000495910645,4.201499938964844,4.179999828338623,4.21773342291514,4.195233337084452,4.172733251253764,0.0,
37,2025-03-18 00:00:00-05:00,2025-03-18,00:00:00,1742274000,4.195000171661377,4.195000171661377,4.190000057220459,4.195000171661377,0,0.0,0.0,0,4.23,4.218,5.23192,5.348,4.218,5.254455,0.010857207434517997,4.192750675893452,4.19580440319719,51.56274446985896,-0.004034185335240359,-0.003992624478529393,-4.156085671096557e-05,4.2106757748354,4.1948000431060795,4.178924311376759,53.57197595408798,36.90559311546693,-46.428024045912025,-11.324560104819911,18.47600303743973,22.368862718771272,17.76301961608563,0.0,4.2230000495910645,4.201499938964844,4.179999828338623,4.216200097401938,4.194300015767416,4.172399934132894,0.00167143484825516,
38,2025-03-19 00:00:00-05:00,2025-03-19,00:00:00,1742360400,4.195000171661377,4.199999809265137,4.188000202178955,4.190000057220459,0,0.0,0.0,0,4.23,4.218,5.23192,5.348,4.218,5.254455,0.011071477617536272,4.192250563407453,4.1952516083422635,46.268592982705854,-0.004002920733771731,-0.003994683729577861,-8.237004193869558e-06,4.205032940787161,4.193400049209595,4.181767157632029,35.71465063605865,39.286342762101015,-64.28534936394135,-4.675376655601382,19.17684147634542,22.580754322278963,17.419245677721037,0.0,4.210000038146973,4.194999933242798,4.179999828338623,4.215050037701924,4.192950018246968,4.170849998792012,-0.0011919223447701688,
39,2025-03-20 00:00:00-05:00,2025-03-20,00:00:00,1742446800,4.182000160217285,4.184999942779541,4.182000160217285,4.182000160217285,0,0.0,0.0,0,4.23,4.218,5.23192,5.348,4.218,5.254455,0.011142901011875697,4.190386853736513,4.193989565663694,42.46596817599874,-0.004570976767246826,-0.004109942337111655,-0.00046103443013517133,4.203598519918144,4.192250061035156,4.1809016021521686,7.143951908175951,32.14352616610753,-92.85604809182405,-160.87563320132898,17.819059717129992,22.436016958218836,21.153757981641842,0.0,4.208000183105469,4.194000005722046,4.179999828338623,4.213200044631958,4.1918000221252445,4.170399999618531,-0.001909283268239581,
40,2025-03-21 00:00:00-05:00,2025-03-21,00:00:00,1742533200,4.184999942779541,4.184999942779541,4.179999828338623,4.184999942779541,0,0.0,0.0,0,4.23,4.218,5.23192,5.348,4.218,5.254455,0.011142935071672713,4.1894074153807,4.1931334111032985,44.736891638380506,-0.004724645115946835,-0.0042328828928786906,-0.0004917622230681444,4.203208081214945,4.19165005683899,4.180092032463034,17.857325318029325,20.238642620754643,-82.14267468197068,-139.12920719531903,16.25116004144282,22.43594837968199,22.43594837968199,0.0,4.208000183105469,4.194000005722046,4.179999828338623,4.212116726239523,4.191016681989034,4.169916637738546,0.0007173080935749532,
41,2025-03-24 00:00:00-05:00,2025-03-24,00:00:00,1742792400,4.188000202178955,4.188000202178955,4.182000160217285,4.182000160217285,0,0.0,0.0,0,4.23,4.218,5.23192,5.348,4.218,5.254455,0.010500056403023856,4.188060641714625,4.192073101495106,41.558345047962895,-0.005030497330110961,-0.004392405780325145,-0.0006380915497858162,4.2035766762759605,4.19125006198883,4.1789234477017,7.143951908175951,10.715076378127074,-92.85604809182405,-112.0661542045126,15.396542388505466,25.85059831388692,18.36721453988705,0.0,4.208000183105469,4.194000005722046,4.179999828338623,4.210900068283081,4.190500020980835,4.170099973678589,-0.0007167939314864924,
42,2025-03-25 00:00:00-05:00,2025-03-25,00:00:00,1742878800,4.188000202178955,4.188000202178955,4.182000160217285,4.182000160217285,0,0.0,0.0,0,4.23,4.218,5.23192,5.348,4.218,5.254455,0.009857177734375,4.186958735987836,4.191113773754362,32.835852762832005,-0.005212797528329816,-0.004556484129926079,-0.0006563133984037366,4.2035766762759605,4.19125006198883,4.1789234477017,7.143951908175951,10.715076378127074,-92.85604809182405,-116.00347020184056,13.904664859543242,18.116292569659443,19.565112229102166,0.0,4.208000183105469,4.194000005722046,4.179999828338623,4.210583392779032,4.190583364168803,4.1705833355585735,0.0,
43,2025-03-26 00:00:00-05:00,2025-03-26,00:00:00,1742965200,4.184999942779541,4.192999839782715,4.184999942779541,4.190000057220459,0,0.0,0.0,0,4.23,4.218,5.23192,5.348,4.218,5.254455,0.009785720280238561,4.1875117034846765,4.191007705513037,44.77609815811199,-0.00465805179701384,-0.004576797663343631,-8.12541336702088e-05,4.203410031164076,4.191100072860718,4.17879011455736,35.71465063605865,16.667518150803517,-64.28534936394135,-22.027939466127958,12.632301784733249,21.897949949531863,19.707980926525355,0.0,4.208000183105469,4.194000005722046,4.179999828338623,4.210583392779032,4.190583364168803,4.1705833355585735,0.0019129356041818202,
44,2025-03-27 00:00:00-05:00,2025-03-27,00:00:00,1743051600,4.188000202178955,4.188000202178955,4.184999942779541,4.188000202178955,0,0.0,0.0,0,4.23,4.218,5.23192,5.348,4.218,5.254455,0.009071452277047294,4.18760052142909,4.1907212766240765,43.47832096308276,-0.00432987133508167,-0.004527412397691239,0.0001975410626095693,4.202990989795653,4.190750074386597,4.1785091589775405,28.5724016961564,23.810334746797,-71.4275983038436,-57.409358542108656,13.098129831668915,23.622150717694367,12.59860553655304,0.0,4.208000183105469,4.194000005722046,4.179999828338623,4.209866754213969,4.19026669661204,4.170666639010111,-0.0004772923661559014,
45,2025-03-28 00:00:00-05:00,2025-03-28,00:00:00,1743138000,4.177999973297119,4.188000202178955,4.175000190734863,4.188000202178955,0,0.0,0.0,0,4.23,4.218,5.23192,5.348,4.218,5.254455,0.009142875671386719,4.187673190656338,4.1904621266769215,52.6318431267568,-0.00402340662747136,-0.004426611243647263,0.0004032046161759036,4.202751756898239,4.190500092506409,4.178248428114578,39.39398318064908,34.56034517095471,-60.60601681935093,-103.47952820664986,11.391620366211674,23.437616415085905,20.312476716982818,0.0,4.208000183105469,4.191500186920166,4.175000190734863,4.210083436965943,4.189883375167847,4.1696833133697515,0.0,
46,2025-03-31 00:00:00-05:00,2025-03-31,00:00:00,1743397200,4.182000160217285,4.192999839782715,4.182000160217285,4.192999839782715,0,0.0,0.0,0,4.23,4.218,5.23192,5.348,4.218,5.254455,0.00921426500592913,4.188641672315679,4.190703813639378,48.07655274234518,-0.0033386166730320355,-0.0042090123295242185,0.000870395656492183,4.202751756898239,4.190500092506409,4.178248428114578,54.544403664422155,40.83692951374255,-45.455596335577845,-7.615824132093981,9.688043338708605,25.581077284757438,20.155101799417444,0.0,4.208000183105469,4.191500186920166,4.175000190734863,4.210583440462749,4.189783374468486,4.168983308474223,0.0011938007073539758,
47,2025-04-01 00:00:00-05:00,2025-04-01,00:00:00,1743483600,4.197000026702881,4.199999809265137,4.197000026702881,4.199999809265137,0,0.0,0.0,0,4.23,4.218,5.23192,5.348,4.218,5.254455,0.008642809731619698,4.190706788124671,4.191589146556117,52.6314468565692,-0.002205651289354016,-0.0038083401214901785,0.0016026888321361626,4.203578781250456,4.190750074386597,4.177921367522738,100.0,64.64612894835709,-0.0,130.45458405147588,9.648539631208354,22.313736926314466,21.487740094737422,0.0,4.208000183105469,4.191500186920166,4.175000190734863,4.210233394304912,4.190233365694683,4.170233337084453,0.001669441867373056,
48,2025-04-02 00:00:00-05:00,2025-04-02,00:00:00,1743570000,4.195000171661377,4.204999923706055,4.195000171661377,4.203000068664551,0,0.0,0.0,0,4.23,4.218,5.23192,5.348,4.218,5.254455,0.008499928883143834,4.1929419300410125,4.192675901042635,64.70599235178068,-0.00105352778835055,-0.003257377654862253,0.002203849866511703,4.203034612326755,4.190650081634521,4.178265550942287,93.33375719235782,82.62605361892666,-6.6662428076421785,163.1480352050054,11.308365212998009,26.890635080281616,15.126282762793567,0.0,4.208000183105469,4.191500186920166,4.175000190734863,4.209683338801066,4.190183369318644,4.170683399836222,0.0007143475084916417,
49,2025-04-03 00:00:00-05:00,2025-04-03,00:00:00,1743656400,4.182000160217285,4.188000202178955,4.179999828338623,4.184999942779541,0,0.0,0.0,0,4.23,4.218,5.23192,5.348,4.218,5.254455,0.009571381977626256,4.191497932357109,4.19194485739853,47.82587662921038,-0.0015747683890650066,-0.002920855801702804,0.0013460874126377973,4.20230131598557,4.190050077438355,4.177798838891139,33.33280350955272,75.55552023397019,-66.66719649044728,-83.00371940640285,11.140037095906402,23.880405811748044,24.627335712786056,0.0,4.208000183105469,4.191500186920166,4.175000190734863,4.210166692733765,4.189566707611084,4.168966722488403,-0.004282685127513952,
50,2025-04-04 00:00:00-05:00,2025-04-04,00:00:00,1743742800,4.139999866485596,4.163000106811523,4.09499979019165,4.15500020980835,0,0.0,0.0,0,4.23,4.218,5.23192,5.348,4.218,5.254455,0.015285662242344447,4.184861982802789,4.188426319532798,33.333172780517884,-0.004358342790300007,-0.0032083531994222445,-0.0011499895908777626,4.207443314639671,4.187950086593628,4.168456858547585,54.54576980930872,60.404110170406426,-45.45423019069128,-482.5464609260166,13.834344809359822,14.018391716374513,55.14061173513611,0.0,4.208000183105469,4.15149998664856,4.09499979019165,4.2149500528971355,4.186850039164225,4.158750025431315,-0.007168395073206768,
51,2025-04-07 00:00:00-05:00,2025-04-07,00:00:00,1744002000,4.119999885559082,4.15500020980835,4.118000030517578,4.150000095367432,0,0.0,0.0,0,4.23,4.218,5.23192,5.348,4.218,5.254455,0.01742853437151228,4.178523457814542,4.1847666791360965,26.803885518773782,-0.0068884077291153645,-0.003944364105360868,-0.0029440436237544963,4.212054676359769,4.186200094223023,4.160345512086276,50.00021674389974,45.959596687587066,-49.99978325610026,-304.95258290903695,17.261747074886607,12.294803245626378,48.36096649625564,0.0,4.208000183105469,4.15149998664856,4.09499979019165,4.215116739273071,4.184516716003418,4.153916692733764,-0.001203396916590882,
52,2025-04-08 00:00:00-05:00,2025-04-08,00:00:00,1744088400,4.175000190734863,4.190000057220459,4.175000190734863,4.177999973297119,0,0.0,0.0,0,4.23,4.218,5.23192,5.348,4.218,5.254455,0.019428559712001255,4.178428278811374,4.184122230960956,44.99992052643291,-0.006558543470501554,-0.004467199978389006,-0.0020913434921125485,4.211104113181329,4.18535008430481,4.159596055428291,75.45462032971082,60.00020229430643,-24.54537967028918,-21.105848709675932,18.667539075093945,22.05864048735592,43.382565630889246,0.0,4.208000183105469,4.15149998664856,4.09499979019165,4.217583378156026,4.183983381589253,4.15038338502248,0.006746958382228385,
53,2025-04-09 00:00:00-05:00,2025-04-09,00:00:00,1744174800,4.203000068664551,4.243000030517578,4.203000068664551,4.228000164031982,0,0.0,0.0,0,4.23,4.218,5.23192,5.348,4.218,5.254455,0.023499999727521623,4.187441348851484,4.188301081729625,64.19759990816425,-0.0022367423719913404,-0.004021108457109473,0.001784366085118133,4.218641779625523,4.186900091171265,4.1551584027170065,89.864971534801,71.77326953613719,-10.135028465199,249.6710016051498,18.489134627506527,34.34633451358986,34.042695043067525,0.0,4.243000030517578,4.168999910354614,4.09499979019165,4.223850019772847,4.185250051816304,4.146650083859761,0.011967494268652512,
54,2025-04-10 00:00:00-05:00,2025-04-10,00:00:00,1744261200,4.197000026702881,4.203000068664551,4.184999942779541,4.197000026702881,0,0.0,0.0,0,4.23,4.218,5.23192,5.348,4.218,5.254455,0.02621429307120187,4.189179290279011,4.189129552679459,53.157923796234485,-0.0012981713567112863,-0.003476521037029836,0.0021783496803185498,4.219411007441064,4.187350082397461,4.155289157353858,68.9189668115433,78.07951955868505,-31.08103318845669,58.17648798607909,18.933735662416872,30.790029298841688,34.8774450890334,0.0,4.243000030517578,4.168999910354614,4.09499979019165,4.227266701062519,4.185566719373067,4.143866737683614,-0.00733210409801377,
55,2025-04-11 00:00:00-05:00,2025-04-11,00:00:00,1744347600,4.179999828338623,4.2129998207092285,4.179999828338623,4.2129998207092285,0,0.0,0.0,0,4.23,4.218,5.23192,5.348,4.218,5.254455,0.02814286095755441,4.193510295811778,4.191402911539437,57.6353997101388,0.0007283071242190076,-0.0026355554047800675,0.003363862528999075,4.222655053585064,4.188600063323975,4.154545073062885,79.72962088285612,79.50451974306681,-20.27037911714388,92.12091595181889,17.9553385319977,30.456577568324462,32.487371078499,0.0,4.243000030517578,4.168999910354614,4.09499979019165,4.230433368682861,4.186233377456665,4.142033386230469,0.0038121977375626948,
56,2025-04-14 00:00:00-05:00,2025-04-14,00:00:00,1744606800,4.204999923706055,4.215000152587891,4.190000057220459,4.195000171661377,0,0.0,0.0,0,4.23,4.218,5.23192,5.348,4.218,5.254455,0.02950000762939453,4.193781182329887,4.191745507741526,52.941189162597716,0.0008718347037603991,-0.0019340773830719743,0.0028059120868323736,4.223122774188919,4.188950061798096,4.154777349407272,67.56771559931568,72.07210109790503,-32.432284400684324,74.19934760769658,17.852158774137692,29.539765668657143,30.99279087059128,0.0,4.243000030517578,4.168999910354614,4.09499979019165,4.232466689745586,4.186766711870829,4.141066733996073,-0.004272406791800298,
57,2025-04-15 00:00:00-05:00,2025-04-15,00:00:00,1744693200,4.210000038146973,4.210000038146973,4.199999809265137,4.199999809265137,0,0.0,0.0,0,4.23,4.218,5.23192,5.348,4.218,5.254455,0.029785735266549245,4.194911841772659,4.192531631696156,52.29353182684168,0.001373181138132118,-0.0012726256788311559,0.0026458068169632736,4.2236312751056175,4.189200043678284,4.15476881225095,70.94584362988475,72.74772670401886,-29.054156370115248,86.61234212465597,17.796905795177008,28.057444543420168,30.695484229508313,0.0,4.243000030517578,4.168999910354614,4.09499979019165,4.233766667048136,4.187266699473063,4.1407667318979895,0.0011918086767990221,
58,2025-04-16 00:00:00-05:00,2025-04-16,00:00:00,1744779600,4.195000171661377,4.210000038146973,4.192999839782715,4.208000183105469,0,0.0,0.0,0,4.23,4.218,5.23192,5.348,4.218,5.254455,0.03064288411821638,4.197291540196806,4.194004827068471,54.46429141627338,0.00238853160089203,-0.0005403942228865187,0.0029289258237785486,4.2255454150702745,4.190100049972534,4.154654684874793,76.35149285228704,71.62168402716249,-23.64850714771296,81.80673022060661,16.133246403077255,27.272616121972394,31.46855711870567,0.0,4.243000030517578,4.168999910354614,4.09499979019165,4.234816726048788,4.187816699345907,4.140816672643027,0.0019048510008699004,
59,2025-04-17 00:00:00-05:00,2025-04-17,00:00:00,1744866000,4.197000026702881,4.208000183105469,4.190000057220459,4.204999923706055,0,0.0,0.0,0,4.23,4.218,5.23192,5.348,4.218,5.254455,0.03100003514971052,4.198693064471215,4.195051979129193,53.7444360186786,0.0029174774347158206,0.0001511801086339491,0.0027662973260818716,4.227079237133372,4.191250038146973,4.155420839160573,74.32429384719971,73.87387677645717,-25.675706152800288,61.82661822633986,15.94373891978991,26.958408640191617,29.493113885943757,0.0,4.243000030517578,4.168999910354614,4.09499979019165,4.2367167472839355,4.188716697692871,4.140716648101806,-0.0007129893699766576,
60,2025-04-21 00:00:00-05:00,2025-04-21,00:00:00,1745211600,4.204999923706055,4.2179999351501465,4.199999809265137,4.210000038146973,0,0.0,0.0,0,4.23,4.218,5.23192,5.348,4.218,5.254455,0.03150006702968052,4.200748877866807,4.196475603797554,53.74453318321031,0.0036975156082439398,0.0008604472085559473,0.0028370683996879927,4.229146212226207,4.192500042915344,4.155853873604481,77.70274406451468,76.12617692133382,-22.297255935485328,92.756898514456,15.267779480475777,27.66428140468792,29.024940368450537,0.0,4.243000030517578,4.168999910354614,4.09499979019165,4.239316749572753,4.19001669883728,4.140716648101806,0.0011890878791054327,0.04665668704786483
61,2025-04-22 00:00:00-05:00,2025-04-22,00:00:00,1745298000,4.210000038146973,4.2129998207092285,4.210000038146973,4.2129998207092285,0,0.0,0.0,0,4.23,4.218,5.23192,5.348,4.218,5.254455,0.031214339392525808,4.202976322019974,4.198049338741523,52.9148001240204,0.004505818591235666,0.0015895214850918911,0.002916297106143775,4.231441039777091,4.194050025939942,4.156659012102792,79.72962088285612,77.25221959819017,-20.27037911714388,94.36455872684733,15.515223807798863,26.31569184369807,29.290626837920385,0.0,4.243000030517578,4.168999910354614,4.09499979019165,4.240416709582011,4.191416684786478,4.142416659990946,0.0007125374192575862,0.046511280998610495
62,2025-04-23 00:00:00-05:00,2025-04-23,00:00:00,1745384400,4.203000068664551,4.208000183105469,4.203000068664551,4.208000183105469,0,0.0,0.0,0,4.23,4.218,5.23192,5.348,4.218,5.254455,0.031214339392525808,4.203889751308246,4.198997038204756,51.11113936819976,0.004688924554347551,0.002209402098943023,0.002479522455404528,4.232784953532668,4.19535002708435,4.157915100636033,76.35149285228704,77.92795259988596,-23.64850714771296,62.6141342828556,14.244169199557883,25.171502863745925,30.892447763506638,0.0,4.243000030517578,4.168999910354614,4.09499979019165,4.241933345794678,4.192533349990844,4.143133354187011,-0.0011867167853137905,0.04580448487682402
63,2025-04-24 00:00:00-05:00,2025-04-24,00:00:00,1745470800,4.197000026702881,4.197000026702881,4.190000057220459,4.197000026702881,0,0.0,0.0,0,4.23,4.218,5.23192,5.348,4.218,5.254455,0.030857188361031667,4.20263707410727,4.198806846633149,52.75231966542572,0.0039014432505473096,0.0025478103292638807,0.001353632921283429,4.23305515063196,4.195700025558471,4.158344900484983,68.9189668115433,75.00002684889549,-31.08103318845669,8.547099518891793,14.810263556179702,25.462845940984863,30.78696779477489,0.0,4.243000030517578,4.168999910354614,4.09499979019165,4.242900061607361,4.1928000211715695,4.142699980735778,-0.0026141054952306675,0.04612796189913582
64,2025-04-25 00:00:00-05:00,2025-04-25,00:00:00,1745557200,4.192999839782715,4.195000171661377,4.192999839782715,4.192999839782715,0,0.0,0.0,0,4.23,4.218,5.23192,5.348,4.218,5.254455,0.02471433367047991,4.200884849684623,4.198253798361679,59.89574149453748,0.002920906597236872,0.002622429582858479,0.0002984770143783931,4.233154787573829,4.195950007438659,4.1587452273034895,59.999847412109375,68.42343569197992,-40.000152587890625,2.507155093556735,13.36598489826659,31.791746598751956,13.872764657890674,0.0,4.243000030517578,4.168999910354614,4.09499979019165,4.243133393923441,4.193133346239725,4.14313329855601,-0.0009531062412950764,0.04616069392827848
65,2025-04-28 00:00:00-05:00,2025-04-28,00:00:00,1745816400,4.192999839782715,4.197000026702881,4.190000057220459,4.192999839782715,0,0.0,0.0,0,4.23,4.218,5.23192,5.348,4.218,5.254455,0.022571461541312083,4.19945121152064,4.197753421354159,61.49727029556286,0.0021193931896892337,0.00252182230422463,-0.0004024291145353961,4.233246712804986,4.196199989318847,4.159153265832709,26.470134496444746,51.79631624003249,-73.52986550355524,-1.3989668714949042,11.736394332224238,34.809967089230284,16.139103456913446,0.0,4.243000030517578,4.168999910354614,4.09499979019165,4.243016711870829,4.19361666838328,4.144216624895731,0.0,0.04606085692296866
66,2025-04-29 00:00:00-05:00,2025-04-29,00:00:00,1745902800,4.195000171661377,4.195000171661377,4.190000057220459,4.190000057220459,0,0.0,0.0,0,4.23,4.218,5.23192,5.348,4.218,5.254455,0.020071472440447127,4.197732819829698,4.1970150057223785,53.7037364086443,0.0012279753219468503,0.002263052907769074,-0.0010350775858222238,4.233175482831518,4.196050000190735,4.158924517549952,15.873328236994876,34.114436715183004,-84.12667176300512,-10.322592733468603,10.769464024148787,26.690265246453006,18.149298915155413,0.0,4.243000030517578,4.168999910354614,4.09499979019165,4.242533429463704,4.193733342488606,4.144933255513509,-0.0007154263479322021,0.045995082280736926
67,2025-04-30 00:00:00-05:00,2025-04-30,00:00:00,1745989200,4.188000202178955,4.192999839782715,4.188000202178955,4.190000057220459,0,0.0,0.0,0,4.23,4.218,5.23192,5.348,4.218,5.254455,0.015785728182111467,4.196326862991654,4.196346915388863,33.03559264305177,0.0005155769888496309,0.0019135577239851856,-0.0013979807351355547,4.2327208359156865,4.195550012588501,4.158379189261315,26.31631782362094,22.88659351902019,-73.68368217637907,-14.781542892115864,13.6901254525165,9.954668145364003,23.98165149491554,0.0,4.243000030517578,4.168999910354614,4.09499979019165,4.24190007050832,4.193300016721089,4.144699962933858,0.0,0.045984852804021245
68,2025-05-01 00:00:00-05:00,2025-05-01,00:00:00,1746075600,4.175000190734863,4.190000057220459,4.170000076293945,4.184999942779541,0,0.0,0.0,0,4.23,4.218,5.23192,5.348,4.218,5.254455,0.01414285387311663,4.194267422953088,4.195266251330832,43.0231655521918,-0.0004473149026118506,0.0014413831986657783,-0.001888698101277629,4.231932804411071,4.194650006294251,4.157367208177431,31.249813734937366,24.47981993185107,-68.75018626506262,-51.28209830749968,16.197899314858184,11.111030835476694,26.767428642988566,0.0,4.243000030517578,4.168999910354614,4.09499979019165,4.241933425267537,4.192333348592122,4.142733271916707,-0.0011933447190057844,0.044598752289600474
69,2025-05-02 00:00:00-05:00,2025-05-02,00:00:00,1746162000,4.182000160217285,4.210000038146973,4.175000190734863,4.208000183105469,0,0.0,0.0,0,4.23,4.218,5.23192,5.348,4.218,5.254455,0.01428570066179548,4.196764288435339,4.19647900673794,47.31202091932217,0.000638157230109293,0.0012807380049544813,-0.0006425807748451882,4.233248049277105,4.195800018310547,4.158351987343989,79.16712198126422,45.577751179940854,-20.83287801873578,23.102919464305664,17.732112807998824,16.000047683761295,26.49977350213385,0.0,4.243000030517578,4.168999910354614,4.09499979019165,4.243800059954325,4.193000022570292,4.1421999851862585,0.005495875899738101,0.04603083150242641
70,2025-05-05 00:00:00-05:00,2025-05-05,00:00:00,1746421200,4.204999923706055,4.2129998207092285,4.204999923706055,4.208000183105469,0,0.0,0.0,0,4.23,4.218,5.23192,5.348,4.218,5.254455,0.013071400778634208,4.198807178375362,4.197576261630085,58.66664123544857,0.0014813259126666978,0.0013208555864969247,0.00016047032616977306,4.230910377090394,4.198450016975403,4.165989656860411,79.16712198126422,63.194685899155274,-20.83287801873578,75.76450579719197,19.221802530731505,18.03256049070035,28.96153505411983,0.0,4.243000030517578,4.180500030517578,4.118000030517578,4.239150031407673,4.196550019582112,4.153950007756551,0.0,0.046006626737432874
71,2025-05-06 00:00:00-05:00,2025-05-06,00:00:00,1746507600,4.2129998207092285,4.2129998207092285,4.210000038146973,4.210000038146973,0,0.0,0.0,0,4.23,4.218,5.23192,5.348,4.218,5.254455,0.012357098715645927,4.200842243788382,4.198759478441218,56.944554822644314,0.002284579545756671,0.0015136003783488739,0.000770979167407797,4.224895200256322,4.20145001411438,4.178004827972439,83.33349890227791,80.5559142882688,-16.666501097722104,89.57054895662665,20.562231278599786,19.074932608611764,30.635656521667226,0.0,4.243000030517578,4.206500053405762,4.170000076293945,4.2394499699274695,4.2000500122706095,4.1606500546137495,0.0004752507021108521,0.04541296812669077
72,2025-05-07 00:00:00-05:00,2025-05-07,00:00:00,1746594000,4.210000038146973,4.215000152587891,4.163000106811523,4.215000152587891,0,0.0,0.0,0,4.23,4.218,5.23192,5.348,4.218,5.254455,0.014857087816510881,4.203416409024657,4.20030620931233,55.072423706324635,0.0032867437487835716,0.0018682290524358134,0.0014185146963477582,4.224704477867518,4.203300023078919,4.18189556829032,94.54583286371951,85.68215124908723,-5.454167136280485,-29.308075678829557,23.45339482107482,15.86521047395038,44.71144367569451,0.0,4.243000030517578,4.203000068664551,4.163000106811523,4.2414833148320525,4.200883348782858,4.160283382733663,0.0011876756284112666,0.045485632134139184
73,2025-05-08 00:00:00-05:00,2025-05-08,00:00:00,1746680400,4.208000183105469,4.2179999351501465,4.204999923706055,4.215000152587891,0,0.0,0.0,0,4.23,4.218,5.23192,5.348,4.218,5.254455,0.01449993678501674,4.205522544217972,4.20170563248143,57.575932722596306,0.004034459363704279,0.002301475114689507,0.0017329842490147723,4.22153784540282,4.202650022506714,4.183762199610608,94.54583286371951,90.80838820990566,-5.454167136280485,122.91218766281851,26.19394733104365,17.733721695010807,44.335008926054684,0.0,4.2179999351501465,4.190500020980835,4.163000106811523,4.235683306058248,4.2002833445866905,4.164883383115133,0.0,0.04546474225824305
74,2025-05-09 00:00:00-05:00,2025-05-09,00:00:00,1746766800,4.210000038146973,4.215000152587891,4.210000038146973,4.215000152587891,0,0.0,0.0,0,4.23,4.218,5.23192,5.348,4.218,5.254455,0.013571364539010184,4.207245745739775,4.202971777253474,54.098463174022484,0.004574299696035844,0.0027560400309587746,0.0018182596650770694,4.2230110010230115,4.203550028800964,4.184089056578917,94.54583286371951,94.54583286371951,-5.454167136280485,115.00949725025497,29.96342506081924,13.684036169523939,47.36847388802305,0.0,4.2179999351501465,4.190500020980835,4.163000106811523,4.232799967130026,4.20120001633962,4.169600065549215,0.0,0.04543828682683644
75,2025-05-12 00:00:00-05:00,2025-05-12,00:00:00,1747026000,4.252999782562256,4.28000020980835,4.25,4.28000020980835,0,0.0,0.0,0,4.23,4.218,5.23192,5.348,4.218,5.254455,0.017999955586024692,4.220473830115879,4.210307818449176,77.23589842992828,0.010130312501677174,0.004230894525102455,0.005899417976574719,4.246182678249236,4.20690004825592,4.167617418262605,100.0,96.36388857581301,-0.0,409.2626046153111,29.620743192179955,36.11104278110282,35.71424516680827,0.0,4.28000020980835,4.2215001583099365,4.163000106811523,4.239399989446005,4.204600032170614,4.169800074895223,0.01542112808241547,0.05485126721260244
76,2025-05-13 00:00:00-05:00,2025-05-13,00:00:00,1747112400,4.288000106811523,4.289999961853027,4.2829999923706055,4.284999847412109,0,0.0,0.0,0,4.23,4.218,5.23192,5.348,4.218,5.254455,0.017999955586024692,4.2322058332606485,4.217421345017074,81.30063965884861,0.014766700320622661,0.0063380556842064974,0.008428644636416164,4.263478552364969,4.211400032043457,4.159321511721945,96.06289752119487,96.86957679497147,-3.9371024788051274,338.08376334281905,29.590610899334003,40.079208145609776,32.93647264518498,0.0,4.289999961853027,4.226500034332275,4.163000106811523,4.242199945449829,4.208900022506714,4.1756000995635985,0.0011681395697837882,0.05487904772008105
77,2025-05-14 00:00:00-05:00,2025-05-14,00:00:00,1747198800,4.2829999923706055,4.288000106811523,4.2829999923706055,4.284999847412109,0,0.0,0.0,0,4.23,4.218,5.23192,5.348,4.218,5.254455,0.017071383340018138,4.241804744924551,4.22385739286422,89.2856382593739,0.018230916414433196,0.008716627830251837,0.009514288584181359,4.276880462821161,4.215650033950806,4.1544196050804505,96.06289752119487,97.37526501412992,-3.9371024788051274,237.938376344868,30.209426632690853,42.259256451284664,29.28865284167767,0.0,4.289999961853027,4.226500034332275,4.163000106811523,4.2452999750773115,4.213000027338664,4.180700079600016,0.0,0.05487904772008105
78,2025-05-15 00:00:00-05:00,2025-05-15,00:00:00,1747285200,4.271999835968018,4.271999835968018,4.257999897003174,4.257999897003174,0,0.0,0.0,0,4.23,4.218,5.23192,5.348,4.218,5.254455,0.01871422358921596,4.244749318029754,4.227109059925073,74.07413948395528,0.018583443903579244,0.01068999104491732,0.007893452858661925,4.282088358126371,4.218150019645691,4.154211681165011,74.80306978350816,88.9762882752993,-25.196930216491825,129.6601497558071,27.625177866321103,38.54950022931939,36.259582274702794,0.0,4.289999961853027,4.226500034332275,4.163000106811523,4.249249943097432,4.215950020154317,4.1826500972112015,-0.006301038826230565,0.05647763786375841
79,2025-05-16 00:00:00-05:00,2025-05-16,00:00:00,1747371600,4.243000030517578,4.243000030517578,4.235000133514404,4.236999988555908,0,0.0,0.0,0,4.23,4.218,5.23192,5.348,4.218,5.254455,0.019857066018240794,4.243340349034509,4.22805105312801,64.10264247833595,0.01697265714396945,0.011946524264727747,0.005026132879241703,4.2839039889281265,4.219750022888183,4.15559605684824,58.26768992783605,76.3778857441797,-41.73231007216394,54.00910033961889,25.470575596418968,36.330843936426035,41.366984216285935,0.0,4.289999961853027,4.226500034332275,4.163000106811523,4.25161657333374,4.217816686630249,4.1840167999267575,-0.00493187152541863,0.05705595356877079
80,2025-05-19 00:00:00-05:00,2025-05-19,00:00:00,1747630800,4.239999771118164,4.244999885559082,4.239999771118164,4.239999771118164,0,0.0,0.0,0,4.23,4.218,5.23192,5.348,4.218,5.254455,0.020071336201259067,4.242732971231537,4.229189026269929,66.02558420320642,0.015756523025094005,0.012708524016800999,0.003047999008293006,4.28584545479839,4.221250009536743,4.1566545642750965,60.629726137464424,64.56682861626956,-39.370273862535576,55.43044824346625,24.503220939545596,36.65469194650575,40.9253737928413,0.0,4.289999961853027,4.226500034332275,4.163000106811523,4.252233211199443,4.219433347384135,4.186633483568827,0.0007079968303889128,0.05690887164145939
81,2025-05-20 00:00:00-05:00,2025-05-20,00:00:00,1747717200,4.260000228881836,4.263000011444092,4.243000030517578,4.248000144958496,0,0.0,0.0,0,4.23,4.218,5.23192,5.348,4.218,5.254455,0.02135709353855678,4.243690639181893,4.2309805613831255,67.68294987686556,0.01526235633773787,0.013219290480988374,0.002043065856749496,4.288543852549342,4.223000025749206,4.15745619894907,66.92924028865576,61.942218784652084,-33.07075971134423,69.88887426101589,21.795029367262323,40.468098882539906,37.79270134455631,0.0,4.289999961853027,4.226500034332275,4.163000106811523,4.256199932098389,4.221400022506715,4.18660011291504,0.0018868807245766561,0.05688317259850473
82,2025-05-21 00:00:00-05:00,2025-05-21,00:00:00,1747803600,4.248000144958496,4.248000144958496,4.23199987411499,4.235000133514404,0,0.0,0.0,0,4.23,4.218,5.23192,5.348,4.218,5.254455,0.02107139996119908,4.2421105472423495,4.231363377776581,64.53494496964319,0.013664220768483837,0.013308276538487467,0.00035594422999636957,4.289704965564245,4.224350023269653,4.158995080975061,56.692999121417145,61.417321849179125,-43.307000878582855,35.28970981280103,19.31463172099488,41.016779841560535,35.93223407402139,0.0,4.289999961853027,4.226500034332275,4.163000106811523,4.258399979273478,4.223000017801921,4.187600056330363,-0.003060266243050891,0.05711695482946582
83,2025-05-22 00:00:00-05:00,2025-05-22,00:00:00,1747890000,4.228000164031982,4.235000133514404,4.228000164031982,4.23199987411499,0,0.0,0.0,0,4.23,4.218,5.23192,5.348,4.218,5.254455,0.019071408680507114,4.240272243037375,4.231423996475477,57.89463777618135,0.012017065703519236,0.013050034371493822,-0.0010329686679745858,4.290234370882121,4.226100015640259,4.161965660398396,54.33058744903093,59.31760895303463,-45.66941255096907,16.133270360649504,17.85464775510417,37.82751335413322,41.19841625605646,0.0,4.289999961853027,4.226500034332275,4.163000106811523,4.259149964650472,4.224850018819174,4.190550072987875,-0.0007084437555671119,0.05692377024421766
84,2025-05-23 00:00:00-05:00,2025-05-23,00:00:00,1747976400,4.230000019073486,4.236999988555908,4.224999904632568,4.230000019073486,0,0.0,0.0,0,4.23,4.218,5.23192,5.348,4.218,5.254455,0.01935713631766183,4.238404565953031,4.231288379580049,57.14281290929865,0.010430080384883134,0.012526043574171686,-0.002095963189288553,4.290170196409998,4.227950024604797,4.165729852799596,52.75589664261202,54.59316107102004,-47.24410335738798,9.830536516189559,16.70129959247731,36.16221618501992,41.6974000929041,0.0,4.289999961853027,4.226500034332275,4.163000106811523,4.261799955368042,4.226700019836426,4.19160008430481,-0.0004725555531643888,0.056934488984381755
85,2025-05-27 00:00:00-05:00,2025-05-27,00:00:00,1748322000,4.230000019073486,4.236999988555908,4.199999809265137,4.203000068664551,0,0.0,0.0,0,4.23,4.218,5.23192,5.348,4.218,5.254455,0.021642889295305525,4.231967384627852,4.228594254730954,48.044700178481044,0.006914012306208583,0.011403637320579068,-0.0044896250143704845,4.289639811778799,4.228450036048889,4.167260260318979,31.496068904925323,46.19418433218943,-68.50393109507468,-36.980036541186415,16.250821688164457,32.3430452695621,45.54449057185752,0.0,4.289999961853027,4.226500034332275,4.163000106811523,4.265799975395203,4.227700018882752,4.1896000623703005,-0.006382966970966963,0.05847567342418448
86,2025-05-28 00:00:00-05:00,2025-05-28,00:00:00,1748408400,4.224999904632568,4.228000164031982,4.2230000495910645,4.224999904632568,0,0.0,0.0,0,4.23,4.218,5.23192,5.348,4.218,5.254455,0.019714321408952986,4.230700570083255,4.228251935673965,52.55096206947725,0.00583543862029412,0.010289997580522079,-0.004454558960227959,4.288702658454579,4.230200028419494,4.17169739838441,27.777836646462934,37.3432673980001,-72.22216335353706,-11.149292395527794,13.113968262612092,35.50702728851187,32.970983820391666,0.0,4.289999961853027,4.226500034332275,4.163000106811523,4.269483304023742,4.22938334941864,4.189283394813538,0.005234317299216196,0.05943402882246766
87,2025-05-29 00:00:00-05:00,2025-05-29,00:00:00,1748494800,4.21999979019165,4.23199987411499,4.21999979019165,4.230000019073486,0,0.0,0.0,0,4.23,4.218,5.23192,5.348,4.218,5.254455,0.01964289801461356,4.2305731971723874,4.2284184198072525,53.73131495728625,0.005322771059719678,0.009296552276361598,-0.0039737812166419206,4.287567034828,4.232200026512146,4.176833018196292,33.3335099393888,30.86913849692569,-66.6664900606112,-11.595411832192331,10.353428178174592,35.99974337544519,33.090869367697906,0.0,4.289999961853027,4.226500034332275,4.163000106811523,4.272033341725668,4.231233342488607,4.190433343251546,0.0011834590659838273,0.05946908589826422
88,2025-05-30 00:00:00-05:00,2025-05-30,00:00:00,1748581200,4.228000164031982,4.235000133514404,4.224999904632568,4.23199987411499,0,0.0,0.0,0,4.23,4.218,5.23192,5.348,4.218,5.254455,0.0200000490461077,4.230832592980133,4.228759510693704,54.18713194791894,0.005019982677284318,0.008441238356546142,-0.0034212556792618237,4.285277144706865,4.234550023078919,4.183822901450973,35.555567329292586,32.222304638381445,-64.44443267070741,-9.848855641898679,6.819601380450486,36.42839626433062,32.499948910429765,0.0,4.289999961853027,4.226500034332275,4.163000106811523,4.273483363787333,4.233683339754741,4.1938833157221485,0.0004727789674907612,0.05929055753579104
89,2025-06-02 00:00:00-05:00,2025-06-02,00:00:00,1748840400,4.224999904632568,4.23199987411499,4.224999904632568,4.23199987411499,0,0.0,0.0,0,4.23,4.218,5.23192,5.348,4.218,5.254455,0.015857185636247908,4.231044825913743,4.229068116733827,32.60851537286719,0.004725547532329344,0.007698100191702782,-0.0029725526593734385,4.28494500978208,4.235750007629394,4.186555005476709,35.555567329292586,34.814881532658,-64.44443267070741,-19.563836457828497,9.79355983504019,16.666487674222296,40.99091649143306,0.0,4.289999961853027,4.226500034332275,4.163000106811523,4.272283363342285,4.235283327102661,4.198283290863038,0.0,0.05914227451030227
90,2025-06-03 00:00:00-05:00,2025-06-03,00:00:00,1748926800,4.239999771118164,4.239999771118164,4.235000133514404,4.235000133514404,0,0.0,0.0,0,4.23,4.218,5.23192,5.348,4.218,5.254455,0.015714338847569058,4.231763972750227,4.2296330707129295,31.617773383401172,0.004680349265069772,0.007094550006376181,-0.0024142007413064086,4.284539193500022,4.237100005149841,4.189660816799661,39.772961257111895,36.96136530523236,-60.227038742888105,-0.06159663173959733,12.269430323470585,15.908967759414793,41.36353291790842,0.0,4.289999961853027,4.226500034332275,4.163000106811523,4.273683365186056,4.236683328946432,4.199683292706808,0.0007089460039366724,0.05915268462167805
91,2025-06-04 00:00:00-05:00,2025-06-04,00:00:00,1749013200,4.239999771118164,4.244999885559082,4.236999988555908,4.239999771118164,0,0.0,0.0,0,4.23,4.218,5.23192,5.348,4.218,5.254455,0.016071455819266185,4.233261390635306,4.2306203755134275,34.04250282382701,0.004990431693413733,0.006673726343783691,-0.0016832946503699585,4.284296392764562,4.2385999917984005,4.192903590832239,55.55548196960164,43.62800351866871,-44.444518030398356,9.755677285846993,13.755345922299224,17.777730682829652,40.44441147798075,0.0,4.289999961853027,4.226500034332275,4.163000106811523,4.275666705767314,4.238166658083598,4.200666610399882,0.00118055193533384,0.05885146319543359
92,2025-06-05 00:00:00-05:00,2025-06-05,00:00:00,1749099600,4.230000019073486,4.236999988555908,4.224999904632568,4.23199987411499,0,0.0,0.0,0,4.23,4.218,5.23192,5.348,4.218,5.254455,0.015214306967599052,4.233032023995248,4.230751756332624,39.34423025811798,0.00453833432854811,0.006246647940736575,-0.0017083136121884644,4.283913859508135,4.239449977874756,4.194986096241377,50.79359072365484,48.7073446501228,-49.20640927634517,-35.77332562354845,15.836949926631746,18.779298580236134,36.61969939152977,0.0,4.289999961853027,4.244999885559082,4.199999809265137,4.27365001042684,4.239849980672201,4.206049950917562,-0.0018867682629766236,0.05883201448281843
93,2025-06-06 00:00:00-05:00,2025-06-06,00:00:00,1749186000,4.23199987411499,4.236999988555908,4.230000019073486,4.23199987411499,0,0.0,0.0,0,4.23,4.218,5.23192,5.348,4.218,5.254455,0.014071464538574219,4.232844360380656,4.23087062469285,47.52469170774082,0.004132408081675365,0.005823799968924333,-0.0016913918872489683,4.283425692551961,4.240299963951111,4.1971742353502615,50.79359072365484,52.380887805637116,-49.20640927634517,-34.54847633672562,16.501813533625885,20.30449726484969,27.91886527569347,0.0,4.289999961853027,4.244999885559082,4.199999809265137,4.274066670735677,4.2408666451772055,4.207666619618734,0.0,0.058828925827506935
94,2025-06-09 00:00:00-05:00,2025-06-09,00:00:00,1749445200,4.23199987411499,4.243000030517578,4.23199987411499,4.239999771118164,0,0.0,0.0,0,4.23,4.218,5.23192,5.348,4.218,5.254455,0.01428576878138951,4.234145344151112,4.231740067209547,50.0,0.004405450149686629,0.005540130005076793,-0.0011346798553901636,4.283004919398046,4.241549944877624,4.200094970357203,63.49179918408125,55.026326877130316,-36.50820081591874,-17.4250071214403,16.90226696503737,21.999990463293216,27.500047683533925,0.0,4.289999961853027,4.244999885559082,4.199999809265137,4.275916663805645,4.242116634051006,4.208316604296367,0.0018903348868475334,0.0587392853384076
95,2025-06-10 00:00:00-05:00,2025-06-10,00:00:00,1749531600,4.244999885559082,4.25,4.244999885559082,4.25,0,0.0,0.0,0,4.23,4.218,5.23192,5.348,4.218,5.254455,0.013357196535382952,4.23702800885091,4.2334791084276855,50.925860516044715,0.0053669064938342,0.005505485302828275,-0.0001385788089940743,4.277637518460514,4.240049934387207,4.202462350313899,100.0,71.4284633025787,-0.0,37.68719887111598,18.44381727787485,17.646983825850594,29.41180970448965,0.0,4.289999961853027,4.244999885559082,4.199999809265137,4.269333338737487,4.241033291816711,4.212733244895935,0.002358544674920804,0.05890151009483302
96,2025-06-11 00:00:00-05:00,2025-06-11,00:00:00,1749618000,4.25,4.252999782562256,4.243000030517578,4.25,0,0.0,0.0,0,4.23,4.218,5.23192,5.348,4.218,5.254455,0.012928588049752372,4.239386552696199,4.235052526672668,57.89468400684639,0.006059022928778468,0.0056161928280183135,0.0004428301007601545,4.269850020578624,4.238299942016601,4.206749863454578,94.34003004975303,85.94394307794477,-5.659969950246966,60.6060421695156,18.686159801005477,19.889352845871148,24.309443207713684,0.0,4.288000106811523,4.24399995803833,4.199999809265137,4.267466672261556,4.23916662534078,4.210866578420004,0.0,0.05890151009483302
97,2025-06-12 00:00:00-05:00,2025-06-12,00:00:00,1749704400,4.248000144958496,4.304999828338623,4.244999885559082,4.257999897003174,0,0.0,0.0,0,4.23,4.218,5.23192,5.348,4.218,5.254455,0.016714300428118025,4.242770797115648,4.237237990513668,63.000085831179604,0.007170399122463422,0.005927034086907336,0.0012433650355560865,4.2616542702134765,4.236949944496155,4.212245618778834,55.2381687639929,83.19273293791532,-44.761831236007104,219.38840460883722,21.060008055672238,37.606727881092404,17.094189520188127,0.0,4.304999828338623,4.25249981880188,4.199999809265137,4.27216664950053,4.238366619745891,4.204566589991252,0.0018823287066291883,0.0589248028083912
98,2025-06-13 00:00:00-05:00,2025-06-13,00:00:00,1749790800,4.244999885559082,4.255000114440918,4.239999771118164,4.239999771118164,0,0.0,0.0,0,4.23,4.218,5.23192,5.348,4.218,5.254455,0.01714287485395159,4.2422669742070145,4.237501017237905,54.31024914806243,0.006523514028427435,0.006046330075211355,0.0004771839532160798,4.258756039091931,4.236049938201904,4.213343837311878,38.095194844710065,62.557797886152,-61.90480515528994,58.83843780064558,23.07965346264736,36.66655408023175,17.500104308020592,0.0,4.304999828338623,4.25249981880188,4.199999809265137,4.270383334159852,4.237483286857605,4.204583239555359,-0.0042273664444375525,0.059568070803495084
99,2025-06-16 00:00:00-05:00,2025-06-16,00:00:00,1750050000,4.248000144958496,4.248000144958496,4.244999885559082,4.248000144958496,0,0.0,0.0,0,4.23,4.218,5.23192,5.348,4.218,5.254455,0.015071460178920202,4.243309368889102,4.2385009341636755,73.19588642441403,0.006580559642545225,0.006153175988678129,0.0004273836538670958,4.259927354827713,4.236599946022034,4.213272537216355,32.94157905956535,42.09164755608945,-67.05842094043464,67.66071522124922,26.698889703635164,41.70598870056497,8.056949152542373,0.0,4.304999828338623,4.25249981880188,4.199999809265137,4.269316728909811,4.237916620572408,4.206516512235005,0.0018868807245766561,0.059500674367305044
100,2025-06-17 00:00:00-05:00,2025-06-17,00:00:00,1750136400,4.2230000495910645,4.224999904632568,4.2179999351501465,4.2179999351501465,0,0.0,0.0,0,4.23,4.218,5.23192,5.348,4.218,5.254455,0.015428611210414342,4.2387076536638375,4.236548458067149,46.666696941898806,0.004157082237070675,0.005753957238356639,-0.0015968750012859637,4.260187474881728,4.2354999542236325,4.210812433565537,0.0,23.678924634758477,-100.0,-115.48126342919734,28.815293306653114,40.74055268816255,20.370386722768473,0.0,4.304999828338623,4.25249981880188,4.199999809265137,4.2704500993092855,4.236849959691366,4.203249820073446,-0.007062196041578206,0.06135675446054967
101,2025-06-18 00:00:00-05:00,2025-06-18,00:00:00,1750222800,4.2230000495910645,4.228000164031982,4.179999828338623,4.2230000495910645,0,0.0,0.0,0,4.23,4.218,5.23192,5.348,4.218,5.254455,0.018000057765415738,4.235851725650606,4.235258133450379,46.666696941898806,0.0026098417495834525,0.005125134140602001,-0.002515292391018549,4.258803832506108,4.234249949455261,4.2096960664044145,34.400177001953125,22.44725202050617,-65.59982299804688,-164.53682471140422,28.600614653555407,33.33327025983757,32.53967953618274,0.0,4.304999828338623,4.242499828338623,4.179999828338623,4.270900106430053,4.23479995727539,4.198699808120727,0.001185423072022962,0.06136737664893598
102,2025-06-20 00:00:00-05:00,2025-06-20,00:00:00,1750395600,4.2129998207092285,4.215000152587891,4.192999839782715,4.195000171661377,0,0.0,0.0,0,4.23,4.218,5.23192,5.348,4.218,5.254455,0.019428627831595286,4.228424170379837,4.231424041851426,35.878032089921675,-0.0008657339857114366,0.003926960515339314,-0.0047926945010507505,4.262420431897097,4.2322499513626095,4.202079470828122,12.000274658203125,15.466817220052093,-87.99972534179688,-192.48511911712768,28.237359227442766,29.779270616573193,30.147065268649627,0.0,4.304999828338623,4.242499828338623,4.179999828338623,4.270433433850607,4.232933290799459,4.195433147748312,-0.006630328581786027,0.0629302590766937
103,2025-06-23 00:00:00-05:00,2025-06-23,00:00:00,1750654800,4.197000026702881,4.197000026702881,4.15500020980835,4.1579999923706055,0,0.0,0.0,0,4.23,4.218,5.23192,5.348,4.218,5.254455,0.02192861693246024,4.215619774378158,4.224431275234205,27.976317186218324,-0.006530478747548862,0.0018354726627616788,-0.00836595141031054,4.273419170143726,4.228549957275391,4.183680744407055,1.9998601274112127,16.133437262522495,-98.00013987258879,-282.0450362246178,26.60987071709876,26.384261610650068,39.08782949456919,0.0,4.304999828338623,4.230000019073486,4.15500020980835,4.270850086212159,4.2298499584198,4.188849830627442,-0.008820066216139844,0.06537666002409438
104,2025-06-24 00:00:00-05:00,2025-06-24,00:00:00,1750741200,4.175000190734863,4.188000202178955,4.172999858856201,4.182000160217285,0,0.0,0.0,0,4.23,4.218,5.23192,5.348,4.218,5.254455,0.02350006784711565,4.209507117257999,4.2203902166611655,35.978888039499154,-0.00897970437378337,-0.0003275627445473311,-0.008652141629236039,4.275594247394555,4.22614996433258,4.176705681270605,18.000012715689888,10.666715833768086,-81.99998728431011,-181.54520302895966,25.17470368526801,22.188371873935637,36.47402404469792,0.0,4.304999828338623,4.230000019073486,4.15500020980835,4.270166770617167,4.2273666302363075,4.184566489855448,0.0057720461497634545,0.06647580123794765
105,2025-06-25 00:00:00-05:00,2025-06-25,00:00:00,1750827600,4.188000202178955,4.190000057220459,4.179999828338623,4.188000202178955,0,0.0,0.0,0,4.23,4.218,5.23192,5.348,4.218,5.254455,0.02350010190691267,4.20559676906181,4.217305453377145,36.3159757165695,-0.010317644700827522,-0.0023255791358033693,-0.007992065565024152,4.2767414249456275,4.225399971008301,4.174058517070974,22.00005086275956,13.999974568620232,-77.99994913724045,-141.8440849585455,24.273601718732227,21.276410721687736,36.47397118118864,0.0,4.304999828338623,4.230000019073486,4.15500020980835,4.266100112597147,4.225999967257182,4.185899821917216,0.0014347302084651847,0.06654220502940648
106,2025-06-26 00:00:00-05:00,2025-06-26,00:00:00,1750914000,4.182000160217285,4.192999839782715,4.179999828338623,4.192999839782715,0,0.0,0.0,0,4.23,4.218,5.23192,5.348,4.218,5.254455,0.023357255118233815,4.203306418283792,4.214990633034819,39.57222523962883,-0.010849477060452806,-0.0040303587207332564,-0.006819118339719549,4.277149158025937,4.2237999677658085,4.17045077750568,25.33315107511158,21.777738217853685,-74.66684892488841,-111.72359701716503,23.354587484722575,22.3238919057646,33.02730353528578,0.0,4.304999828338623,4.230000019073486,4.15500020980835,4.263066760698955,4.224166623751323,4.185266486803691,0.0011938007073539758,0.06654220502940648
107,2025-06-27 00:00:00-05:00,2025-06-27,00:00:00,1751000400,4.204999923706055,4.208000183105469,4.192999839782715,4.197000026702881,0,0.0,0.0,0,4.23,4.218,5.23192,5.348,4.218,5.254455,0.023928710392543247,4.202159801632717,4.213277241955586,40.83778129509334,-0.01082341084076699,-0.005388969144740003,-0.005434441696026986,4.276719079733343,4.222149968147278,4.167580856561212,27.999949137240442,25.111050358370537,-72.00005086275955,-69.2883301060053,22.955608975327547,26.268450644082275,32.23855953312932,0.0,4.304999828338623,4.230000019073486,4.15500020980835,4.2619667927424105,4.222766629854838,4.183566466967265,0.000954015519440965,0.06648206339088325
108,2025-06-30 00:00:00-05:00,2025-06-30,00:00:00,1751259600,4.184999942779541,4.199999809265137,4.182000160217285,4.190000057220459,0,0.0,0.0,0,4.23,4.218,5.23192,5.348,4.218,5.254455,0.024428674152919223,4.199948939012306,4.2110603672189075,36.84225055902585,-0.011238046999545226,-0.006558784715701049,-0.004679262283844177,4.276231805429877,4.220049977302551,4.163868149175226,23.333290947700366,25.55546372001747,-76.66670905229964,-83.76234862358278,23.47679910362766,23.976442670332627,34.795023625648156,0.0,4.304999828338623,4.230000019073486,4.15500020980835,4.260766736666362,4.220766631762187,4.180766526858012,-0.0016678507119097796,0.06655144843280682
109,2025-07-01 00:00:00-05:00,2025-07-01,00:00:00,1751346000,4.2179999351501465,4.224999904632568,4.208000183105469,4.224999904632568,0,0.0,0.0,0,4.23,4.218,5.23192,5.348,4.218,5.254455,0.0262143611907959,4.204503660034172,4.212387942210684,44.18604135385871,-0.008642824857456155,-0.006975592744052071,-0.0016672321134040841,4.2756551138146826,4.21969997882843,4.163744843842178,46.66658189540073,32.66660732678053,-53.33341810459926,-2.590297143060754,22.310753327902177,27.247851965226065,32.42483339981316,0.0,4.304999828338623,4.230000019073486,4.15500020980835,4.263050063451132,4.220249970753988,4.177449878056844,0.008353185425808096,0.06813264203490604
110,2025-07-02 00:00:00-05:00,2025-07-02,00:00:00,1751432400,4.203000068664551,4.224999904632568,4.203000068664551,4.2230000495910645,0,0.0,0.0,0,4.23,4.218,5.23192,5.348,4.218,5.254455,0.02707151004246303,4.207866639953607,4.213398619104054,43.778827159001764,-0.006670570021723776,-0.006914588199586413,0.00024401817786263644,4.274619979574496,4.219099974632263,4.16357996969003,45.33334181045993,38.444404884520345,-54.66665818954007,-6.587135472789908,22.469074408950963,25.59362273109862,32.71747294680702,0.0,4.304999828338623,4.230000019073486,4.15500020980835,4.2634667237599695,4.219266637166341,4.175066550572713,-0.00047333848204611506,0.0664135487082752
111,2025-07-03 00:00:00-05:00,2025-07-03,00:00:00,1751518800,4.2179999351501465,4.239999771118164,4.210000038146973,4.239999771118164,0,0.0,0.0,0,4.23,4.218,5.23192,5.348,4.218,5.254455,0.0249286379132952,4.213709027438071,4.2159320621530165,46.017676709068546,-0.003693235085335367,-0.006270317576736204,0.002577082491400837,4.274619979574496,4.219099974632263,4.16357996969003,84.99964237179029,58.99985535921699,-15.000357628209713,33.44190279069977,22.275007700453965,17.191914830825734,35.52987533952355,0.0,4.304999828338623,4.230000019073486,4.15500020980835,4.264933387438456,4.2187333027521765,4.172533218065897,0.0040255082470921355,0.06677852247145792
112,2025-07-07 00:00:00-05:00,2025-07-07,00:00:00,1751864400,4.244999885559082,4.248000144958496,4.236999988555908,4.244999885559082,0,0.0,0.0,0,4.23,4.218,5.23192,5.348,4.218,5.254455,0.02442864009312221,4.219398274369164,4.218700426286928,51.17373414462697,-0.0009196075862076825,-0.0052001755786305,0.004280567992422817,4.276202442347808,4.219749975204468,4.163297508061127,96.77391237470198,75.70229885231741,-3.2260876252980233,69.56541950406864,21.69558553180065,19.883077626640343,34.79507213884567,0.0,4.304999828338623,4.230000019073486,4.15500020980835,4.265133420626323,4.219333306948344,4.173533193270365,0.001179272337460402,0.06546828607116072
113,2025-07-08 00:00:00-05:00,2025-07-08,00:00:00,1751950800,4.236999988555908,4.25,4.236999988555908,4.25,0,0.0,0.0,0,4.23,4.218,5.23192,5.348,4.218,5.254455,0.024785757064819336,4.224962224483861,4.221681338069125,50.47615587576805,0.0016628117783241692,-0.0038275781072395665,0.005490389885563735,4.278481840723136,4.220649981498719,4.1628181222743015,100.0,93.92451824883078,-0.0,72.4966431352685,18.7175092858208,20.172925315337224,34.29373942749408,0.0,4.304999828338623,4.230000019073486,4.15500020980835,4.266366759936014,4.219966642061869,4.173566524187724,0.001177883292277082,0.060804792873506125
114,2025-07-09 00:00:00-05:00,2025-07-09,00:00:00,1752037200,4.25,4.25,4.243000030517578,4.244999885559082,0,0.0,0.0,0,4.23,4.218,5.23192,5.348,4.218,5.254455,0.023142882755824497,4.228605435588447,4.223902152115787,57.2972861513559,0.0032682558631877967,-0.002408411313154094,0.005676667176341891,4.2791259393539685,4.220899987220764,4.1626740350875595,94.73671001711598,97.17020746393933,-5.263289982884018,71.19567284220746,17.306565268046278,21.604967342577687,28.39488548562279,0.0,4.304999828338623,4.230000019073486,4.15500020980835,4.2663500785827635,4.220349979400635,4.174349880218506,-0.0011764975155100776,0.05887182921804684
115,2025-07-10 00:00:00-05:00,2025-07-10,00:00:00,1752123600,4.239999771118164,4.244999885559082,4.239999771118164,4.239999771118164,0,0.0,0.0,0,4.23,4.218,5.23192,5.348,4.218,5.254455,0.020071438380650113,4.230677132957486,4.225435258687442,54.5945207527328,0.004089967816290674,-0.0011087354872651401,0.005198703303555814,4.277738734425192,4.220399975776672,4.163061217128153,89.47342003423196,94.73671001711598,-10.526579965768036,60.94264253461947,17.951700077690884,24.911080943492276,20.284574919395894,0.0,4.304999828338623,4.230000019073486,4.15500020980835,4.265516726175943,4.220016638437906,4.174516550699869,-0.001177883292277082,0.05844947037383675
116,2025-07-11 00:00:00-05:00,2025-07-11,00:00:00,1752210000,4.243000030517578,4.243000030517578,4.23199987411499,4.236999988555908,0,0.0,0.0,0,4.23,4.218,5.23192,5.348,4.218,5.254455,0.018714291708809987,4.231826743066289,4.226536661532058,63.12495529647378,0.004447851018840154,2.581813955918706e-06,0.004445269204884235,4.2759595115395985,4.219749975204468,4.163540438869337,86.31574720547711,90.1752924189417,-13.684252794522886,51.57420124486783,18.172443212563806,26.71761421338274,24.80899219952899,0.0,4.304999828338623,4.230000019073486,4.15500020980835,4.265050101280212,4.219449973106384,4.173849844932556,-0.0007074959255162216,0.05775954332538405
117,2025-07-14 00:00:00-05:00,2025-07-14,00:00:00,1752469200,4.23199987411499,4.23199987411499,4.228000164031982,4.228000164031982,0,0.0,0.0,0,4.23,4.218,5.23192,5.348,4.218,5.254455,0.016357149396623884,4.231131001423687,4.226676042722527,76.51531845258523,0.0039596213605950226,0.0007939897232837396,0.003165631637311283,4.271694877594135,4.218249988555908,4.1648050995176815,71.42883682910065,82.40600135626993,-28.57116317089936,37.18511411702984,19.544686362688537,30.56774833002948,13.536964235145174,0.0,4.255000114440918,4.205000162124634,4.15500020980835,4.257950099309285,4.217449982961019,4.176949866612752,-0.002124103032389524,0.05790918346139446
118,2025-07-15 00:00:00-05:00,2025-07-15,00:00:00,1752555600,4.235000133514404,4.243000030517578,4.224999904632568,4.23199987411499,0,0.0,0.0,0,4.23,4.218,5.23192,5.348,4.218,5.254455,0.015500000544956751,4.231288978276652,4.2271830742837135,72.32149319436817,0.0038510465482426426,0.0014054010882755203,0.0024456454599671223,4.270726210972802,4.21784999370575,4.164973776438698,74.28559750955375,77.34339384804385,-25.714402490446247,52.79459899924001,20.994053613142167,37.32733880926954,14.285557328129874,0.0,4.25,4.202500104904175,4.15500020980835,4.257366768519083,4.2168666521708165,4.17636653582255,0.0009460051863370289,0.05781602947966892
119,2025-07-16 00:00:00-05:00,2025-07-16,00:00:00,1752642000,4.230000019073486,4.235000133514404,4.215000152587891,4.224999904632568,0,0.0,0.0,0,4.23,4.218,5.23192,5.348,4.218,5.254455,0.01621426854814802,4.230145510341364,4.226975153364557,66.37170008777261,0.003163692117765571,0.0017570592941735306,0.0014066328235920402,4.267785332823227,4.2166999816894535,4.16561463055568,64.28566562898072,70.00003332254505,-35.71433437101927,30.912023791546268,21.376313086425313,34.802007339518916,18.061434336092827,0.0,4.25,4.202500104904175,4.15500020980835,4.257466729482015,4.21576665242513,4.174066575368245,-0.001654057110265339,0.05790473930802498
120,2025-07-17 00:00:00-05:00,2025-07-17,00:00:00,1752728400,4.228000164031982,4.235000133514404,4.2230000495910645,4.235000133514404,0,0.0,0.0,0,4.23,4.218,5.23192,5.348,4.218,5.254455,0.016142845153808594,4.231028169100099,4.227739437188352,67.79680194614953,0.0033868521514941463,0.002083017865637654,0.0013038342858564924,4.269287980435554,4.217549991607666,4.165812002779778,77.94132084204031,72.17086132685827,-22.058679157959695,48.181323077449186,22.13190759197756,33.628649072909724,18.141346454101225,0.0,4.25,4.202500104904175,4.15500020980835,4.256200059254963,4.21629999478658,4.176399930318196,0.0023669181319674326,0.05805073642789459
121,2025-07-18 00:00:00-05:00,2025-07-18,00:00:00,1752814800,4.235000133514404,4.235000133514404,4.228000164031982,4.230000019073486,0,0.0,0.0,0,4.23,4.218,5.23192,5.348,4.218,5.254455,0.015571389879499162,4.230841232731623,4.227954730701222,63.86560346209328,0.0031242264999953306,0.0022912595925091896,0.000832966907486141,4.2698873218200895,4.217899990081787,4.165912658343485,70.58819404513133,70.93839350538413,-29.411805954868658,44.4448131642494,22.803672881331835,27.98188014296401,18.807116702903464,0.0,4.25,4.202500104904175,4.15500020980835,4.25313336054484,4.21733333269755,4.1815333048502605,-0.0011806645297006702,0.05809578536720053
122,2025-07-21 00:00:00-05:00,2025-07-21,00:00:00,1753074000,4.228000164031982,4.230000019073486,4.2179999351501465,4.2230000495910645,0,0.0,0.0,0,4.23,4.218,5.23192,5.348,4.218,5.254455,0.01514284951346261,4.229415563069703,4.227482856309778,63.86560346209328,0.0023244598171752173,0.0022978996374423953,2.6560179732822067e-05,4.270187169638795,4.219299983978272,4.168412798317748,42.55321307550271,63.69424265422479,-57.446786924497296,17.63311789685676,22.973995533206697,28.77376314676695,18.86791604063015,0.0,4.25,4.202500104904175,4.15500020980835,4.252466678619385,4.218466663360596,4.184466648101807,-0.0016548391136781415,0.05814706243891714
