,datetime,date,time,timestamp,open,high,low,close,volume,Capital Gains,Dividends,Stock Splits,average_volume,book_value,day_high,day_low,dividend_yield,fifty_day_average,fifty_two_week_high,fifty_two_week_low,market_cap,price_to_book,shares_outstanding,two_hundred_day_average,atr,ema_short,ema_long,rsi,macd,macd_signal,macd_histogram,bb_upper,bb_middle,bb_lower,stoch_k,stoch_d,williams_r,cci,adx,plus_di,minus_di,obv,donchian_upper,donchian_middle,donchian_lower,keltner_upper,keltner_middle,keltner_lower,returns,volatility
0,2025-01-23 00:00:00-05:00,2025-01-23,00:00:00,1737608400,253.19000244140625,254.5399932861328,252.82000732421875,254.07000732421875,10810436,0.0,0.0,0.0,10329539,170.017,313.31,311.61,0.0,306.3624,317.63,217.52,81507737600,1.841757,260300000,273.3853,,254.07000732421875,254.07000732421875,,0.0,0.0,0.0,,,,,,,,,,,,,,,,,,,
1,2025-01-24 00:00:00-05:00,2025-01-24,00:00:00,1737694800,255.9600067138672,257.07000732421875,255.61000061035156,255.64999389648438,10810436,0.0,0.0,0.0,10329539,170.017,313.31,311.61,0.0,306.3624,317.63,217.52,81507737600,1.841757,260300000,273.3853,,254.35727761008522,254.2204822358631,,0.12603881488155366,0.025207762976310735,0.10083105190524293,,,,,,,,,,,,,,,,,,0.006218705580030903,
2,2025-01-27 00:00:00-05:00,2025-01-27,00:00:00,1737954000,253.86000061035156,254.25999450683594,251.9199981689453,252.99000549316406,10810436,0.0,0.0,0.0,10329539,170.017,313.31,311.61,0.0,306.3624,317.63,217.52,81507737600,1.841757,260300000,273.3853,,254.10868267973592,254.1032939746537,,0.011158027246068514,0.02239781583026229,-0.011239788584193777,,,,,,,,,,,,,,,,,,-0.0104048052682425,
3,2025-01-28 00:00:00-05:00,2025-01-28,00:00:00,1738040400,254.22999572753906,255.25,253.88999938964844,255.17999267578125,10810436,0.0,0.0,0.0,10329539,170.017,313.31,311.61,0.0,306.3624,317.63,217.52,81507737600,1.841757,260300000,273.3853,,254.30346631538052,254.2058367080944,,0.09572438737296807,0.03706313013880345,0.05866125723416462,,,,,,,,,,,,,,,,,,0.008656417783572623,
4,2025-01-29 00:00:00-05:00,2025-01-29,00:00:00,1738126800,254.5500030517578,254.82000732421875,253.3000030517578,254.1999969482422,10810436,0.0,0.0,0.0,10329539,170.017,313.31,311.61,0.0,306.3624,317.63,217.52,81507737600,1.841757,260300000,273.3853,,254.28465370317355,254.20528054048944,,0.08271290906614581,0.04619308592427192,0.036519823141873894,,,,,,,,,,,,,,,,,,-0.0038404097330004827,
5,2025-01-30 00:00:00-05:00,2025-01-30,00:00:00,1738213200,257.20001220703125,258.2900085449219,256.45001220703125,258.04998779296875,10810436,0.0,0.0,0.0,10329539,170.017,313.31,311.61,0.0,306.3624,317.63,217.52,81507737600,1.841757,260300000,273.3853,,254.9692599013181,254.57144313596365,,0.3786979104385182,0.1126940508271212,0.266003859611397,,,,,,,,,,,,,,,,,,0.01514551884715587,
6,2025-01-31 00:00:00-05:00,2025-01-31,00:00:00,1738299600,259.0799865722656,259.989990234375,257.8599853515625,258.55999755859375,10810436,0.0,0.0,0.0,10329539,170.017,313.31,311.61,0.0,306.3624,317.63,217.52,81507737600,1.841757,260300000,273.3853,,255.62212129355004,254.95130546192843,,0.6469638852907735,0.21954801771985166,0.42741586757092187,,,,,,,,,,,,,,,,,,0.0019763991077348386,
7,2025-02-03 00:00:00-05:00,2025-02-03,00:00:00,1738558800,259.75,261.3900146484375,259.5199890136719,259.94000244140625,10810436,0.0,0.0,0.0,10329539,170.017,313.31,311.61,0.0,306.3624,317.63,217.52,81507737600,1.841757,260300000,273.3853,,256.40719059316024,255.42641945997394,,0.9598568319060803,0.36760978055709737,0.5922470513489829,,,,,,,,,,,,,,,,,,0.005337271410283728,
8,2025-02-04 00:00:00-05:00,2025-02-04,00:00:00,1738645200,261.8299865722656,262.5400085449219,261.3500061035156,262.5,10810436,0.0,0.0,0.0,10329539,170.017,313.31,311.61,0.0,306.3624,317.63,217.52,81507737600,1.841757,260300000,273.3853,,257.5149741216766,256.10009379711926,,1.3982786684650819,0.5737435581386943,0.8245351103263876,,,,,,,,,,,,,,,,,,0.00984841707528572,
9,2025-02-05 00:00:00-05:00,2025-02-05,00:00:00,1738731600,264.45001220703125,265.989990234375,263.8900146484375,264.1300048828125,10810436,0.0,0.0,0.0,10329539,170.017,313.31,311.61,0.0,306.3624,317.63,217.52,81507737600,1.841757,260300000,273.3853,,258.71770698733764,256.86484723385195,,1.8558656402560132,0.8301679745621582,1.025697665693855,,,,,,,,,,,,,,,,,,0.006209542410714253,
10,2025-02-06 00:00:00-05:00,2025-02-06,00:00:00,1738818000,263.6600036621094,263.7200012207031,261.489990234375,263.42999267578125,10810436,0.0,0.0,0.0,10329539,170.017,313.31,311.61,0.0,306.3624,317.63,217.52,81507737600,1.841757,260300000,273.3853,,259.57448620341825,257.4900991807024,,2.137383055881685,1.0916109908260636,1.0457720650556213,,,,,,,,,,,,,,,,,,-0.0026502562908058414,
11,2025-02-07 00:00:00-05:00,2025-02-07,00:00:00,1738904400,265.2200012207031,266.3500061035156,263.260009765625,263.8999938964844,10810436,0.0,0.0,0.0,10329539,170.017,313.31,311.61,0.0,306.3624,317.63,217.52,81507737600,1.841757,260300000,273.3853,,260.3609421476121,258.1005653441102,,2.371080466859496,1.34750488603275,1.023575580826746,,,,,,,,,,,,,,,,,,0.0017841598670260694,
12,2025-02-10 00:00:00-05:00,2025-02-10,00:00:00,1739163600,268.0,268.6600036621094,267.239990234375,268.3699951171875,10810436,0.0,0.0,0.0,10329539,170.017,313.31,311.61,0.0,306.3624,317.63,217.52,81507737600,1.841757,260300000,273.3853,,261.8171335966258,259.07860627487946,,2.883737162959676,1.6547513414181352,1.2289858215415408,,,,,,,,,,,,,,,,,,0.016938239196991,
13,2025-02-11 00:00:00-05:00,2025-02-11,00:00:00,1739250000,267.70001220703125,268.3599853515625,266.7099914550781,267.3900146484375,10810436,0.0,0.0,0.0,10329539,170.017,313.31,311.61,0.0,306.3624,317.63,217.52,81507737600,1.841757,260300000,273.3853,2.8485728672572543,262.8303846969552,259.87016897712306,77.7963878133279,3.174353087890438,1.9586716907125958,1.2156813971778422,,,,92.4134492417551,,-7.5865507582448934,,,49.222655387616285,18.079283679034518,,,,,,,,-0.0036516022155236305,
14,2025-02-12 00:00:00-05:00,2025-02-12,00:00:00,1739336400,267.1499938964844,268.42999267578125,266.3500061035156,267.6700134277344,10810436,0.0,0.0,0.0,10329539,170.017,313.31,311.61,0.0,306.3624,317.63,217.52,81507737600,1.841757,260300000,273.3853,2.8742871965680803,263.7103171934605,260.6130113057527,78.05286448989355,3.3882047483596693,2.2445783022420107,1.1436264461176586,,,,94.08608178307186,,-5.913918216928135,,,48.78229313999477,18.812135736414415,,,,,,,,0.0010471549570203464,
15,2025-02-13 00:00:00-05:00,2025-02-13,00:00:00,1739422800,268.3999938964844,270.3900146484375,268.2200012207031,270.30999755859375,10810436,0.0,0.0,0.0,10329539,170.017,313.31,311.61,0.0,306.3624,317.63,217.52,81507737600,1.841757,260300000,273.3853,2.8542872837611606,264.91025907803015,261.5365338060233,78.97238817942437,3.7277373503530384,2.541210111864216,1.1865272384888224,,,,99.56677304574907,95.35543469019201,-0.43322695425093616,,,47.6977035458718,18.943951856179503,,,,,,,,0.009862831092105617,
16,2025-02-14 00:00:00-05:00,2025-02-14,00:00:00,1739509200,270.07000732421875,270.2099914550781,265.45001220703125,266.2900085449219,10810436,0.0,0.0,0.0,10329539,170.017,313.31,311.61,0.0,306.3624,317.63,217.52,81507737600,1.841757,260300000,273.3853,2.9350008283342635,265.16112261746497,261.9892456859184,74.94378106064205,3.6305887001079213,2.759085829512957,0.8715028705949641,,,,76.00934276538356,89.88739919806817,-23.990657234616446,,,46.38600009283758,16.183966949821286,,,,,,,,-0.014871773334245608,
17,2025-02-18 00:00:00-05:00,2025-02-18,00:00:00,1739854800,269.67999267578125,271.010009765625,269.6000061035156,270.70001220703125,10810436,0.0,0.0,0.0,10329539,170.017,313.31,311.61,0.0,306.3624,317.63,217.52,81507737600,1.841757,260300000,273.3853,3.110715593610491,266.16819345193153,262.8188424974529,76.86986375918144,3.8648960189717627,2.980247867404718,0.8846481515670446,,,,98.249590959494,91.27523559020888,-1.7504090405059953,,,43.32954695956055,15.269784386919284,,,,,,,,0.01656090548123368,
18,2025-02-19 00:00:00-05:00,2025-02-19,00:00:00,1739941200,270.67999267578125,271.3299865722656,269.239990234375,270.8500061035156,10810436,0.0,0.0,0.0,10329539,170.017,313.31,311.61,0.0,306.3624,317.63,217.52,81507737600,1.841757,260300000,273.3853,3.125716073172433,267.0194321158559,263.58371522183984,79.6791897656672,4.016391055191832,3.187476504962141,0.8289145502296908,,,,96.77431924969288,90.34441765819015,-3.225680750307125,,,43.121606133081244,14.670954653596743,,,,,,,,0.000554096378723612,
19,2025-02-20 00:00:00-05:00,2025-02-20,00:00:00,1740027600,270.2300109863281,271.8399963378906,270.1700134277344,270.989990234375,10810436,0.0,0.0,0.0,10329539,170.017,313.31,311.61,0.0,306.3624,317.63,217.52,81507737600,1.841757,260300000,273.3853,2.952856881277902,267.7413517737685,264.2890747468432,76.58180076532275,4.100479734404928,3.3700771508506984,0.7304025835542296,275.29414374814445,262.75850067138674,250.22285759462903,93.91984667002839,96.3145856264051,-6.0801533299716,102.21458333009136,,38.485814197097504,15.529787122525798,54052180.0,271.8399963378906,261.87999725341797,251.9199981689453,268.53449808756505,262.7325007120768,256.9305033365885,0.0005168326664386491,
20,2025-02-21 00:00:00-05:00,2025-02-21,00:00:00,1740114000,270.79998779296875,271.510009765625,269.510009765625,270.739990234375,10810436,0.0,0.0,0.0,10329539,170.017,313.31,311.61,0.0,306.3624,317.63,217.52,81507737600,1.841757,260300000,273.3853,2.943570818219866,268.286558766606,264.90344765041766,75.29072862118086,4.099689044507443,3.5159995295820474,0.5836895149253953,275.9101164910535,263.59199981689454,251.2738831427356,91.07138433795225,93.92185008589117,-8.928615662047749,89.25021086676934,,34.48205638606929,17.180341077142618,58376354.4,271.8399963378906,261.87999725341797,251.9199981689453,269.4013328552246,263.5713340759277,257.74133529663084,-0.0009225433005247696,
21,2025-02-24 00:00:00-05:00,2025-02-24,00:00:00,1740373200,271.45001220703125,272.32000732421875,270.3800048828125,272.2099914550781,10810436,0.0,0.0,0.0,10329539,170.017,313.31,311.61,0.0,306.3624,317.63,217.52,81507737600,1.841757,260300000,273.3853,2.879998343331473,268.99991016450997,265.5993089651472,75.38273310260972,4.169614509692224,3.646722525604083,0.5228919840881407,276.71658577021725,264.41999969482424,252.12341361943126,98.9971207210716,94.66278390968408,-1.0028792789284076,94.99913736330322,,33.77984491430172,17.559576295881413,62700528.8,272.32000732421875,262.12000274658203,251.9199981689453,270.07166646321616,264.34766743977866,258.62366841634116,0.005429568123388684,
22,2025-02-25 00:00:00-05:00,2025-02-25,00:00:00,1740459600,271.4599914550781,271.67999267578125,266.45001220703125,268.6199951171875,10810436,0.0,0.0,0.0,10329539,170.017,313.31,311.61,0.0,306.3624,317.63,217.52,81507737600,1.841757,260300000,273.3853,3.105710710797991,268.9308347013604,265.8869933605796,62.14287098305545,3.890500969595621,3.6954782144023905,0.19502275519323042,276.3748603871795,265.2014991760254,254.0281379648712,65.83558293272618,85.30136266391668,-34.164417067273824,54.11368402984865,,28.679958813855897,25.32203872817075,67024703.2,272.32000732421875,262.8100051879883,253.3000030517578,271.0676648457845,265.14066747029625,259.213670094808,-0.013188334192659745,
23,2025-02-26 00:00:00-05:00,2025-02-26,00:00:00,1740546000,267.0799865722656,269.0799865722656,266.6600036621094,269.0299987792969,10810436,0.0,0.0,0.0,10329539,170.017,313.31,311.61,0.0,306.3624,317.63,217.52,81507737600,1.841757,260300000,273.3853,3.0292816162109375,268.9488645337125,266.18632720998124,60.216855970220486,3.6601929215447058,3.688421155830854,-0.02822823428614818,276.12958947330156,265.89399948120115,255.65840948910073,69.62139101324962,78.1513648890158,-30.37860898675038,39.183363194866715,,21.26871551836418,25.96091643525998,71348877.6,272.32000732421875,262.8100051879883,253.3000030517578,271.75783030192054,265.81483408610023,259.87183787027993,0.0015263333689308212,
24,2025-02-27 00:00:00-05:00,2025-02-27,00:00:00,1740632400,266.489990234375,266.6700134277344,264.45001220703125,264.92999267578125,10810436,0.0,0.0,0.0,10329539,170.017,313.31,311.61,0.0,306.3624,317.63,217.52,81507737600,1.841757,260300000,273.3853,3.167851039341518,268.21816055954315,266.0666763019622,52.73923132995833,3.110974528956035,3.5729318304558904,-0.46195730149985526,275.08853672934833,266.4304992675781,257.7724618058079,18.4324874190745,51.296487121683434,-81.5675125809255,-19.674607781188275,,20.338370750410455,24.396838001235846,75673052.0,272.32000732421875,264.385009765625,256.45001220703125,272.5899968465169,266.3770009358724,260.1640050252279,-0.015239958822878874,
25,2025-02-28 00:00:00-05:00,2025-02-28,00:00:00,1740718800,262.55999755859375,263.3999938964844,261.25,263.2699890136719,10810436,0.0,0.0,0.0,10329539,170.017,313.31,311.61,0.0,306.3624,317.63,217.52,81507737600,1.841757,260300000,273.3853,3.209993634905134,267.31849300574834,265.80032513164883,48.89743425409643,2.5128005727829077,3.360905578921294,-0.8481050061383861,274.5649870480893,266.6914993286133,258.81801160913733,18.247404491346465,35.43376097455686,-81.75259550865354,-83.70063596207741,,14.219087309375109,31.197189172010425,78916182.8,272.32000732421875,265.0899963378906,257.8599853515625,272.8011611938477,266.629167175293,260.4571731567383,-0.006265820058134697,
26,2025-03-03 00:00:00-05:00,2025-03-03,00:00:00,1740978000,265.07000732421875,266.8800048828125,265.07000732421875,266.739990234375,10810436,0.0,0.0,0.0,10329539,170.017,313.31,311.61,0.0,306.3624,317.63,217.52,81507737600,1.841757,260300000,273.3853,3.1278512137276784,267.21331068368045,265.8898170461942,47.04387367004201,2.2923190740391988,3.147188277944875,-0.8548692039056762,273.9829175772091,267.10049896240236,260.2180803475956,49.593374905580276,28.757755605333745,-50.406625094419724,-18.803695385757788,34.23340165687408,17.2643821067274,32.01647771146304,82159313.6,272.32000732421875,265.9199981689453,259.5199890136719,273.320496114095,267.00050099690753,260.68050587972004,0.013180390342641513,
27,2025-03-04 00:00:00-05:00,2025-03-04,00:00:00,1741064400,269.010009765625,269.3999938964844,267.5199890136719,269.05999755859375,10810436,0.0,0.0,0.0,10329539,170.017,313.31,311.61,0.0,306.3624,317.63,217.52,81507737600,1.841757,260300000,273.3853,3.19927978515625,267.54907193366466,266.19173899975607,52.88824707966246,2.278525674117361,2.9734557571793725,-0.6949300830620113,273.5985394544479,267.5564987182617,261.5144579820755,70.55097011098798,46.130583169304906,-29.449029889012024,34.99548531617155,31.961485173498193,22.505171441108253,30.118363998593694,85402444.4,272.32000732421875,266.7850036621094,261.25,273.7223276774089,267.4193339029948,261.11634012858076,0.008697635934455272,
28,2025-03-05 00:00:00-05:00,2025-03-05,00:00:00,1741150800,267.9700012207031,270.260009765625,267.9599914550781,269.6199951171875,10810436,0.0,0.0,0.0,10329539,170.017,313.31,311.61,0.0,306.3624,317.63,217.52,81507737600,1.841757,260300000,273.3853,3.214996337890625,267.9256034215779,266.51823958236855,53.34015684314744,2.2864249446747635,2.8360495946784505,-0.549624650003687,273.52376231152215,267.9124984741211,262.30123463672004,75.60966196359948,65.25133566005591,-24.39033803640053,46.7587602911407,29.444341396867486,24.305878556037552,29.17133934419338,88645575.2,272.32000732421875,266.7850036621094,261.25,274.04982859293625,267.77683359781906,261.5038386027019,0.0020813110966888537,
29,2025-03-06 00:00:00-05:00,2025-03-06,00:00:00,1741237200,268.25,269.510009765625,268.1600036621094,268.25,10810436,0.0,0.0,0.0,10329539,170.017,313.31,311.61,0.0,306.3624,317.63,217.52,81507737600,1.841757,260300000,273.3853,3.124995640345982,267.9845846176546,266.6831691459525,46.310890366189305,2.157270347362328,2.7002937452152262,-0.5430233978528984,273.44010800472836,268.11849822998045,262.79688845523253,63.23392383567384,69.79818530342042,-36.76607616432616,22.252866836346332,27.70311050658241,20.525837787162093,30.011481600839286,90807662.4,272.32000732421875,266.7850036621094,261.25,274.04532877604163,267.97533365885414,261.90533854166665,-0.005081207410422395,
30,2025-03-07 00:00:00-05:00,2025-03-07,00:00:00,1741323600,269.0899963378906,270.3399963378906,267.6400146484375,268.3900146484375,10810436,0.0,0.0,0.0,10329539,170.017,313.31,311.61,0.0,306.3624,317.63,217.52,81507737600,1.841757,260300000,273.3853,2.970709664481027,268.058299168706,266.8457258604749,54.367731607897504,2.0426658302851024,2.5687681622292016,-0.5261023319440992,273.2088414383141,268.36649932861326,263.5241572189124,64.49873463784176,67.78077347903836,-35.50126536215823,20.26341377829563,24.450077548883772,23.58750501717396,24.90991100065379,94050793.2,272.32000732421875,266.7850036621094,261.25,274.34682617187497,268.2708343505859,262.19484252929686,0.0005219558189655249,
31,2025-03-10 00:00:00-04:00,2025-03-10,00:00:00,1741579200,267.6199951171875,268.44000244140625,265.6400146484375,266.0400085449219,10810436,0.0,0.0,0.0,10329539,170.017,313.31,311.61,0.0,306.3624,317.63,217.52,81507737600,1.841757,260300000,273.3853,2.8335658482142856,267.6913372371089,266.7689908780413,39.39945101709011,1.7421328490434576,2.403441099592053,-0.6613082505485957,272.9834474692161,268.47350006103517,263.9635526528542,43.27014792883096,57.00093546744886,-56.72985207116904,-70.33947397388333,22.149512624678348,22.71244645758456,31.157146989316136,96212880.4,272.32000732421875,266.7850036621094,261.25,274.4279922485352,268.3810012817383,262.3340103149414,-0.008755937163287819,
32,2025-03-11 00:00:00-04:00,2025-03-11,00:00:00,1741665600,268.4700012207031,269.7300109863281,268.44000244140625,269.1600036621094,10810436,0.0,0.0,0.0,10329539,170.017,313.31,311.61,0.0,306.3624,317.63,217.52,81507737600,1.841757,260300000,273.3853,2.947851998465402,267.95836749619986,266.9967063812859,46.61322321732174,1.7357076696805507,2.2698944136097525,-0.5341867439292018,273.0329583353713,268.51300048828125,263.9930426411912,71.45436701567506,59.74108319411593,-28.545632984324946,28.2749003916465,19.177677877487106,24.957684239015094,29.076861985916185,98374967.6,272.32000732421875,266.7850036621094,261.25,274.37199198404943,268.43200174967444,262.49201151529945,0.011727541035094546,
33,2025-03-12 00:00:00-04:00,2025-03-12,00:00:00,1741752000,268.4700012207031,271.2300109863281,268.3599853515625,270.3299865722656,10810436,0.0,0.0,0.0,10329539,170.017,313.31,311.61,0.0,306.3624,317.63,217.52,81507737600,1.841757,260300000,273.3853,3.0335693359375,268.38957096457546,267.31416163756967,48.729785637010124,1.8042255229023567,2.1767606354682734,-0.37253511256591665,273.2172549404443,268.65999908447264,264.10274322850097,82.02331133422653,65.58260875957751,-17.97668866577347,59.37162811775708,16.35979202850321,26.583509143064088,28.255258483418316,101618098.4,272.32000732421875,266.7850036621094,261.25,274.61732737223304,268.5563349405924,262.4953425089518,0.004346793335703092,
34,2025-03-13 00:00:00-04:00,2025-03-13,00:00:00,1741838400,271.57000732421875,275.3500061035156,271.54998779296875,275.1300048828125,10810436,0.0,0.0,0.0,10329539,170.017,313.31,311.61,0.0,306.3624,317.63,217.52,81507737600,1.841757,260300000,273.3853,3.2492850167410716,269.6151044042549,268.05852766092613,57.18966661602066,2.2202540705937963,2.185459322493378,0.03479474810041827,274.3985631147897,269.0329986572266,263.6674341996635,98.4397083299966,83.97246222663273,-1.560291670003398,196.97025827929176,15.054436490224687,33.87559237254933,24.928553027741547,104861229.2,275.3500061035156,268.3000030517578,261.25,275.23766377766924,268.8826680501302,262.5276723225911,0.017756144523255468,
35,2025-03-14 00:00:00-04:00,2025-03-14,00:00:00,1741924800,276.2699890136719,276.29998779296875,274.6600036621094,275.239990234375,10810436,0.0,0.0,0.0,10329539,170.017,313.31,311.61,0.0,306.3624,317.63,217.52,81507737600,1.841757,260300000,273.3853,3.2278551374162947,270.6378109188222,268.74247647744505,55.193687666279914,2.529674082492704,2.2543022744932433,0.2753718079994609,275.30453143981794,269.2794982910156,263.2544651422133,92.95682114048641,91.1399469349032,-7.043178859513584,204.97286585473532,13.916020513770032,34.41026212448127,25.09405484253284,108104360.0,276.29998779296875,268.7749938964844,261.25,275.41766153971355,269.17066752115886,262.9236735026042,0.00039975774946587883,
36,2025-03-17 00:00:00-04:00,2025-03-17,00:00:00,1742184000,275.5400085449219,276.7900085449219,275.3900146484375,276.7300109863281,10810436,0.0,0.0,0.0,10329539,170.017,313.31,311.61,0.0,306.3624,317.63,217.52,81507737600,1.841757,260300000,273.3853,2.9271436418805803,271.7454836583687,269.50319404971964,64.97969067597413,2.8621310283529056,2.375868025265176,0.48626300308772974,276.50661466926204,269.80149841308594,263.09638215690984,99.61391553665936,97.00348166904746,-0.3860844633406321,191.71958000592406,16.100561007429707,39.14105477002725,18.081995303958127,112428534.4,276.7900085449219,269.02000427246094,261.25,275.53599853515624,269.6200012207031,263.70400390624997,0.0054135329342379634,
37,2025-03-18 00:00:00-04:00,2025-03-18,00:00:00,1742270400,279.8999938964844,280.2099914550781,278.9700012207031,279.9599914550781,10810436,0.0,0.0,0.0,10329539,170.017,313.31,311.61,0.0,306.3624,317.63,217.52,81507737600,1.841757,260300000,273.3853,3.0028577532087053,273.23903053049764,270.49907951689664,68.28368571300217,3.347648376282052,2.5702240954685514,0.7774242808135008,278.3645762198682,270.2644973754883,262.1644185311084,98.68143400490277,97.08405689401617,-1.3185659950972266,225.62609468071167,18.594178779474042,46.28921860061979,17.626075537523768,116752708.8,280.2099914550781,270.72999572753906,261.25,275.8758290608724,270.0838338216146,264.2918385823568,0.011671955843306048,
38,2025-03-19 00:00:00-04:00,2025-03-19,00:00:00,1742356800,279.8500061035156,281.4800109863281,279.05999755859375,281.1099853515625,10810436,0.0,0.0,0.0,10329539,170.017,313.31,311.61,0.0,306.3624,317.63,217.52,81507737600,1.841757,260300000,273.3853,2.848573957170759,274.6701132252367,271.509641977341,80.0296793049152,3.7816270266437186,2.812504681703585,0.9691223449401338,280.2217593958714,270.7774963378906,261.33323327990985,98.17090739586995,98.8220856458107,-1.8290926041300535,192.51069743774988,22.224161600140246,51.980924234899426,13.039136386976013,121076883.2,281.4800109863281,271.36500549316406,261.25,276.4126642862956,270.5876673380534,264.7626703898112,0.004107707999658539,
39,2025-03-20 00:00:00-04:00,2025-03-20,00:00:00,1742443200,279.489990234375,280.8999938964844,279.42999267578125,280.75,10810436,0.0,0.0,0.0,10329539,170.017,313.31,311.61,0.0,306.3624,317.63,217.52,81507737600,1.841757,260300000,273.3853,2.705716814313616,275.77554718428456,272.3896760747371,84.08740601615624,4.049826544874918,3.0599690543378513,0.9898574905370667,281.7114961456606,271.2654968261719,260.8194975066832,95.55142703585304,97.4679228122086,-4.448572964146968,152.84195504210558,25.439791779094616,54.725426645494515,5.279826111195703,124320014.0,281.4800109863281,271.36500549316406,261.25,276.8816650390625,271.0556671142578,265.2296691894531,-0.0012805854303336028,
40,2025-03-21 00:00:00-04:00,2025-03-21,00:00:00,1742529600,279.4599914550781,279.4599914550781,276.5899963378906,278.489990234375,10810436,0.0,0.0,0.0,10329539,170.017,313.31,311.61,0.0,306.3624,317.63,217.52,81507737600,1.841757,260300000,273.3853,2.745001656668527,276.26908228430096,272.970658375655,74.04830847871764,4.03351682378252,3.2546786082267856,0.7788382155557345,282.5807866667115,271.6529968261719,260.72520698563227,81.1236019998266,91.61531214384986,-18.876398000173396,100.65757232931234,27.314402913345152,44.886780091719444,12.594310218181096,127563144.8,281.4800109863281,271.36500549316406,261.25,277.4773315429687,271.4353332519531,265.3933349609375,-0.008049901213267985,
41,2025-03-24 00:00:00-04:00,2025-03-24,00:00:00,1742788800,278.9100036621094,279.0899963378906,276.8599853515625,277.25,10810436,0.0,0.0,0.0,10329539,170.017,313.31,311.61,0.0,306.3624,317.63,217.52,81507737600,1.841757,260300000,273.3853,2.714287894112723,276.4474309598826,273.3782147208307,67.53749679793813,3.875855948688411,3.378914076319111,0.4969418723693,283.11565875321895,271.90499725341795,260.69433575361694,73.29537901338034,83.32346934968666,-26.70462098661966,82.6723006312313,29.890782528111178,38.76315567566265,12.736822239265653,129725232.0,281.4800109863281,271.36500549316406,261.25,277.81116536458336,271.74016621907555,265.66916707356773,-0.004452548665506595,
42,2025-03-25 00:00:00-04:00,2025-03-25,00:00:00,1742875200,278.7799987792969,279.9599914550781,278.2699890136719,278.4700012207031,10810436,0.0,0.0,0.0,10329539,170.017,313.31,311.61,0.0,306.3624,317.63,217.52,81507737600,1.841757,260300000,273.3853,2.7435716901506697,276.81517100730446,273.8631467684376,68.42984954732009,3.8054852071900314,3.464228302493295,0.3412569046967362,283.86306918612087,272.3974975585937,260.9319259310666,80.99740870252099,78.47212990524264,-19.002591297479025,87.07433113087131,32.85246879298452,38.37539398340562,12.60087445048899,132968362.8,281.4800109863281,271.36500549316406,261.25,278.00533294677734,272.2393325805664,266.4733322143554,0.004400365088198743,
43,2025-03-26 00:00:00-04:00,2025-03-26,00:00:00,1742961600,278.92999267578125,279.0199890136719,277.7799987792969,278.239990234375,10810436,0.0,0.0,0.0,10329539,170.017,313.31,311.61,0.0,306.3624,317.63,217.52,81507737600,1.841757,260300000,273.3853,2.7278573172433034,277.07422904859,274.2799890032888,71.84082284055063,3.688635627822464,3.5091097675591287,0.17952586026333517,284.49265774477834,272.85799713134764,261.22333651791695,79.54531880665454,77.94603550751862,-20.45468119334547,71.7506588452004,34.860782319045924,38.596463189522225,13.956497071303572,135130450.0,281.4800109863281,271.36500549316406,261.25,278.39183349609374,272.74383239746095,267.09583129882816,-0.0008259812019960622,
44,2025-03-27 00:00:00-04:00,2025-03-27,00:00:00,1743048000,280.54998779296875,282.07000732421875,279.5899963378906,281.9700012207031,10810436,0.0,0.0,0.0,10329539,170.017,313.31,311.61,0.0,306.3624,317.63,217.52,81507737600,1.841757,260300000,273.3853,2.8085741315569197,277.9643694435197,275.012371119233,75.66135857473868,3.8526018123803283,3.5778081765233685,0.2747936358569598,285.3957295278084,273.7099975585937,262.02426558937907,99.39131985333725,86.64468245417093,-0.6086801466627537,98.7509670046625,38.392871381924195,43.13327988364214,13.555395327213784,138373580.8,282.07000732421875,271.6600036621094,261.25,279.109836324056,273.5368321736654,267.9638280232748,0.013405732882559862,
45,2025-03-28 00:00:00-04:00,2025-03-28,00:00:00,1743134400,283.82000732421875,284.6400146484375,282.8599853515625,284.05999755859375,10810436,0.0,0.0,0.0,10329539,170.017,313.31,311.61,0.0,306.3624,317.63,217.52,81507737600,1.841757,260300000,273.3853,2.799290248325893,279.0726654644422,275.8740498277436,84.38931604468615,4.1038844077217504,3.6830234227630454,0.42086098495870505,286.2217535267856,274.74949798583987,263.2772424448941,96.43724787427081,91.79129551142086,-3.562752125729196,123.4667280088598,42.33502053300522,49.834135401579225,8.497017552056565,142697755.2,284.6400146484375,274.8550109863281,265.07000732421875,280.06950531005856,274.59749908447264,269.12549285888673,0.007412123023167849,
46,2025-03-31 00:00:00-04:00,2025-03-31,00:00:00,1743393600,287.5299987792969,288.3900146484375,285.8500061035156,288.1400146484375,10810436,0.0,0.0,0.0,10329539,170.017,313.31,311.61,0.0,306.3624,317.63,217.52,81507737600,1.841757,260300000,273.3853,2.845005580357143,280.72127440698677,277.04223695352397,84.94110535192404,4.579461771264846,3.8623110924634054,0.7171506788014406,288.10912464736026,275.81949920654296,263.52987376572565,98.75187401728361,98.19348058163057,-1.2481259827163804,156.2189611662018,47.054560970233744,55.2095847839945,8.360482150737997,147021929.6,288.3900146484375,277.0150146484375,265.6400146484375,281.2030059814453,275.65899963378905,270.1149932861328,0.014363222998346137,
47,2025-04-01 00:00:00-04:00,2025-04-01,00:00:00,1743480000,288.5400085449219,289.1300048828125,285.9100036621094,287.57000732421875,10810436,0.0,0.0,0.0,10329539,170.017,313.31,311.61,0.0,306.3624,317.63,217.52,81507737600,1.841757,260300000,273.3853,2.8700038364955356,281.9664985737562,278.044881750733,82.45482403578458,4.85440685049889,4.060730244070503,0.7936766064283871,289.6631085626748,276.74499969482423,263.8268908269737,91.12630237717468,95.43847475624302,-8.87369762282532,142.33392918216566,52.04272968003885,52.83718916619829,8.28766082848506,150265060.4,289.1300048828125,277.385009765625,265.6400146484375,282.20283966064454,276.6028335571289,271.0028274536133,-0.0019782303576065807,
48,2025-04-02 00:00:00-04:00,2025-04-02,00:00:00,1743566400,288.2799987792969,289.0299987792969,287.3599853515625,288.1600036621094,10810436,0.0,0.0,0.0,10329539,170.017,313.31,311.61,0.0,306.3624,317.63,217.52,81507737600,1.841757,260300000,273.3853,2.6307176862444197,283.09259040800225,279.0082266946736,79.14987745181706,5.061564021006916,4.260896999457786,0.8006670215491303,291.0885517923593,277.6720001220703,264.2554484517813,93.29646759590258,94.39154799678697,-6.7035324040974125,137.8062417789586,55.771442849535056,46.45667594980971,9.041494075056738,153508191.2,289.1300048828125,277.385009765625,265.6400146484375,283.08500569661453,277.54800008138017,272.0109944661458,0.0020516615880092903,
49,2025-04-03 00:00:00-04:00,2025-04-03,00:00:00,1743652800,282.7799987792969,289.0899963378906,282.45001220703125,286.4200134277344,10810436,0.0,0.0,0.0,10329539,170.017,313.31,311.61,0.0,306.3624,317.63,217.52,81507737600,1.841757,260300000,273.3853,2.987860543387277,283.6975764115899,279.71411114544134,73.31113025705767,5.027382366429094,4.414194072852048,0.6131882935770463,291.7695274127011,278.580500793457,265.39147417421293,80.2766129462144,88.2331276397639,-19.723387053785604,101.76532632358797,56.97165530602264,38.63259810591331,19.698662057785622,156751322.0,289.1300048828125,277.385009765625,265.6400146484375,284.47033843994143,278.4153335571289,272.3603286743164,-0.006038278082531101,
50,2025-04-04 00:00:00-04:00,2025-04-04,00:00:00,1743739200,283.6400146484375,284.0299987792969,278.0199890136719,279.7200012207031,10810436,0.0,0.0,0.0,10329539,170.017,313.31,311.61,0.0,306.3624,317.63,217.52,81507737600,1.841757,260300000,273.3853,3.477146693638393,282.9743809223378,279.7146721049901,55.12159983606867,4.408835852835068,4.413122428848652,-0.004286576013583954,291.4356215906471,279.1470001220703,266.85837865349356,24.960149521429216,66.1777433545154,-75.03985047857078,23.274775020593232,55.09909431749056,32.18980307783353,26.02705203529704,158913409.2,289.1300048828125,277.385009765625,265.6400146484375,285.6303421020508,279.00533294677734,272.3803237915039,-0.02339226273628292,
51,2025-04-07 00:00:00-04:00,2025-04-07,00:00:00,1743998400,278.8599853515625,280.1400146484375,272.5799865722656,273.7099914550781,10810436,0.0,0.0,0.0,10329539,170.017,313.31,311.61,0.0,306.3624,317.63,217.52,81507737600,1.841757,260300000,273.3853,3.768578665597098,281.2899464737451,279.1427977573794,40.22522083937098,3.394545516404321,4.209407046359786,-0.8148615299554649,290.50535029632124,279.53049926757814,268.55564823883503,6.827816511190074,37.35485965961123,-93.17218348880992,-64.49891014300867,53.27452564196106,23.2183604873317,34.32515271774244,161075496.4,289.1300048828125,278.7449951171875,268.3599853515625,286.5448455810547,279.44383239746094,272.3428192138672,-0.02148580630415131,
52,2025-04-08 00:00:00-04:00,2025-04-08,00:00:00,1744084800,277.8699951171875,278.32000732421875,274.239990234375,275.20001220703125,10810436,0.0,0.0,0.0,10329539,170.017,313.31,311.61,0.0,306.3624,317.63,217.52,81507737600,1.841757,260300000,273.3853,3.9250074114118303,280.1826856979789,278.767294371632,40.85428284293724,2.6800513752949655,3.903535912146822,-1.2234845368518563,289.9007592596476,279.8324996948242,269.7642401300008,15.830953087803861,15.87297304014105,-84.16904691219614,-68.3872990978284,50.74724687161116,19.98178390041125,32.957144959610794,163237583.6,289.1300048828125,278.7449951171875,268.3599853515625,286.9773468017578,279.7843322753906,272.59131774902346,0.005443793790763651,
53,2025-04-09 00:00:00-04:00,2025-04-09,00:00:00,1744171200,282.2200012207031,285.8699951171875,281.0400085449219,285.3800048828125,10810436,0.0,0.0,0.0,10329539,170.017,313.31,311.61,0.0,306.3624,317.63,217.52,81507737600,1.841757,260300000,273.3853,4.567149571010044,281.1276528224941,279.3970763250777,55.49489394560593,2.901799810097316,3.703188691736921,-0.8013888816396051,289.8830897888769,280.5850006103516,271.2869114318263,77.34141479704451,33.33339479867948,-22.6585852029555,68.58668133508336,44.94326152171696,28.98024951448295,28.323363667907763,165399670.8,289.1300048828125,280.3399963378906,271.54998779296875,288.46350962320963,280.4904993693034,272.51748911539715,0.03699125081478161,
54,2025-04-10 00:00:00-04:00,2025-04-10,00:00:00,1744257600,288.80999755859375,292.8599853515625,287.2300109863281,292.3500061035156,10810436,0.0,0.0,0.0,10329539,170.017,313.31,311.61,0.0,306.3624,317.63,217.52,81507737600,1.841757,260300000,273.3853,4.804290771484375,283.16808069177074,280.63068868492894,64.79504578608402,3.598476888473215,3.6822463310841798,-0.08376944261096497,291.75175430230627,281.44600067138674,271.1402470404672,97.48530927641133,63.552559053753235,-2.5146907235886746,163.71150277729424,42.72536359492066,37.94225713686797,22.702903568002945,167561758.0,292.8599853515625,282.71998596191406,272.5799865722656,289.5496724446615,281.33066609700523,273.111659749349,0.0244235794430141,
55,2025-04-11 00:00:00-04:00,2025-04-11,00:00:00,1744344000,297.9599914550781,299.2699890136719,296.80999755859375,297.92999267578125,10810436,0.0,0.0,0.0,10329539,170.017,313.31,311.61,0.0,306.3624,317.63,217.52,81507737600,1.841757,260300000,273.3853,5.139288766043527,285.85206468886355,282.2782414459625,70.2031760191,4.5484253586240015,3.8554821365921446,0.692943222031857,294.8232753873733,282.580500793457,270.3377261995407,94.97940721124931,89.93537709490171,-5.020592788750689,224.0519905147584,41.63679503561129,44.37800377408267,21.22304370564191,169723845.2,299.2699890136719,285.92498779296875,272.5799865722656,291.2078389485677,282.46083272298176,273.7138264973958,0.019086664805096243,
56,2025-04-14 00:00:00-04:00,2025-04-14,00:00:00,1744603200,295.5400085449219,296.5799865722656,294.5299987792969,296.2300109863281,10810436,0.0,0.0,0.0,10329539,170.017,313.31,311.61,0.0,306.3624,317.63,217.52,81507737600,1.841757,260300000,273.3853,5.188574654715402,287.73896401567526,283.60698140218784,67.1893128291891,5.105241998374083,4.105434108948533,0.9998078894255507,296.8934140198861,283.55550079345704,270.217587567028,88.61004964680109,93.69158871148723,-11.389950353198914,162.0079129254806,40.010428069174665,42.758780625215046,24.160210463607264,170804888.8,299.2699890136719,285.92498779296875,272.5799865722656,292.3666692097982,283.4346654256185,274.5026616414388,-0.005705977012200658,
57,2025-04-15 00:00:00-04:00,2025-04-15,00:00:00,1744689600,296.92999267578125,298.0199890136719,296.0899963378906,297.7799987792969,10810436,0.0,0.0,0.0,10329539,170.017,313.31,311.61,0.0,306.3624,317.63,217.52,81507737600,1.841757,260300000,273.3853,5.237860543387277,289.5646066999701,284.9567925809601,68.44092534254506,5.60696070532822,4.405739428224471,1.2012212771037492,299.090024508808,284.44650115966795,269.80297781052786,94.41742188804201,92.66895958203081,-5.582578111957996,153.05603638506935,38.88672744469477,44.320167598951095,23.26467541644835,171885932.4,299.2699890136719,285.92498779296875,272.5799865722656,293.090837097168,284.31383209228517,275.53682708740234,0.005232379352138938,
58,2025-04-16 00:00:00-04:00,2025-04-16,00:00:00,1744776000,304.6499938964844,308.05999755859375,303.79998779296875,307.4700012207031,10810436,0.0,0.0,0.0,10329539,170.017,313.31,311.61,0.0,306.3624,317.63,217.52,81507737600,1.841757,260300000,273.3853,5.698573521205357,292.820132976467,287.10090768950704,71.63216741070735,6.709139821996132,4.866419506978803,1.8427203150173286,303.551323697306,285.764501953125,267.977680208944,98.33710215558284,93.78819123014198,-1.6628978444171685,207.2287008957931,37.993013682226554,49.49859079071789,21.38379455228151,172966976.0,308.05999755859375,290.3199920654297,272.5799865722656,295.17150217692057,285.6084986368815,276.04549509684244,0.0325408102664011,
59,2025-04-17 00:00:00-04:00,2025-04-17,00:00:00,1744862400,306.30999755859375,307.1300048828125,302.7300109863281,306.1199951171875,10810436,0.0,0.0,0.0,10329539,170.017,313.31,311.61,0.0,306.3624,317.63,217.52,81507737600,1.841757,260300000,273.3853,5.846429007393973,295.23828972932523,288.9122493492861,68.95188396191492,7.388520240506864,5.370839653684415,2.0176805868224488,306.82019278837515,287.0330017089844,267.2458106295936,94.53212558994468,95.76221654452318,-5.467874410055315,163.8882403248235,35.36918291788749,45.10687862804016,22.15024192216359,174048019.6,308.05999755859375,290.3199920654297,272.5799865722656,296.72583567301433,286.8568323771159,276.98782908121746,-0.004390692094044635,
60,2025-04-21 00:00:00-04:00,2025-04-21,00:00:00,1745208000,315.0199890136719,316.4100036621094,313.95001220703125,315.5899963378906,10810436,0.0,0.0,0.0,10329539,170.017,313.31,311.61,0.0,306.3624,317.63,217.52,81507737600,1.841757,260300000,273.3853,6.272142682756696,298.9386000217916,291.4529871577247,71.58356916990166,8.5920403781368,6.0150797985748925,2.5769605795619084,311.98268035261617,288.8880020141602,265.7933236757042,98.12911931442355,96.99944901998369,-1.8708806855764637,201.5738140284176,32.972647741992695,48.34299381585468,20.64682253650745,176210106.8,316.4100036621094,294.4949951171875,272.5799865722656,299.1956700642904,288.7136662801107,278.231662495931,0.03093558529908469,0.18789542405007276
61,2025-04-22 00:00:00-04:00,2025-04-22,00:00:00,1745294400,317.489990234375,317.6300048828125,310.3599853515625,311.1099853515625,10810436,0.0,0.0,0.0,10329539,170.017,313.31,311.61,0.0,306.3624,317.63,217.52,81507737600,1.841757,260300000,273.3853,6.561429704938616,301.151579172659,293.3250822238045,67.43702076099537,9.079674477049878,6.62799873426989,2.4516757427799876,315.00932099067813,290.5810012817383,266.15268157279843,85.52715453675283,92.72946648037369,-14.472845463247165,153.14553721524558,30.017804985078353,45.40603554270683,23.64467392607943,178372194.0,317.6300048828125,295.10499572753906,272.5799865722656,301.4646708170573,290.4786661783854,279.49266153971354,-0.014195668551963636,0.19134746686865095
62,2025-04-23 00:00:00-04:00,2025-04-23,00:00:00,1745380800,304.17999267578125,304.739990234375,300.5899963378906,303.6499938964844,10810436,0.0,0.0,0.0,10329539,170.017,313.31,311.61,0.0,306.3624,317.63,217.52,81507737600,1.841757,260300000,273.3853,7.193570818219866,301.6058363951727,294.3084071450121,60.41413960695228,8.763152877479286,7.05502956291177,1.7081233145675156,316.235638843082,291.84000091552736,267.44436298797274,68.967801766564,84.20802520591344,-31.03219823343601,74.85602176399928,26.199575611487294,41.41594180720683,31.267990175951084,179453237.6,317.6300048828125,295.10499572753906,272.5799865722656,303.45033721923824,291.683332824707,279.9163284301758,-0.023978630729734163,0.1974397221828978
63,2025-04-24 00:00:00-04:00,2025-04-24,00:00:00,1745467200,306.9800109863281,308.5,304.7099914550781,308.07000732421875,10810436,0.0,0.0,0.0,10329539,170.017,313.31,311.61,0.0,306.3624,317.63,217.52,81507737600,1.841757,260300000,273.3853,7.065715244838169,302.78114020045376,295.619035733508,64.04931132477151,8.767894542962893,7.397602558921994,1.3702919840408985,317.8732397237836,293.33150177001954,268.78976381625546,78.77914833975636,77.75803488102439,-21.22085166024364,90.26214068305597,25.753757458368504,45.96643251966505,26.87021176888707,181615324.8,317.6300048828125,295.10499572753906,272.5799865722656,305.24867248535156,293.12066650390625,280.99266052246094,0.014556277018207942,0.19851334325676423
64,2025-04-25 00:00:00-04:00,2025-04-25,00:00:00,1745553600,301.7799987792969,305.3699951171875,301.010009765625,304.7300109863281,10810436,0.0,0.0,0.0,10329539,170.017,313.31,311.61,0.0,306.3624,317.63,217.52,81507737600,1.841757,260300000,273.3853,6.969999040876116,303.13548034333996,296.486747662348,66.96974415593989,8.405252042607287,7.599132455659053,0.8061195869482347,318.9035238326458,294.4695022583008,270.03548068395577,71.365175020441,73.03737504225379,-28.63482497955899,61.49349583716241,26.962615045929596,46.59767111878932,26.491062864405666,182696368.4,317.6300048828125,295.10499572753906,272.5799865722656,306.69633738199866,294.24533335367835,281.79432932535804,-0.010841679678267213,0.20008930554304244
65,2025-04-28 00:00:00-04:00,2025-04-28,00:00:00,1745812800,304.1499938964844,309.1099853515625,302.9700012207031,309.07000732421875,10810436,0.0,0.0,0.0,10329539,170.017,313.31,311.61,0.0,306.3624,317.63,217.52,81507737600,1.841757,260300000,273.3853,6.868567330496652,304.21448524895425,297.68515334443094,74.54875122407202,8.371554611532417,7.7536168868337265,0.6179377246986908,320.46881932463384,295.72000274658205,270.97118616853027,80.27196434951654,76.8054292365713,-19.72803565048347,75.6773530612279,28.53875194354392,51.17514643907953,21.225026333169257,183777412.0,317.6300048828125,295.10499572753906,272.5799865722656,308.2031677246094,295.40516662597656,282.60716552734374,0.01424210344049559,0.19986553014582248
66,2025-04-29 00:00:00-04:00,2025-04-29,00:00:00,1745899200,305.80999755859375,306.95001220703125,304.0,306.05999755859375,10810436,0.0,0.0,0.0,10329539,170.017,313.31,311.61,0.0,306.3624,317.63,217.52,81507737600,1.841757,260300000,273.3853,6.901423863002232,304.55003294161594,298.4827575553036,70.98177493341655,8.009636419426442,7.80482079335227,0.20481562607417203,321.50648459378533,296.61600189208986,271.7255191903944,68.37931543535719,73.33881826843823,-31.620684564642808,60.86636226328719,29.742852985280756,50.931510068407185,21.12397750882648,183777412.0,317.6300048828125,295.10499572753906,272.5799865722656,309.18766632080076,296.31566619873047,283.4436660766602,-0.009738925467677184,0.20157881305308684
67,2025-04-30 00:00:00-04:00,2025-04-30,00:00:00,1745985600,304.6099853515625,306.07000732421875,303.44000244140625,303.7699890136719,10810436,0.0,0.0,0.0,10329539,170.017,313.31,311.61,0.0,306.3624,317.63,217.52,81507737600,1.841757,260300000,273.3853,6.327139718191964,304.40820677289884,298.98630340848155,64.0060821329674,7.4521256280741,7.7342817602966365,-0.28215613222253655,322.13067412073985,297.4260009765625,272.7213278323851,54.40783338202093,67.68637105563154,-45.592166617979075,48.23368417045303,32.02064065645735,47.030959957114135,23.673494136956396,183777412.0,317.6300048828125,295.10499572753906,272.5799865722656,309.973166402181,297.16016591389973,284.34716542561847,-0.007482221012837353,0.20262441212839552
68,2025-05-01 00:00:00-04:00,2025-05-01,00:00:00,1746072000,297.4100036621094,297.94000244140625,295.32000732421875,297.4599914550781,10810436,0.0,0.0,0.0,10329539,170.017,313.31,311.61,0.0,306.3624,317.63,217.52,81507737600,1.841757,260300000,273.3853,6.396425519670759,303.1448948969314,298.8409403653003,53.931363378525084,6.427043286835271,7.472834065604364,-1.045790778769093,322.20838473683744,297.89100036621096,273.5736159955845,12.683947626036904,45.157032147805005,-87.31605237396309,-4.814403997660955,30.85084953813412,38.71583469449862,32.4846227797216,182696368.4,317.6300048828125,295.10499572753906,272.5799865722656,311.08733011881515,297.596332804362,284.1053354899089,-0.02077228754256477,0.20765268055792468
69,2025-05-02 00:00:00-04:00,2025-05-02,00:00:00,1746158400,300.1700134277344,300.8500061035156,297.0299987792969,297.9800109863281,10810436,0.0,0.0,0.0,10329539,170.017,313.31,311.61,0.0,306.3624,317.63,217.52,81507737600,1.841757,260300000,273.3853,6.174998692103794,302.20582509500355,298.7589470911125,50.041730595018706,5.592156477396486,7.096698547962789,-1.5045420705663028,322.18035582640965,298.4690002441406,274.75764466187155,14.935113833178542,27.342298280412123,-85.06488616682145,2.9308194335789683,28.576217954628877,36.05554659306204,33.64947597653623,182696368.4,317.6300048828125,295.10499572753906,272.5799865722656,311.4369990030924,298.22799936930335,285.0189997355143,0.0017481999132260562,0.20748318263601648
70,2025-05-05 00:00:00-04:00,2025-05-05,00:00:00,1746417600,305.9200134277344,307.6499938964844,304.67999267578125,306.8800048828125,10810436,0.0,0.0,0.0,10329539,170.017,313.31,311.61,0.0,306.3624,317.63,217.52,81507737600,1.841757,260300000,273.3853,6.622855050223214,303.05567596551424,299.5323811665125,57.93236129920349,5.584285624394511,6.794215963249134,-1.2099303388546234,322.08350304445383,299.8270004272461,277.5704978100384,51.815324175779075,26.478128544998167,-48.18467582422092,55.46244787255853,27.821570586200817,40.95126533449541,28.914986531711694,183777412.0,317.6300048828125,295.10499572753906,272.5799865722656,312.8546615600586,299.51866607666017,286.1826705932617,0.029867754776654154,0.21487716968517553
71,2025-05-06 00:00:00-04:00,2025-05-06,00:00:00,1746504000,313.1199951171875,315.6199951171875,311.3999938964844,315.4800109863281,10810436,0.0,0.0,0.0,10329539,170.017,313.31,311.61,0.0,306.3624,317.63,217.52,81507737600,1.841757,260300000,273.3853,7.109283447265625,305.31464596929857,301.051203054114,61.93043906115524,6.2005207919879695,6.675476928996902,-0.4749561370089328,321.53613190974517,301.9155014038086,282.29487089787204,90.36309219291599,52.37117673395786,-9.636907807084018,114.24477206750768,27.36821876941127,44.71015190418342,26.93657750449347,185939499.2,317.6300048828125,295.93499755859375,274.239990234375,314.9071578979492,301.45316619873046,287.9991744995117,0.02802400275899264,0.22107189765762797
72,2025-05-07 00:00:00-04:00,2025-05-07,00:00:00,1746590400,312.1000061035156,313.260009765625,310.0799865722656,310.75,10810436,0.0,0.0,0.0,10329539,170.017,313.31,311.61,0.0,306.3624,317.63,217.52,81507737600,1.841757,260300000,273.3853,6.760713849748884,306.3028921566988,301.9748980013412,52.36925442740354,6.235342103392725,6.587449963876067,-0.3521078604833425,319.11509255347727,303.69300079345703,288.2709090334368,69.16178558629048,70.44673398499516,-30.83821441370952,88.51519813260764,25.257465892376413,36.407811597712204,29.71999596323188,187020542.8,317.6300048828125,299.3350067138672,281.0400085449219,316.75832519531247,303.22533264160154,289.6923400878906,-0.014993060801348546,0.22220166607193678
73,2025-05-08 00:00:00-04:00,2025-05-08,00:00:00,1746676800,309.760009765625,310.4800109863281,303.04998779296875,304.6300048828125,10810436,0.0,0.0,0.0,10329539,170.017,313.31,311.61,0.0,306.3624,317.63,217.52,81507737600,1.841757,260300000,273.3853,6.972143990652902,305.998730834174,302.2277653233861,48.99311447362885,5.703360989265889,6.410632168954032,-0.707271179688143,317.44306362572735,304.655500793457,291.86793796118667,41.730159468384,67.08501241586349,-58.26984053161599,22.85468995316768,22.857972767029654,35.30374536694716,34.92469090835193,187020542.8,317.6300048828125,302.4300079345703,287.2300109863281,317.5591613769531,304.3231658935547,291.08717041015626,-0.0196942722998793,0.22650248013424282
74,2025-05-09 00:00:00-04:00,2025-05-09,00:00:00,1746763200,307.7900085449219,308.57000732421875,306.010009765625,306.8399963378906,10810436,0.0,0.0,0.0,10329539,170.017,313.31,311.61,0.0,306.3624,317.63,217.52,81507737600,1.841757,260300000,273.3853,6.518572126116071,306.1516881984861,302.6670254200056,43.443732535751685,5.3978667169019445,6.208079078543615,-0.8102123616416703,316.80091561109685,305.38000030517577,293.9590849992547,51.63599405789449,54.17597970418965,-48.36400594210551,30.739637241372723,21.0642303082594,27.59148584407211,37.354802421609364,187020542.8,317.6300048828125,306.0800018310547,294.5299987792969,318.0214970906576,305.1394994099935,292.2575017293294,0.007254674259445482,0.22671590092137697
75,2025-05-12 00:00:00-04:00,2025-05-12,00:00:00,1747022400,298.3299865722656,299.4700012207031,296.82000732421875,298.19000244140625,10810436,0.0,0.0,0.0,10329539,170.017,313.31,311.61,0.0,306.3624,317.63,217.52,81507737600,1.841757,260300000,273.3853,6.714998517717634,304.7041089699261,302.2406422791866,40.888590647936596,4.406977198755953,5.847858702586083,-1.4408815038301297,316.7787470151513,305.393000793457,294.00725457176276,14.137915482794389,35.83468966969095,-85.8620845172056,-107.60001672393535,20.410855204986756,26.784382761476234,42.21889233599923,185939499.2,317.6300048828125,306.0800018310547,294.5299987792969,318.3393315633138,305.14733327229817,291.95533498128253,-0.028190568373488878,0.23462537897759242
76,2025-05-13 00:00:00-04:00,2025-05-13,00:00:00,1747108800,299.0199890136719,300.29998779296875,297.239990234375,299.4599914550781,10810436,0.0,0.0,0.0,10329539,170.017,313.31,311.61,0.0,306.3624,317.63,217.52,81507737600,1.841757,260300000,273.3853,6.182141985212054,303.7506330581355,301.9758183911763,46.76247796425045,3.681726959717878,5.414632354012442,-1.7329053942945638,316.47513079712485,305.5544998168945,294.6338688366642,20.39402276041432,28.722644100367727,-79.60597723958568,-101.68185748997321,19.912936558033756,30.051973329290178,34.569598070569484,185939499.2,317.6300048828125,306.4750061035156,295.32000732421875,318.4663314819336,305.308332824707,292.1503341674804,0.004258992599597278,0.23210078039415974
77,2025-05-14 00:00:00-04:00,2025-05-14,00:00:00,1747195200,293.6700134277344,294.79998779296875,291.9599914550781,293.1600036621094,10810436,0.0,0.0,0.0,10329539,170.017,313.31,311.61,0.0,306.3624,317.63,217.52,81507737600,1.841757,260300000,273.3853,6.371427263532366,301.8250640770398,301.136216988408,38.80462195368422,2.568990829297718,4.845504049069497,-2.276513219771779,317.09857910274974,305.32350006103513,293.54842101932053,5.071902034203931,13.201280092470869,-94.92809796579607,-179.82616112265484,19.6503297835618,24.943917096176577,39.46187098109586,184858455.6,317.6300048828125,304.7949981689453,291.9599914550781,318.8238321940104,305.10883280436195,291.3938334147135,-0.021037827999516923,0.2348440909752425
78,2025-05-15 00:00:00-04:00,2025-05-15,00:00:00,1747281600,294.1000061035156,297.8999938964844,293.75,297.8399963378906,10810436,0.0,0.0,0.0,10329539,170.017,313.31,311.61,0.0,306.3624,317.63,217.52,81507737600,1.841757,260300000,273.3853,6.205712454659598,301.1005063062854,300.8222912121683,44.92859164484058,2.041245518013227,4.2846523428582435,-2.2434068248450165,317.02790903617154,304.84199981689454,292.65609059761755,24.85208779671117,16.772670863776465,-75.14791220328883,-112.96452512759363,18.458053336042912,29.178157303970693,36.25691677529424,183777412.0,317.6300048828125,304.7949981689453,291.9599914550781,317.77249806722006,304.6114995320638,291.4505009969076,0.015963953531585195,0.23671276794648247
79,2025-05-16 00:00:00-04:00,2025-05-16,00:00:00,1747368000,292.6199951171875,294.5799865722656,291.7799987792969,294.239990234375,10810436,0.0,0.0,0.0,10329539,170.017,313.31,311.61,0.0,306.3624,317.63,217.52,81507737600,1.841757,260300000,273.3853,6.199999128069196,299.85313974775625,300.1954054047594,38.96411925064564,1.3173278155239814,3.6911874373913913,-2.37385962186741,317.2990768102176,304.2479995727539,291.19692233529014,10.318757688600327,13.414249173171799,-89.68124231139967,-130.7553186494965,17.04125906470102,24.896299989241495,38.559914663276444,182696368.4,317.6300048828125,304.7050018310547,291.7799987792969,317.31483154296876,304.02183227539064,290.7288330078125,-0.012087047232674286,0.2383837453497135
80,2025-05-19 00:00:00-04:00,2025-05-19,00:00:00,1747627200,297.8500061035156,298.5799865722656,296.4800109863281,298.0299987792969,10810436,0.0,0.0,0.0,10329539,170.017,313.31,311.61,0.0,306.3624,317.63,217.52,81507737600,1.841757,260300000,273.3853,6.147855486188616,299.5216595716727,299.9891762023344,44.09298320208725,1.0374804075785846,3.16044603142883,-2.1229656238502455,315.5413672913887,303.36999969482423,291.19863209825974,26.216446980180212,20.462430821830562,-73.78355301981979,-70.4005833958982,15.036727206007049,29.754841701765848,38.88696437771177,181615324.8,317.6300048828125,304.7050018310547,291.7799987792969,315.83883005777994,303.14083201090494,290.44283396402994,0.012880671121226372,0.23946472265739704
81,2025-05-20 00:00:00-04:00,2025-05-20,00:00:00,1747713600,298.3500061035156,303.67999267578125,298.29998779296875,303.5799865722656,10810436,0.0,0.0,0.0,10329539,170.017,313.31,311.61,0.0,306.3624,317.63,217.52,81507737600,1.841757,260300000,273.3853,6.363568987165179,300.25953720814414,300.33115814232787,49.86662747893803,1.2491376707918107,2.7781843593014264,-1.5290466885096157,314.609976901002,302.9934997558594,291.3770226107167,49.496600694582234,28.677268454454246,-50.50339930541776,-10.189688931870185,12.924062832285143,34.470763539204604,36.940191141712056,181615324.8,315.6199951171875,303.6999969482422,291.7799987792969,315.117827351888,302.5818318684896,290.04583638509115,0.0186222454642182,0.2418535837954546
82,2025-05-21 00:00:00-04:00,2025-05-21,00:00:00,1747800000,304.54998779296875,306.4599914550781,303.6700134277344,305.82000732421875,10810436,0.0,0.0,0.0,10329539,170.017,313.31,311.61,0.0,306.3624,317.63,217.52,81507737600,1.841757,260300000,273.3853,5.9657135009765625,301.27053177470316,300.85390568346037,56.22395429815709,1.579421937900463,2.538431875021234,-0.9590099371207708,314.78464417603846,303.1020004272461,291.4193566784537,58.89266233907543,44.868570004612614,-41.107337660924564,35.841267201876995,13.365224054371028,40.09817365863498,29.6815275452968,182696368.4,315.6199951171875,303.6999969482422,291.7799987792969,314.4699961344401,302.6979990641276,290.9260019938151,0.007378683875855163,0.2400271687690714
83,2025-05-22 00:00:00-04:00,2025-05-22,00:00:00,1747886400,305.0899963378906,305.2799987792969,302.1000061035156,303.1099853515625,10810436,0.0,0.0,0.0,10329539,170.017,313.31,311.61,0.0,306.3624,317.63,217.52,81507737600,1.841757,260300000,273.3853,5.958570207868304,301.60497787958667,301.06877041375583,53.69861132930334,1.6040084634529421,2.3515471927075753,-0.7475387292546332,314.30079767572994,302.85399932861327,291.4072009814966,47.52511876127288,51.971460598310166,-52.47488123872712,13.852819931360461,13.64804326359561,36.657867222533994,31.599162394375576,182696368.4,315.6199951171875,303.6999969482422,291.7799987792969,314.17716217041016,302.5181655883789,290.85916900634766,-0.008861493387459118,0.24110739196332806
84,2025-05-23 00:00:00-04:00,2025-05-23,00:00:00,1747972800,308.8599853515625,310.25,307.4700012207031,309.75,10810436,0.0,0.0,0.0,10329539,170.017,313.31,311.61,0.0,306.3624,317.63,217.52,81507737600,1.841757,260300000,273.3853,5.777858189174107,303.08589099238907,301.8955541838743,52.13891337632813,2.1346798903172157,2.3081737322295037,-0.173493841912288,314.9386177473306,303.10499877929686,291.2713798112631,75.37753347781396,60.59843819272074,-24.622466522186052,85.65869137701318,12.727268290175003,35.54208776565643,32.58747817478582,183777412.0,315.6199951171875,303.6999969482422,291.7799987792969,314.4578303019206,302.790832010905,291.1238337198894,0.021906288045034472,0.24171251472007912
85,2025-05-27 00:00:00-04:00,2025-05-27,00:00:00,1748318400,303.80999755859375,304.8800048828125,302.739990234375,304.5,10810436,0.0,0.0,0.0,10329539,170.017,313.31,311.61,0.0,306.3624,317.63,217.52,81507737600,1.841757,260300000,273.3853,5.654288155691964,303.3430017210456,302.14359664255295,41.3868784032427,2.107317847087643,2.2680025552011314,-0.16068470811348856,314.39750447341805,302.8764984130859,291.3554923527538,59.21785248992338,60.70683490967006,-40.78214751007662,19.363290981516744,12.375084098349031,26.250618755580362,39.274903273660364,183777412.0,315.6199951171875,303.6999969482422,291.7799987792969,314.3943328857422,302.64033203125,290.88633117675784,-0.016949152542372836,0.24438604014885673
86,2025-05-28 00:00:00-04:00,2025-05-28,00:00:00,1748404800,304.6400146484375,304.989990234375,303.05999755859375,303.80999755859375,10810436,0.0,0.0,0.0,10329539,170.017,313.31,311.61,0.0,306.3624,317.63,217.52,81507737600,1.841757,260300000,273.3853,5.406428745814732,303.4279100551452,302.30230149169967,44.18760383386581,2.006822400831652,2.2157665243272358,-0.20894412349558378,314.19772633023115,302.7639984130859,291.3302704959407,64.33150227984112,66.30896274919282,-35.66849772015889,19.66699437219716,12.904742764056037,27.59939682526883,39.3315082190621,183777412.0,315.6199951171875,303.6999969482422,291.7799987792969,313.9944976806641,302.55449829101565,291.1144989013672,-0.0022660178699712707,0.2435634420275655
87,2025-05-29 00:00:00-04:00,2025-05-29,00:00:00,1748491200,305.739990234375,306.8900146484375,304.4599914550781,305.6099853515625,10810436,0.0,0.0,0.0,10329539,170.017,313.31,311.61,0.0,306.3624,317.63,217.52,81507737600,1.841757,260300000,273.3853,5.076429094587054,303.82465101813017,302.6173190021628,50.88477824336031,2.0488056512002686,2.1823743497018424,-0.13356869850157382,314.35324258756043,302.85599822998046,291.3587538724005,74.878103184766,66.1424859848435,-25.121896815234003,42.2145908947773,12.874031752773805,32.066984939166666,31.99664894955475,184858455.6,315.6199951171875,303.6999969482422,291.7799987792969,314.1008321126302,302.61583150227864,291.1308308919271,0.0059247154716217665,0.24331786097746844
88,2025-05-30 00:00:00-04:00,2025-05-30,00:00:00,1748577600,303.6400146484375,304.0199890136719,301.5,303.6000061035156,10810436,0.0,0.0,0.0,10329539,170.017,313.31,311.61,0.0,306.3624,317.63,217.52,81507737600,1.841757,260300000,273.3853,5.088570731026786,303.78380648820024,302.7109082499107,47.06416213806689,1.8980100737110206,2.125501494503678,-0.22749142079265727,314.37800912728017,303.16299896240236,291.94798879752454,63.99570407699616,67.73510318053441,-36.004295923003845,1.7519049591844023,12.228912688523204,31.990471180504386,36.075260710283445,185939499.2,315.6199951171875,303.6999969482422,291.7799987792969,313.9734990437825,302.92249806722003,291.87149709065756,-0.006576942326457891,0.2439880997867308
89,2025-06-02 00:00:00-04:00,2025-06-02,00:00:00,1748836800,309.2099914550781,311.7200012207031,308.7200012207031,311.6700134277344,10810436,0.0,0.0,0.0,10329539,170.017,313.31,311.61,0.0,306.3624,317.63,217.52,81507737600,1.841757,260300000,273.3853,4.952856881277902,305.21766229538827,303.56415636208436,62.344331025139,2.401996914092024,2.180800578421347,0.22119633567067698,315.39669157529613,303.84749908447264,292.29830659364916,99.74930899273639,79.54103875149951,-0.2506910072636112,105.95216929081008,12.755833556251838,43.97176573730499,23.810225897867777,187020542.8,315.6199951171875,303.6999969482422,291.7799987792969,315.0076644897461,303.5266647338867,292.04566497802733,0.026581051258171673,0.24859499446729774
90,2025-06-03 00:00:00-04:00,2025-06-03,00:00:00,1748923200,309.55999755859375,309.55999755859375,307.1499938964844,308.9100036621094,10810436,0.0,0.0,0.0,10329539,170.017,313.31,311.61,0.0,306.3624,317.63,217.52,81507737600,1.841757,260300000,273.3853,5.0571441650390625,305.8889970893375,304.07328467637245,58.42396833877597,2.549313495319666,2.2545031618010105,0.2948103335186554,315.6451530524324,303.9489990234375,292.2528449944426,85.90773713869426,83.21758340280893,-14.092262861305734,70.92646364725444,13.989083969388753,41.892692809189754,25.53674069763683,187020542.8,315.6199951171875,303.6999969482422,291.7799987792969,314.59950154622396,303.6334981282552,292.66749471028646,-0.008855551213511115,0.24967412677047882
91,2025-06-04 00:00:00-04:00,2025-06-04,00:00:00,1749009600,309.4100036621094,311.8800048828125,308.739990234375,310.8999938964844,10810436,0.0,0.0,0.0,10329539,170.017,313.31,311.61,0.0,306.3624,317.63,217.52,81507737600,1.841757,260300000,273.3853,4.745716639927456,306.80008741790965,304.7234474592402,67.13014696521776,2.79442612329359,2.3624877540995266,0.4319383691940635,314.61764016972995,303.7199981689453,292.8223561681607,95.12432493163912,93.59379035435659,-4.875675068360873,105.6691286008328,15.438386479326198,48.1336930155477,19.26552071166001,187020542.8,313.260009765625,302.52000427246094,291.7799987792969,313.8565038045247,303.4504979451497,293.0444920857747,0.006441974072654677,0.24869698488313458
92,2025-06-05 00:00:00-04:00,2025-06-05,00:00:00,1749096000,311.239990234375,312.20001220703125,307.6499938964844,309.3299865722656,10810436,0.0,0.0,0.0,10329539,170.017,313.31,311.61,0.0,306.3624,317.63,217.52,81507737600,1.841757,260300000,273.3853,4.732147216796875,307.26006908233796,305.1621654700046,61.803965337781065,2.829377870078474,2.4558657772953163,0.3735120927831579,314.37087457031834,303.6489974975586,292.92712042479883,85.94503551663894,88.9923658623241,-14.054964483361058,96.63490138650212,17.169097104822434,43.59246610363898,20.96604053099155,187020542.8,312.20001220703125,301.99000549316406,291.7799987792969,313.6896697998047,303.36866455078126,293.04765930175785,-0.00504987891618125,0.248478488603259
93,2025-06-06 00:00:00-04:00,2025-06-06,00:00:00,1749182400,309.0899963378906,309.20001220703125,305.1000061035156,305.17999267578125,10810436,0.0,0.0,0.0,10329539,170.017,313.31,311.61,0.0,306.3624,317.63,217.52,81507737600,1.841757,260300000,273.3853,4.601431710379464,306.8818733720549,305.1638632991262,61.11336386329225,2.493464450659644,2.463385511968182,0.030078938691462387,314.4117808095496,303.676496887207,292.9412129648644,55.34339067350271,78.8042503739269,-44.656609326497296,46.96888808237157,18.00543719083372,44.83082225915195,22.46195490488489,187020542.8,312.20001220703125,301.99000549316406,291.7799987792969,313.3646667480469,303.3906646728516,293.4166625976563,-0.013416073696802311,0.2505545240725574
94,2025-06-09 00:00:00-04:00,2025-06-09,00:00:00,1749441600,305.3900146484375,307.6099853515625,305.05999755859375,306.6199951171875,10810436,0.0,0.0,0.0,10329539,170.017,313.31,311.61,0.0,306.3624,317.63,217.52,81507737600,1.841757,260300000,273.3853,4.473573957170759,306.83425914389716,305.30254251989396,59.163635203475366,2.316740861532992,2.434056581881144,-0.1173157203481523,314.3875749561632,303.6654968261719,292.9434186961806,59.85606266850504,67.04816295288221,-40.14393733149496,46.849515706295975,18.935614992717138,39.725405296889626,23.167813450628355,187020542.8,312.20001220703125,301.99000549316406,291.7799987792969,313.1901646931966,303.355164082845,293.52016347249344,0.004718534884218695,0.24850118044530617
95,2025-06-10 00:00:00-04:00,2025-06-10,00:00:00,1749528000,308.30999755859375,308.6000061035156,305.8699951171875,306.7099914550781,10810436,0.0,0.0,0.0,10329539,170.017,313.31,311.61,0.0,306.3624,317.63,217.52,81507737600,1.841757,260300000,273.3853,4.265003749302456,306.8116650186573,305.43658527562576,53.779283143344806,2.159059798869066,2.3790572252787285,-0.21999742640966247,314.57187850592334,304.0914962768555,293.6111140477876,48.6914533766093,54.63030223953901,-51.3085466233907,51.770485039761425,19.95602904644951,34.784846407939575,24.300782130442975,188101586.4,312.20001220703125,301.99000549316406,291.7799987792969,312.9061665852864,303.80016377766924,294.69416097005205,0.000293510988597534,0.24850406609101505
96,2025-06-11 00:00:00-04:00,2025-06-11,00:00:00,1749614400,307.5,308.6199951171875,305.8500061035156,308.3699951171875,10810436,0.0,0.0,0.0,10329539,170.017,313.31,311.61,0.0,306.3624,317.63,217.52,81507737600,1.841757,260300000,273.3853,4.257145472935268,307.0949977638446,305.7159576414888,53.12268763855483,2.1433377792423585,2.331913336071455,-0.18857555682909632,314.94567464662816,304.53699645996096,294.12831827329376,64.2054885944247,57.58433487984633,-35.7945114055753,55.45876930925576,19.654593110527657,30.184631234209974,24.34563901004314,189182630.0,312.20001220703125,301.99000549316406,291.7799987792969,313.3078328450521,304.2308308919271,295.1538289388021,0.005412290790508978,0.2485039916458321
97,2025-06-12 00:00:00-04:00,2025-06-12,00:00:00,1749700800,311.739990234375,313.1000061035156,311.1499938964844,312.20001220703125,10810436,0.0,0.0,0.0,10329539,170.017,313.31,311.61,0.0,306.3624,317.63,217.52,81507737600,1.841757,260300000,273.3853,4.329289027622768,308.02318220806035,306.3334866477309,60.83435543547371,2.4121228846591976,2.3479552457890036,0.06416763887019394,314.95669834246013,305.488996887207,296.0212954319539,92.24143600914475,68.37945932672623,-7.758563990855255,124.78765174496817,21.0476047314309,37.073164591378955,21.349599963747497,191344717.2,313.1000061035156,302.44000244140625,291.7799987792969,313.97300109863284,305.172998046875,296.3729949951172,0.0124202002480438,0.24863402796194048
98,2025-06-13 00:00:00-04:00,2025-06-13,00:00:00,1749787200,317.260009765625,317.6000061035156,315.0400085449219,316.2900085449219,10810436,0.0,0.0,0.0,10329539,170.017,313.31,311.61,0.0,306.3624,317.63,217.52,81507737600,1.841757,260300000,273.3853,4.2050018310546875,309.52624154203517,307.2817268284158,58.29950451528552,2.9214884399638095,2.462661884623965,0.4588265553398445,316.3259952014501,306.41149749755857,296.49699979366704,91.86337228587946,82.77009896314962,-8.136627714120536,183.36367997433788,22.590000134959435,37.370564727874246,21.980629873829283,193506804.4,317.6000061035156,304.69000244140625,291.7799987792969,315.0296686808268,306.16366526285805,297.2976618448893,0.013100564311248064,0.24965013056408342
99,2025-06-16 00:00:00-04:00,2025-06-16,00:00:00,1750046400,314.79998779296875,314.8699951171875,311.6499938964844,311.7799987792969,10810436,0.0,0.0,0.0,10329539,170.017,313.31,311.61,0.0,306.3624,317.63,217.52,81507737600,1.841757,260300000,273.3853,4.035716465541294,309.93601558517366,307.7101336808807,59.41541398045959,2.9274978431302543,2.555629076325223,0.3718687668050311,315.65138120232433,307.2884979248047,298.92561464728504,63.85089988911319,82.65190272804578,-36.14910011088681,112.78595465179349,23.381130397302403,38.938140092352086,20.53097316453071,195668891.6,317.6000061035156,307.0400085449219,296.4800109863281,315.84933725992835,307.12533213297525,298.40132700602214,-0.01425909653729851,0.2518057566102608
100,2025-06-17 00:00:00-04:00,2025-06-17,00:00:00,1750132800,312.6600036621094,313.0,310.1199951171875,311.94000244140625,10810436,0.0,0.0,0.0,10329539,170.017,313.31,311.61,0.0,306.3624,317.63,217.52,81507737600,1.841757,260300000,273.3853,4.103574480329241,310.30037683176135,308.11297832474025,60.6609019691959,2.9116080910997653,2.6268248792801314,0.28478321181963384,315.36030308983624,307.98399810791017,300.6076931259841,64.84471107825576,73.51966108441613,-35.15528892174424,82.721483480285,23.91582549601327,38.10280140003602,22.854647725419554,197830978.8,317.6000061035156,307.9499969482422,298.29998779296875,316.4028381347656,307.8248321533203,299.246826171875,0.0005131941200071655,0.2509747692836052
101,2025-06-18 00:00:00-04:00,2025-06-18,00:00:00,1750219200,312.8900146484375,312.9800109863281,309.8599853515625,310.260009765625,10810436,0.0,0.0,0.0,10329539,170.017,313.31,311.61,0.0,306.3624,317.63,217.52,81507737600,1.841757,260300000,273.3853,4.106432233537946,310.2930373651911,308.31745750958646,56.11684190919076,2.731961626442626,2.6478522287126305,0.08410939772999537,315.455751871306,308.3179992675781,301.1802466638502,54.40997791741302,61.03519629492731,-45.59002208258698,61.63074104755431,25.320296824328956,34.77132273862772,23.291011840746055,198912022.4,317.6000061035156,309.5500030517578,301.5,316.6088419596354,308.28383280436196,299.9588236490885,-0.005385627565021256,0.251084726517272
102,2025-06-20 00:00:00-04:00,2025-06-20,00:00:00,1750392000,309.3299865722656,310.8900146484375,309.25,310.1300048828125,10810436,0.0,0.0,0.0,10329539,170.017,313.31,311.61,0.0,306.3624,317.63,217.52,81507737600,1.841757,260300000,273.3853,3.9300057547433034,310.2633950956677,308.4900810689413,59.03680097034485,2.549708746085912,2.628223532187287,-0.07851478610137486,315.61372036945147,308.5334991455078,301.4532779215641,40.43065286643579,53.228447287368176,-59.5693471335642,36.131176926798744,26.951860741795763,36.33228280246581,20.065416901011595,198912022.4,317.6000061035156,309.5500030517578,301.5,316.7235097249349,308.522499593099,300.32148946126307,-0.00041901914110908933,0.25108212729818513
103,2025-06-23 00:00:00-04:00,2025-06-23,00:00:00,1750651200,310.3399963378906,312.6700134277344,310.30999755859375,311.0799865722656,10810436,0.0,0.0,0.0,10329539,170.017,313.31,311.61,0.0,306.3624,317.63,217.52,81507737600,1.841757,260300000,273.3853,3.531435285295759,310.41186627323094,308.7367387359246,48.98306332842415,2.4536435330438167,2.593307532358593,-0.13966399931477635,315.6128332251295,308.93199920654297,302.2511651879564,48.00625926295476,47.61563001560118,-51.99374073704524,59.28694922161933,25.68916896214332,28.45876029981735,22.330071917400232,199993066.0,317.6000061035156,309.5500030517578,301.5,316.99834391276045,308.91533304850265,300.83232218424484,0.0030631724583116693,0.2510270360258194
104,2025-06-24 00:00:00-04:00,2025-06-24,00:00:00,1750737600,305.07000732421875,306.3399963378906,303.5400085449219,306.19000244140625,10810436,0.0,0.0,0.0,10329539,170.017,313.31,311.61,0.0,306.3624,317.63,217.52,81507737600,1.841757,260300000,273.3853,3.7471466064453125,309.6442546674446,308.49419242216095,45.632622660832325,1.9603328111554674,2.466712588117968,-0.5063797769625005,315.5320610287969,308.7539993286133,301.97593762842973,18.847755025850955,35.761555718413824,-81.15224497414904,-77.2451783308032,24.467939757019714,26.82047991548629,30.956869967673274,199993066.0,317.6000061035156,309.5500030517578,301.5,316.8483403523762,308.7253331502278,300.6023259480794,-0.015719378751237634,0.25245895394848206
105,2025-06-25 00:00:00-04:00,2025-06-25,00:00:00,1750824000,305.30999755859375,307.3599853515625,305.1199951171875,307.1199951171875,10810436,0.0,0.0,0.0,10329539,170.017,313.31,311.61,0.0,306.3624,317.63,217.52,81507737600,1.841757,260300000,273.3853,3.682859148297991,309.1852983855797,308.363316488354,43.71675454339778,1.6256832816909537,2.2985067268325654,-0.6728234451416117,315.4135648608614,308.88499908447267,302.3564333080839,25.462213327892552,30.772075872232744,-74.53778667210746,-55.50246096853252,22.26291631175113,24.767285836974906,31.49724862520043,201074109.6,317.6000061035156,309.5500030517578,301.5,316.49600474039715,308.8499994913737,301.20399424235023,0.003037305817845004,0.252180285734069
106,2025-06-26 00:00:00-04:00,2025-06-26,00:00:00,1750910400,305.7699890136719,307.2799987792969,304.8599853515625,306.7799987792969,10810436,0.0,0.0,0.0,10329539,170.017,313.31,311.61,0.0,306.3624,317.63,217.52,81507737600,1.841757,260300000,273.3853,3.5307159423828125,308.74797118443735,308.2125243255866,45.58060667092609,1.3178449592110724,2.1023743733082667,-0.7845294140971943,315.20115080376445,309.0334991455078,302.86584748725113,23.044031272926173,22.45133320888988,-76.95596872707384,-66.56668461330632,20.42865517039603,25.834540844329556,31.175392335603057,202155153.2,317.6000061035156,309.5500030517578,301.5,316.66267344156904,308.9676661173503,301.27265879313154,-0.0011070472235482631,0.25077937644507925
107,2025-06-27 00:00:00-04:00,2025-06-27,00:00:00,1750996800,300.0299987792969,302.3599853515625,299.8900146484375,301.2200012207031,10810436,0.0,0.0,0.0,10329539,170.017,313.31,311.61,0.0,306.3624,317.63,217.52,81507737600,1.841757,260300000,273.3853,3.7207162039620534,307.3792493728493,307.5465697441692,43.45671815797144,0.618110343372166,1.8055215673210465,-1.1874112239488805,315.75823432492115,308.81399993896486,301.86976555300856,7.509809226273045,18.67201794236391,-92.49019077372695,-175.00804490904383,19.23542122826629,24.51528690258166,34.229175234901454,202155153.2,317.6000061035156,308.74501037597656,299.8900146484375,316.81883697509767,308.74283294677736,300.66682891845704,-0.018123728993798327,0.2538089742387647
108,2025-06-30 00:00:00-04:00,2025-06-30,00:00:00,1751256000,302.3900146484375,304.9200134277344,301.95001220703125,304.8299865722656,10810436,0.0,0.0,0.0,10329539,170.017,313.31,311.61,0.0,306.3624,317.63,217.52,81507737600,1.841757,260300000,273.3853,3.802860804966518,306.9157470454704,307.2878475373212,47.24019328763063,0.35081726392650125,1.5145807066421377,-1.1637634427156365,315.6448936554847,308.87549896240233,302.10610426932,27.893700210745433,19.48251356998154,-72.10629978925456,-114.41547014036665,17.885478849997007,28.794201436457122,33.41465232120236,203236196.8,317.6000061035156,308.74501037597656,299.8900146484375,316.82083994547526,308.7858332316081,300.7508265177409,0.01198454729743359,0.254816079659806
109,2025-07-01 00:00:00-04:00,2025-07-01,00:00:00,1751342400,308.55999755859375,309.0,307.3599853515625,307.54998779296875,10810436,0.0,0.0,0.0,10329539,170.017,313.31,311.61,0.0,306.3624,317.63,217.52,81507737600,1.841757,260300000,273.3853,3.9057181222098216,307.03106354501557,307.31281327595434,51.197942281160636,0.354381845910666,1.2825409344958436,-0.9281590885851776,315.33071749353,308.66949768066405,302.0082778677981,43.252269002844976,26.21859281328781,-56.747730997155024,-16.298393178157436,16.7423431910108,33.68689709982832,32.534675480366744,204317240.4,317.6000061035156,308.74501037597656,299.8900146484375,316.2891743977865,308.6491658528646,301.0091573079427,0.008923010663382636,0.25487971340016535
110,2025-07-02 00:00:00-04:00,2025-07-02,00:00:00,1751428800,308.0400085449219,309.3999938964844,306.9599914550781,309.25,10810436,0.0,0.0,0.0,10329539,170.017,313.31,311.61,0.0,306.3624,317.63,217.52,81507737600,1.841757,260300000,273.3853,3.882147652762277,307.4345065368309,307.497307249673,51.253569081063794,0.48874957941171715,1.1237826634790182,-0.6350330840673011,315.3520356496063,308.6864974975586,302.0209593455109,52.851439117316104,41.332469443635496,-47.148560882683896,-2.6956499812541175,16.101782415434435,33.89142718211644,32.73220984613207,206479327.6,317.6000061035156,308.74501037597656,299.8900146484375,316.081005859375,308.6489990234375,301.2169921875,0.005527596405484614,0.24974589990378807
111,2025-07-03 00:00:00-04:00,2025-07-03,00:00:00,1751515200,307.04998779296875,307.57000732421875,306.1499938964844,307.1400146484375,10810436,0.0,0.0,0.0,10329539,170.017,313.31,311.61,0.0,306.3624,317.63,217.52,81507737600,1.841757,260300000,273.3853,3.765718732561384,307.380962557123,307.46327938288863,42.42060205120892,0.42013572913077724,0.98305327660937,-0.5629175474785928,315.11307279866026,308.4984985351563,301.8839242716523,40.93734329793339,45.680350472698144,-59.06265670206662,-36.91887812997882,15.202306841150817,26.44155155537006,35.28064040529518,207560371.2,317.6000061035156,308.74501037597656,299.8900146484375,315.89933878580734,308.471332804362,301.0433268229167,-0.006822911403597365,0.24568256886633852
112,2025-07-07 00:00:00-04:00,2025-07-07,00:00:00,1751860800,305.07000732421875,307.7099914550781,304.5299987792969,307.3699951171875,10810436,0.0,0.0,0.0,10329539,170.017,313.31,311.61,0.0,306.3624,317.63,217.52,81507737600,1.841757,260300000,273.3853,3.607147216796875,307.3789684771347,307.4543951671076,34.89153931163672,0.37993658776673556,0.8624299388408432,-0.4824933510741076,315.02127780907347,308.40049896240237,301.77972011573127,49.933179047556955,47.907320487602135,-50.06682095244304,-43.141098703410506,15.94622722940184,18.693051548659465,40.03949755436655,209722458.4,317.6000061035156,308.74501037597656,299.8900146484375,315.6028361002604,308.31183268229165,301.0208292643229,0.000748780548875283,0.24559311322369373
113,2025-07-08 00:00:00-04:00,2025-07-08,00:00:00,1751947200,306.29998779296875,306.45001220703125,302.7699890136719,304.1600036621094,10810436,0.0,0.0,0.0,10329539,170.017,313.31,311.61,0.0,306.3624,317.63,217.52,81507737600,1.841757,260300000,273.3853,3.6042894635881697,306.7937021471301,307.14064359520296,36.49890235857728,0.08804407788539947,0.7075527666497545,-0.619508688764355,315.08937309039794,308.34949951171876,301.6096259330396,32.570509418326395,41.1470105879389,-67.4294905816736,-88.51402450288504,16.067014362869344,18.707872813317408,36.84095616807027,211884545.6,317.6000061035156,308.74501037597656,299.8900146484375,315.53817189534504,308.21016591389974,300.88215993245444,-0.010443411868664265,0.23573696850116924
114,2025-07-09 00:00:00-04:00,2025-07-09,00:00:00,1752033600,303.5799865722656,305.5400085449219,303.2300109863281,305.5199890136719,10810436,0.0,0.0,0.0,10329539,170.017,313.31,311.61,0.0,306.3624,317.63,217.52,81507737600,1.841757,260300000,273.3853,3.563574654715402,306.5621179410468,306.9862955398191,39.08899195150364,-0.03316112634581714,0.5594099880506402,-0.5925711143964574,315.11131199560333,308.294499206543,301.47768641748263,43.009747443073856,41.83781196965239,-56.99025255692614,-77.55708227826908,16.33417110061271,18.92161534429045,34.19513248433903,214046632.8,317.6000061035156,308.74501037597656,299.8900146484375,315.4308400472005,308.1268330891927,300.8228261311849,0.004471282664348264,0.2308261557044491
115,2025-07-10 00:00:00-04:00,2025-07-10,00:00:00,1752120000,306.1099853515625,306.510009765625,304.82000732421875,306.20001220703125,10810436,0.0,0.0,0.0,10329539,170.017,313.31,311.61,0.0,306.3624,317.63,217.52,81507737600,1.841757,260300000,273.3853,3.461430140904018,306.4962805348621,306.91141141288693,42.85712751700914,-0.07349769969096087,0.43282845050232005,-0.506326150193281,315.1145236509904,308.2690002441406,301.4234768372908,49.37400752193899,41.651421461113074,-50.62599247806101,-50.40266566348549,16.599277318439484,21.48163215440401,34.66766334705763,216208720.0,317.6000061035156,308.74501037597656,299.8900146484375,315.26600646972656,308.0660003662109,300.86599426269527,0.0022257895319868215,0.22769800014570843
116,2025-07-11 00:00:00-04:00,2025-07-11,00:00:00,1752206400,308.8599853515625,310.2799987792969,308.5199890136719,309.1400146484375,10810436,0.0,0.0,0.0,10329539,170.017,313.31,311.61,0.0,306.3624,317.63,217.52,81507737600,1.841757,260300000,273.3853,3.635713849748884,306.97695946460306,307.1236593400822,48.41499713683207,0.13026726181391268,0.3723162127646386,-0.24204895095072593,315.16406895980737,308.3075012207031,301.45093348159884,72.37872365828906,54.9208262077673,-27.621276341710942,25.932497383889327,15.011789860001032,27.858535120100775,31.807414273474706,218370807.2,317.6000061035156,308.74501037597656,299.8900146484375,315.4820063273112,308.15100046793617,300.81999460856116,0.009601575193336043,0.22806036223598983
117,2025-07-14 00:00:00-04:00,2025-07-14,00:00:00,1752465600,309.07000732421875,309.3800048828125,307.7300109863281,308.010009765625,10810436,0.0,0.0,0.0,10329539,170.017,313.31,311.61,0.0,306.3624,317.63,217.52,81507737600,1.841757,260300000,273.3853,3.572141374860491,307.1647867920616,307.20807366632437,45.11304932469655,0.1982848078191637,0.33750993177554367,-0.13922512395637998,314.70531011180117,308.09800109863284,301.4906920854645,78.15214166757231,66.63495761593344,-21.847858332427695,9.856164244937485,15.263341014535488,24.79503907606331,33.95312336954234,219451850.8,317.6000061035156,308.74501037597656,299.8900146484375,314.9851715087891,307.96216735839846,300.9391632080078,-0.0036553174266280575,0.22805200565564612
118,2025-07-15 00:00:00-04:00,2025-07-15,00:00:00,1752552000,307.7300109863281,308.739990234375,305.7900085449219,306.7300109863281,10810436,0.0,0.0,0.0,10329539,170.017,313.31,311.61,0.0,306.3624,317.63,217.52,81507737600,1.841757,260300000,273.3853,3.2442844935825894,307.08573664556457,307.16254388727714,50.97123988280354,0.14720708730595788,0.2994493628816265,-0.1522422755756686,313.00147552779333,307.6200012207031,302.2385269136129,65.83259658284845,72.12115396956993,-34.167403417151554,-11.697151405536758,14.824717183848469,27.300745403212474,26.750259688427636,219451850.8,314.8699951171875,307.3800048828125,299.8900146484375,314.2790033976237,307.5010004679362,300.7229975382487,-0.004155705135267751,0.21833705700110437
119,2025-07-16 00:00:00-04:00,2025-07-16,00:00:00,1752638400,307.1099853515625,311.0899963378906,305.7300109863281,308.260009765625,10810436,0.0,0.0,0.0,10329539,170.017,313.31,311.61,0.0,306.3624,317.63,217.52,81507737600,1.841757,260300000,273.3853,3.4671412876674106,307.2992408492119,307.26706444711976,52.00707063109143,0.22756254123737563,0.2850719985527763,-0.05750945731540069,312.47120727767884,307.44400177001955,302.41679626236026,74.73222143808871,72.90565322950316,-25.267778561911275,33.95639896698398,14.406431673689836,28.285985169984368,25.030838234129156,220532894.4,313.0,306.44500732421875,299.8900146484375,314.1306676228842,307.28066762288415,300.43066762288413,0.004988096125243757,0.21836785790486526
120,2025-07-17 00:00:00-04:00,2025-07-17,00:00:00,1752724800,305.5,307.6700134277344,305.1199951171875,307.5899963378906,10810436,0.0,0.0,0.0,10329539,170.017,313.31,311.61,0.0,306.3624,317.63,217.52,81507737600,1.841757,260300000,273.3853,3.5185699462890625,307.3521054835171,307.29781986528843,51.40967300599943,0.2344774235440923,0.27495308355103953,-0.040475660006947245,311.78967076972606,307.22650146484375,302.66333215996144,68.74994891022095,69.7715889770527,-31.250051089779046,-8.608538260907588,14.072229279221263,27.872547240004188,25.375507000274446,220532894.4,312.9800109863281,306.4350128173828,299.8900146484375,313.9120020548503,307.03600107828777,300.16000010172525,-0.0021735334020257513,0.20880181144933777
121,2025-07-18 00:00:00-04:00,2025-07-18,00:00:00,1752811200,309.239990234375,309.3699951171875,308.32000732421875,308.3900146484375,10810436,0.0,0.0,0.0,10329539,170.017,313.31,311.61,0.0,306.3624,317.63,217.52,81507737600,1.841757,260300000,273.3853,3.153570992606027,307.5408162407753,307.40183841606455,64.9562224918486,0.30104208347415806,0.2801708835356633,0.02087119993849479,311.50717683674253,307.13300170898435,302.7588265812262,70.4596676449671,71.3139459977589,-29.540332355032906,67.43963907849006,15.348787495096586,34.949025614723645,17.055492231668197,221613938.0,312.6700134277344,306.28001403808594,299.8900146484375,313.66099955240884,306.9190012613932,300.17700297037754,0.002600924347578637,0.2068706918766987
122,2025-07-21 00:00:00-04:00,2025-07-21,00:00:00,1753070400,311.8800048828125,313.30999755859375,311.6099853515625,313.1300048828125,10810436,0.0,0.0,0.0,10329539,170.017,313.31,311.61,0.0,306.3624,317.63,217.52,81507737600,1.841757,260300000,273.3853,3.2407117571149553,308.55703235750934,307.9473780795644,66.53389699651176,0.7278820826462606,0.3697131233577827,0.3581689592884779,312.254831982422,307.2830017089844,302.3111714355468,98.29229098805646,79.16730251441483,-1.7077090119435394,198.41757351816096,17.541583453618006,37.050870965767416,16.596880437860662,223776025.2,313.30999755859375,306.6000061035156,299.8900146484375,314.118662516276,307.0486673990885,299.978672281901,0.015370115792427752,0.20312462045538113
