,datetime,date,time,timestamp,open,high,low,close,volume,Capital Gains,Dividends,Stock Splits,average_volume,book_value,day_high,day_low,dividend_frequency,dividend_yield,fifty_day_average,fifty_two_week_high,fifty_two_week_low,latest_dividend_amount,latest_split_ratio,market_cap,pe_ratio,price_to_book,shares_outstanding,split_frequency,two_hundred_day_average,atr,ema_short,ema_long,rsi,macd,macd_signal,macd_histogram,bb_upper,bb_middle,bb_lower,stoch_k,stoch_d,williams_r,cci,adx,plus_di,minus_di,obv,donchian_upper,donchian_middle,donchian_lower,keltner_upper,keltner_middle,keltner_lower,returns,volatility
0,2025-01-23 00:00:00-05:00,2025-01-23,00:00:00,1737608400,225.79756009089905,228.20549709793158,225.41946670204086,228.1855926513672,27390069,0.0,0.0,0.0,32261601,218.694,224.41,221.25,25.5,1.2,212.5696,244.98,171.73,0.576,2.0,62232895488,17.923782,1.0125105,281049984,1,215.94205,,228.1855926513672,228.1855926513672,,0.0,0.0,0.0,,,,,,,,,,,,,,,,,,,
1,2025-01-24 00:00:00-05:00,2025-01-24,00:00:00,1737694800,227.67813847468796,229.08109068456181,226.90201690100102,227.5487823486328,27390069,0.0,0.0,0.0,32261601,218.694,224.41,221.25,25.5,1.2,212.5696,244.98,171.73,0.576,2.0,62232895488,17.923782,1.0125105,281049984,1,215.94205,,228.0698089599609,228.12494405110675,,-0.050799682269428104,-0.010159936453885621,-0.040639745815542486,,,,,,,,,,,,,,,,,,-0.0027907559602473597,
2,2025-01-27 00:00:00-05:00,2025-01-27,00:00:00,1737954000,225.57866392511502,228.47413071801694,224.0861493211402,225.3697052001953,27390069,0.0,0.0,0.0,32261601,218.694,224.41,221.25,25.5,1.2,212.5696,244.98,171.73,0.576,2.0,62232895488,17.923782,1.0125105,281049984,1,215.94205,,227.57888100363988,227.86254035101993,,-0.2638506054923653,-0.06089807026158156,-0.20295253523078371,,,,,,,,,,,,,,,,,,-0.009576307664432515,
3,2025-01-28 00:00:00-05:00,2025-01-28,00:00:00,1738040400,225.60852460616167,226.42442473665685,224.05629658477244,225.61846923828125,27390069,0.0,0.0,0.0,32261601,218.694,224.41,221.25,25.5,1.2,212.5696,244.98,171.73,0.576,2.0,62232895488,17.923782,1.0125105,281049984,1,215.94205,,227.2224425008474,227.64881929266386,,-0.40791957528705325,-0.1303023712666759,-0.2776172040203774,,,,,,,,,,,,,,,,,,0.0011038042485123079,
4,2025-01-29 00:00:00-05:00,2025-01-29,00:00:00,1738126800,225.54881032578805,227.08113389390942,223.45929889104673,225.10105895996094,27390069,0.0,0.0,0.0,32261601,218.694,224.41,221.25,25.5,1.2,212.5696,244.98,171.73,0.576,2.0,62232895488,17.923782,1.0125105,281049984,1,215.94205,,226.83673640250439,227.40617545145406,,-0.5574203621399079,-0.21572596944132233,-0.34169439269858554,,,,,,,,,,,,,,,,,,-0.0022932975304156278,
5,2025-01-30 00:00:00-05:00,2025-01-30,00:00:00,1738213200,227.3796275120168,228.901991182707,225.78760587263082,227.3895721435547,27390069,0.0,0.0,0.0,32261601,218.694,224.41,221.25,25.5,1.2,212.5696,244.98,171.73,0.576,2.0,62232895488,17.923782,1.0125105,281049984,1,215.94205,,226.93725199178624,227.4045941840351,,-0.48563878320931053,-0.26970853219491997,-0.21593025101439056,,,,,,,,,,,,,,,,,,0.010166603365472371,
6,2025-01-31 00:00:00-05:00,2025-01-31,00:00:00,1738299600,227.60848416108965,229.1706567826732,224.4144961292198,225.3498077392578,27390069,0.0,0.0,0.0,32261601,218.694,224.41,221.25,25.5,1.2,212.5696,244.98,171.73,0.576,2.0,62232895488,17.923782,1.0125105,281049984,1,215.94205,,226.64862576405378,227.20890023691345,,-0.5865815580855553,-0.33308313737304707,-0.2534984207125083,,,,,,,,,,,,,,,,,,-0.008970351564798862,
7,2025-02-03 00:00:00-05:00,2025-02-03,00:00:00,1738558800,220.40459811080268,224.42444589099048,219.5687935879435,222.71302795410156,27390069,0.0,0.0,0.0,32261601,218.694,224.41,221.25,25.5,1.2,212.5696,244.98,171.73,0.576,2.0,62232895488,17.923782,1.0125105,281049984,1,215.94205,,225.93306252588064,226.7807219242647,,-0.8693244949602104,-0.4403314088904797,-0.42899308606973063,,,,,,,,,,,,,,,,,,-0.011700829974557347,
8,2025-02-04 00:00:00-05:00,2025-02-04,00:00:00,1738645200,222.48417741044352,225.99656047499565,222.0961242305329,225.79754638671875,27390069,0.0,0.0,0.0,32261601,218.694,224.41,221.25,25.5,1.2,212.5696,244.98,171.73,0.576,2.0,62232895488,17.923782,1.0125105,281049984,1,215.94205,,225.90842322785122,226.68708615878413,,-0.8348814566337524,-0.5192414184391343,-0.31564003819461806,,,,,,,,,,,,,,,,,,0.013849744044847068,
9,2025-02-05 00:00:00-05:00,2025-02-05,00:00:00,1738731600,226.92192432486257,228.35474081409566,225.75776472302175,228.25523376464844,27390069,0.0,0.0,0.0,32261601,218.694,224.41,221.25,25.5,1.2,212.5696,244.98,171.73,0.576,2.0,62232895488,17.923782,1.0125105,281049984,1,215.94205,,226.3351160527234,226.83643354981882,,-0.6023270180344582,-0.5358585383581991,-0.06646847967625913,,,,,,,,,,,,,,,,,,0.010884473357918756,
10,2025-02-06 00:00:00-05:00,2025-02-06,00:00:00,1738818000,229.359690901355,229.5487451821669,226.16571812152887,227.50897216796875,27390069,0.0,0.0,0.0,32261601,218.694,224.41,221.25,25.5,1.2,212.5696,244.98,171.73,0.576,2.0,62232895488,17.923782,1.0125105,281049984,1,215.94205,,226.54854443731347,226.90048484678547,,-0.4727929611116224,-0.5232454229088838,0.05045246179726137,,,,,,,,,,,,,,,,,,-0.0032694172412675027,
11,2025-02-07 00:00:00-05:00,2025-02-07,00:00:00,1738904400,227.70797610317513,228.10597391044143,224.45429013038992,224.8721923828125,27390069,0.0,0.0,0.0,32261601,218.694,224.41,221.25,25.5,1.2,212.5696,244.98,171.73,0.576,2.0,62232895488,17.923782,1.0125105,281049984,1,215.94205,,226.24375315467694,226.70731413593091,,-0.576259617767306,-0.5338482618805682,-0.042411355886737834,,,,,,,,,,,,,,,,,,-0.011589783734812564,
12,2025-02-10 00:00:00-05:00,2025-02-10,00:00:00,1739163600,226.23535977801043,226.38462034863142,224.73290053601247,225.88711547851562,27390069,0.0,0.0,0.0,32261601,218.694,224.41,221.25,25.5,1.2,212.5696,244.98,171.73,0.576,2.0,62232895488,17.923782,1.0125105,281049984,1,215.94205,,226.17890994082944,226.62919997808186,,-0.5697936503301548,-0.5410373395704855,-0.028756310759669335,,,,,,,,,,,,,,,,,,0.004513333040198075,
13,2025-02-11 00:00:00-05:00,2025-02-11,00:00:00,1739250000,223.92694967978107,225.29010819348008,223.68814187146367,224.57369995117188,27390069,0.0,0.0,0.0,32261601,218.694,224.41,221.25,25.5,1.2,212.5696,244.98,171.73,0.576,2.0,62232895488,17.923782,1.0125105,281049984,1,215.94205,3.3617123110347324,225.8870535790735,226.4334380707571,41.71611031047832,-0.6630082347150221,-0.5654315185993929,-0.09757671611562924,,,,50.14960559653733,,-49.850394403462666,,,18.012630255696454,25.116280384430528,,,,,,,,-0.005814477397532936,
14,2025-02-12 00:00:00-05:00,2025-02-12,00:00:00,1739336400,221.1508602375227,223.35978308383253,220.6832044432273,222.5040740966797,27390069,0.0,0.0,0.0,32261601,218.694,224.41,221.25,25.5,1.2,212.5696,244.98,171.73,0.576,2.0,62232895488,17.923782,1.0125105,281049984,1,215.94205,3.4406026761814354,225.27196640045642,226.05921293036877,38.09920440613002,-0.8935823136117449,-0.6310616776018634,-0.2625206360098815,,,,29.411770999322144,,-70.58822900067784,,,17.59961453959477,30.77877852097351,,,,,,,,-0.009215797998350594,
15,2025-02-13 00:00:00-05:00,2025-02-13,00:00:00,1739422800,223.91698832466727,225.21050404119313,222.63343242257199,225.01150512695312,27390069,0.0,0.0,0.0,32261601,218.694,224.41,221.25,25.5,1.2,212.5696,244.98,171.73,0.576,2.0,62232895488,17.923782,1.0125105,281049984,1,215.94205,3.478270973392339,225.224609805274,225.95943123480538,45.07151626091683,-0.8640252583254551,-0.6776543937465818,-0.1863708645788733,,,,54.53645228259402,44.699276292817835,-45.46354771740598,,,19.411505574580936,30.445456538302945,,,,,,,,0.01126914660081213,
16,2025-02-14 00:00:00-05:00,2025-02-14,00:00:00,1739509200,226.1358772021566,226.84232564445804,224.4841573216929,224.8423614501953,27390069,0.0,0.0,0.0,32261601,218.694,224.41,221.25,25.5,1.2,212.5696,244.98,171.73,0.576,2.0,62232895488,17.923782,1.0125105,281049984,1,215.94205,3.3332843252415114,225.1551101043506,225.85304363627108,48.88891460845814,-0.8445145224627026,-0.7110264194898059,-0.1334881029728967,,,,52.84161764175551,45.59661364122389,-47.15838235824449,,,23.752652717052953,25.735640744205927,,,,,,,,-0.0007517112365538203,
17,2025-02-18 00:00:00-05:00,2025-02-18,00:00:00,1739854800,225.02144878705903,226.53386785751118,224.38464315465453,226.076171875,27390069,0.0,0.0,0.0,32261601,218.694,224.41,221.25,25.5,1.2,212.5696,244.98,171.73,0.576,2.0,62232895488,17.923782,1.0125105,281049984,1,215.94205,3.317648364596672,225.3225758808323,225.87429394472147,50.92592135286507,-0.7211806126432236,-0.7130572581204895,-0.00812335452273416,,,,65.20450751307355,57.52752581247436,-34.79549248692644,,,23.864598138110114,26.006912143278004,,,,,,,,0.005487446479599312,
18,2025-02-19 00:00:00-05:00,2025-02-19,00:00:00,1739941200,224.28516501178458,226.0164723650318,223.95680995242688,225.30006408691406,27390069,0.0,0.0,0.0,32261601,218.694,224.41,221.25,25.5,1.2,212.5696,244.98,171.73,0.576,2.0,62232895488,17.923782,1.0125105,281049984,1,215.94205,3.2103288588617027,225.31848282739261,225.81960538683506,50.3984124598441,-0.6782446309209718,-0.706094732680586,0.02785010175961422,,,,57.42783865092031,58.49132126858313,-42.57216134907969,,,23.201225969231835,27.82822100553137,,,,,,,,-0.0034329482034712866,
19,2025-02-20 00:00:00-05:00,2025-02-20,00:00:00,1740027600,224.8821514879008,225.06126114054868,221.8971221933521,223.14088439941406,27390069,0.0,0.0,0.0,32261601,218.694,224.41,221.25,25.5,1.2,212.5696,244.98,171.73,0.576,2.0,62232895488,17.923782,1.0125105,281049984,1,215.94205,3.1819009782056957,224.9225558404874,225.56448910231876,41.4497595607608,-0.809118299732063,-0.7266994460908813,-0.08241885364118162,228.84846377669288,225.5522918701172,222.2561199635415,35.792666705299055,52.808337623097636,-64.20733329470094,-112.92813756180682,,19.320978942988017,32.70051366132589,-38346096.6,229.5487451821669,224.5587693850552,219.5687935879435,231.83810287381758,225.46904340894747,219.09998394407737,-0.009583573339184914,
20,2025-02-21 00:00:00-05:00,2025-02-21,00:00:00,1740114000,224.87219615376236,225.23040025936612,216.37481984672223,216.71311950683594,27390069,0.0,0.0,0.0,32261601,218.694,224.41,221.25,25.5,1.2,212.5696,244.98,171.73,0.576,2.0,62232895488,17.923782,1.0125105,281049984,1,215.94205,3.47471667529073,223.42993105255078,224.7215015217966,35.22806160424503,-1.4151901023426205,-0.8643975773412292,-0.5507925250013913,229.92519005182976,224.97866821289062,220.0321463739515,2.5679488193507845,31.92948472519005,-97.43205118064921,-252.4933498049158,,17.692792691778646,38.47418334290742,-46563117.3,229.5487451821669,222.96178251444456,216.37481984672223,232.05352092818597,225.07750646164055,218.10149199509513,-0.028805859176719295,
21,2025-02-24 00:00:00-05:00,2025-02-24,00:00:00,1740373200,217.698177745284,217.698177745284,214.0763428422403,215.1509552001953,27390069,0.0,0.0,0.0,32261601,218.694,224.41,221.25,25.5,1.2,212.5696,244.98,171.73,0.576,2.0,62232895488,17.923782,1.0125105,281049984,1,215.94205,3.320489586128543,221.92466271575887,223.81002091973934,36.57245845923087,-1.9985222558881333,-1.0912225130506101,-0.9072997428375231,230.82352372524383,224.35877685546876,217.8940299856937,6.945349108340877,15.101988210996906,-93.05465089165912,-299.36818103061404,,18.514571482292645,34.7817438706349,-54780138.0,229.5487451821669,221.8125440122036,214.0763428422403,231.58769013769302,224.4673995591993,217.34710898070557,-0.007208443633664463,
22,2025-02-25 00:00:00-05:00,2025-02-25,00:00:00,1740459600,215.2902533417097,216.18577122044206,212.42463560463997,214.33505249023438,27390069,0.0,0.0,0.0,32261601,218.694,224.41,221.25,25.5,1.2,212.5696,244.98,171.73,0.576,2.0,62232895488,17.923782,1.0125105,281049984,1,215.94205,3.31053954122421,220.5447335838453,222.90764297407222,27.863255419215676,-2.497859945575783,-1.3725499995556447,-1.1253099460201383,231.64596759448042,223.8070442199707,215.96812084546096,11.156299117015491,6.889865681569051,-88.8437008829845,-244.18637251329292,,15.178206237117697,38.45002470587165,-62997158.7,229.5487451821669,220.98669039340342,212.42463560463997,230.94193012751828,223.884324127132,216.82671812674573,-0.0037922337328307743,
23,2025-02-26 00:00:00-05:00,2025-02-26,00:00:00,1740546000,214.98180729944386,217.32008631919393,213.76789417208136,214.60369873046875,27390069,0.0,0.0,0.0,32261601,218.694,224.41,221.25,25.5,1.2,212.5696,244.98,171.73,0.576,2.0,62232895488,17.923782,1.0125105,281049984,1,215.94205,3.378769259512686,219.4645454286859,222.11679114134807,21.200698651047233,-2.839182823510953,-1.6658765643467064,-1.1733062591642465,232.04907147194982,223.25630569458008,214.46353991721034,12.725117857739601,10.275588694365323,-87.2748821422604,-173.90479676503935,,12.284401257073437,37.673577972647564,-71214179.4,229.5487451821669,220.98669039340342,212.42463560463997,230.5535446714083,223.37753227149923,216.20151987159016,0.0012533938668133349,
24,2025-02-27 00:00:00-05:00,2025-02-27,00:00:00,1740632400,214.5639056455792,215.40967002096923,211.160974062818,211.3301239013672,27390069,0.0,0.0,0.0,32261601,218.694,224.41,221.25,25.5,1.2,212.5696,244.98,171.73,0.576,2.0,62232895488,17.923782,1.0125105,281049984,1,215.94205,3.4406027521921994,217.9855596964461,221.08948949944514,19.15784954293683,-3.3353855453142955,-1.9997783605402244,-1.3356071847740711,232.79243736932807,222.5677589416504,212.34308051397272,0.9982286224269148,8.293215199060668,-99.00177137757309,-179.5275681376981,,9.584819023011782,42.40861139234319,-79431200.1,229.5487451821669,220.35485962249246,211.160974062818,229.98721870427443,222.7485202088365,215.5098217133986,-0.015254046637905416,
25,2025-02-28 00:00:00-05:00,2025-02-28,00:00:00,1740718800,210.58385316081555,213.58878671822916,209.9072538497207,213.57882690429688,27390069,0.0,0.0,0.0,32261601,218.694,224.41,221.25,25.5,1.2,212.5696,244.98,171.73,0.576,2.0,62232895488,17.923782,1.0125105,281049984,1,215.94205,3.4427348299391247,217.18433555241896,220.37418829990722,28.147845024080652,-3.5067545545240364,-2.3011735993369866,-1.2055809551870498,232.58480300690016,221.8772216796875,211.16964035247483,21.680292230689822,11.801212903618781,-78.31970776931017,-151.67561125219032,,9.578883166677581,41.43271290050003,-87648220.8,229.5487451821669,219.7279995159438,209.9072538497207,229.2252070734066,221.99844851339245,214.77168995337829,0.010640712083144432,
26,2025-03-03 00:00:00-05:00,2025-03-03,00:00:00,1740978000,214.32508816703108,214.88230636508692,206.38491483211783,207.73812866210938,27390069,0.0,0.0,0.0,32261601,218.694,224.41,221.25,25.5,1.2,212.5696,244.98,171.73,0.576,2.0,62232895488,17.923782,1.0125105,281049984,1,215.94205,3.9317113813927063,215.46684339054448,219.17075404868837,20.408779651875022,-4.066979654512181,-2.654334810372026,-1.4126448441401553,233.2822300607772,220.99663772583008,208.71104539088296,6.6147854310833285,9.764435428066689,-93.38521456891668,-156.82778836582878,33.099681593792376,8.387582787970832,42.67897409942367,-95865241.5,229.5487451821669,217.96683000714236,206.38491483211783,228.76716998149425,221.1662883335285,213.56540668556278,-0.027346803645497464,
27,2025-03-04 00:00:00-05:00,2025-03-04,00:00:00,1741064400,204.90236282319955,208.72321203124545,202.1760456615229,205.38992309570312,27390069,0.0,0.0,0.0,32261601,218.694,224.41,221.25,25.5,1.2,212.5696,244.98,171.73,0.576,2.0,62232895488,17.923782,1.0125105,281049984,1,215.94205,4.242296578726321,213.63467606420969,217.85829395792786,19.742591528306846,-4.6468763489226035,-3.0528431180821416,-1.594033230840462,234.2171615086773,220.13048248291017,206.04380345714304,13.029437095515364,13.774838252429504,-86.97056290448464,-171.54398902047592,36.957057288165814,7.773514674860251,44.88186858424091,-104082262.2,229.5487451821669,215.8623954218449,202.1760456615229,228.00350042592564,220.32600355611908,212.64850668631252,-0.011303681137061039,
28,2025-03-05 00:00:00-05:00,2025-03-05,00:00:00,1741150800,205.41976351797996,207.7978362556259,203.79790792072558,207.4296875,27390069,0.0,0.0,0.0,32261601,218.694,224.41,221.25,25.5,1.2,212.5696,244.98,171.73,0.576,2.0,62232895488,17.923782,1.0125105,281049984,1,215.94205,4.25011320922316,212.50649632526245,216.86509334288712,26.201666315763617,-4.88553926130686,-3.419382346727086,-1.4661569145797744,234.1145066246511,219.21208953857422,204.30967245249732,21.29888188292572,13.64770146984147,-78.70111811707427,-136.84203598660733,39.820880099394216,7.75921795171808,39.749143246829284,-112299282.9,229.5487451821669,215.8623954218449,202.1760456615229,227.09903631137112,219.4115902325208,211.7241441536705,0.009931180525085681,
29,2025-03-06 00:00:00-05:00,2025-03-06,00:00:00,1741237200,204.75310484988006,207.08142401774205,202.8824816640881,204.25559997558594,27390069,0.0,0.0,0.0,32261601,218.694,224.41,221.25,25.5,1.2,212.5696,244.98,171.73,0.576,2.0,62232895488,17.923782,1.0125105,281049984,1,215.94205,4.381597201465908,211.006333352594,215.66418921266796,17.907626480037862,-5.270053775677354,-3.78951663251714,-1.4805371431602143,233.6931971489509,218.0121078491211,202.3310185492913,8.430757761209804,14.253025579883632,-91.5692422387902,-132.46611129879776,43.937199033195725,4.509341774618073,40.04866483069852,-123255310.5,229.5487451821669,215.8623954218449,202.1760456615229,226.15825539178243,218.2757863384483,210.3933172851142,-0.015301992509698326,
30,2025-03-07 00:00:00-05:00,2025-03-07,00:00:00,1741323600,203.94715115875894,206.07647143197462,200.7233140795074,204.92225646972656,27390069,0.0,0.0,0.0,32261601,218.694,224.41,221.25,25.5,1.2,212.5696,244.98,171.73,0.576,2.0,62232895488,17.923782,1.0125105,281049984,1,215.94205,4.595524989301771,209.90013755570902,214.6411479990545,19.666600368419978,-5.4580734181651565,-4.123227989646743,-1.3348454285184133,232.93305134481736,216.88277206420898,200.8324927836006,16.268315768558153,15.332651804231226,-83.73168423144185,-124.47151042858897,50.21220846237982,1.7630740174914221,41.54035584469475,-131472331.2,228.10597391044143,214.41464399497443,200.7233140795074,225.16357852945774,217.0840964469407,209.00461436442365,0.0032638345985143147,
31,2025-03-10 00:00:00-04:00,2025-03-10,00:00:00,1741579200,202.4247863988383,203.71830211311237,197.75818823221115,199.7681121826172,27390069,0.0,0.0,0.0,32261601,218.694,224.41,221.25,25.5,1.2,212.5696,244.98,171.73,0.576,2.0,62232895488,17.923782,1.0125105,281049984,1,215.94205,4.953728098920253,208.05795112423777,213.22466839748907,14.212174866064856,-5.954338797226569,-4.489450151162709,-1.4648886460638604,232.92511556750517,215.62756805419923,198.3300205408933,7.112689294788437,10.6039209415188,-92.88731070521156,-140.10468493985948,56.520843100236235,1.6355864802382911,42.66855063236891,-139689351.9,226.84232564445804,212.3002569383346,197.75818823221115,224.24501941027577,215.81429888201234,207.3835783537489,-0.025151705704894,
32,2025-03-11 00:00:00-04:00,2025-03-11,00:00:00,1741665600,200.11634819747727,202.2058746634216,197.5392766900843,199.74819946289062,27390069,0.0,0.0,0.0,32261601,218.694,224.41,221.25,25.5,1.2,212.5696,244.98,171.73,0.576,2.0,62232895488,17.923782,1.0125105,281049984,1,215.94205,5.135673531117695,206.547087185811,211.94119516562256,14.510712482785891,-6.276883470176244,-4.8469368149654155,-1.4299466552108289,232.29111473042835,214.32062225341798,196.3501297764076,7.977006665257562,10.452670576201385,-92.02299333474244,-129.58013671641044,62.485035981109945,1.5776413076645033,40.866324419563085,-150645379.5,226.84232564445804,212.19080116727116,197.5392766900843,223.25465246723485,214.5224441228996,205.79023577856435,-9.967917055930808e-05,
33,2025-03-12 00:00:00-04:00,2025-03-12,00:00:00,1741752000,202.03673203331084,202.7332358192285,198.5541979210787,200.09646606445312,27390069,0.0,0.0,0.0,32261601,218.694,224.41,221.25,25.5,1.2,212.5696,244.98,171.73,0.576,2.0,62232895488,17.923782,1.0125105,281049984,1,215.94205,5.191108960016826,205.37424698192774,210.81312572741592,16.297989312574387,-6.430276023842055,-5.163604656740744,-1.2666713671013108,231.45691545717585,213.09676055908204,194.73660566098823,9.234689838318975,8.108128599454991,-90.76531016168103,-110.7378610840737,66.9718108102485,2.286431703786207,37.59582908331469,-158862400.2,226.84232564445804,212.19080116727116,197.5392766900843,222.24985805948876,213.3196432860437,204.38942851259867,0.0017435281143909354,
34,2025-03-13 00:00:00-04:00,2025-03-13,00:00:00,1741838400,200.26561398031637,201.02181591454564,196.01691815296715,197.11143493652344,27390069,0.0,0.0,0.0,32261601,218.694,224.41,221.25,25.5,1.2,212.5696,244.98,171.73,0.576,2.0,62232895488,17.923782,1.0125105,281049984,1,215.94205,4.9160601992264406,203.87191751912695,209.50820279494997,18.122944742162844,-6.715298017416842,-5.473943328875964,-1.241354688540878,230.94447480827378,211.8271286010742,192.70978239387463,5.0482158515557325,7.4199707850440895,-94.95178414844426,-116.93892630265857,70.55883819348269,2.4143553217388924,35.36214942901867,-167079420.9,226.84232564445804,211.42962189871258,196.01691815296715,221.15468340785708,212.11302840904864,203.0713734102402,-0.014917960255071083,
35,2025-03-14 00:00:00-04:00,2025-03-14,00:00:00,1741924800,199.24076312415767,202.05664261374022,198.34524521566695,201.87753295898438,27390069,0.0,0.0,0.0,32261601,218.694,224.41,221.25,25.5,1.2,212.5696,244.98,171.73,0.576,2.0,62232895488,17.923782,1.0125105,281049984,1,215.94205,5.01058682595309,203.50930214455556,208.78147233438182,30.451336156197485,-6.481876682757303,-5.675529999652232,-0.8063466831050707,229.21995990120183,210.6704299926758,192.12090008414975,27.510531580501794,13.931145756792167,-72.48946841949821,-85.05962796997537,73.96423709337975,3.844007908253088,31.418428209353603,-175296441.6,226.84232564445804,211.42962189871258,196.01691815296715,220.20229416775535,210.93676139567657,201.67122862359778,0.024179713490471988,
36,2025-03-17 00:00:00-04:00,2025-03-17,00:00:00,1742184000,201.6984417955279,204.9919217807451,201.58899011100507,204.4247589111328,27390069,0.0,0.0,0.0,32261601,218.694,224.41,221.25,25.5,1.2,212.5696,244.98,171.73,0.576,2.0,62232895488,17.923782,1.0125105,281049984,1,215.94205,4.985000829805799,203.67574882938777,208.36654724645334,36.112651819135465,-6.021931667308422,-5.74481033318347,-0.2771213341249519,227.13172048567725,209.64954986572266,192.16737924576807,39.46756037674775,24.00876926960176,-60.53243962325225,-54.890308679175575,74.9154098873488,8.069610521978591,29.213004894045508,-180774455.4,226.53386785751118,211.27539300523915,196.01691815296715,219.2207176088951,209.85070850211883,200.48069939534258,0.01261767921775614,
37,2025-03-18 00:00:00-04:00,2025-03-18,00:00:00,1742270400,203.28790811101135,203.35770717963803,201.79204422562265,202.64967346191406,27390069,0.0,0.46,0.0,32261601,218.694,224.41,221.25,25.5,1.2,212.5696,244.98,171.73,0.576,2.0,62232895488,17.923782,1.0125105,281049984,1,215.94205,4.91932386826277,203.48918967166526,207.8220830764972,33.92734119863756,-5.734552142124556,-5.7427586949716884,0.00820655284713201,224.39543967872748,208.47822494506835,192.5610102114092,34.202238826614995,33.72677692795485,-65.797761173385,-58.51775098530281,75.8463568152246,6.530321097611948,29.60302219121121,-188991476.1,226.0164723650318,211.01669525899948,196.01691815296715,218.11581230682722,208.6974542017856,199.27909609674398,-0.008683319274405576,
38,2025-03-19 00:00:00-04:00,2025-03-19,00:00:00,1742356800,202.78928742114255,207.107334459144,202.34051608081504,205.8009490966797,27390069,0.0,0.0,0.0,32261601,218.694,224.41,221.25,25.5,1.2,212.5696,244.98,171.73,0.576,2.0,62232895488,17.923782,1.0125105,281049984,1,215.94205,4.956332612561179,203.90950956712243,207.6295941260384,42.54127657051865,-5.1926624105931865,-5.632739438095989,0.4400770275028023,221.33406589789593,207.50326919555664,193.67247249321736,51.86233558356855,41.8440449289771,-48.137664416431456,-28.533335831683704,73.95337423175279,11.885363845452869,25.624994455123527,-194469489.9,225.23040025936612,210.62365920616662,196.01691815296715,217.38014883960727,207.69704508899008,198.0139413383729,0.01555036127584919,
39,2025-03-20 00:00:00-04:00,2025-03-20,00:00:00,1742443200,203.75660287214265,206.7283813776776,203.63692342009765,204.4945526123047,27390069,0.0,0.0,0.0,32261601,218.694,224.41,221.25,25.5,1.2,212.5696,244.98,171.73,0.576,2.0,62232895488,17.923782,1.0125105,281049984,1,215.94205,4.914184404637715,204.01588102988285,207.33101874377806,37.42586110105532,-4.813143253182915,-5.468820201113375,0.65567694793046,218.32066735759213,206.57095260620116,194.8212378548102,44.93750334748593,43.6673592525565,-55.06249665251407,-23.43955251361054,71.88034973706925,11.987302793069773,24.022470793719535,-199947503.7,225.23040025936612,210.62365920616662,196.01691815296715,216.42834360728847,206.77638825026946,197.12443289325046,-0.006347864235365042,
40,2025-03-21 00:00:00-04:00,2025-03-21,00:00:00,1742529600,202.16101621773285,203.85632555353698,201.2036566494486,203.22805786132812,27390069,0.0,0.0,0.0,32261601,218.694,224.41,221.25,25.5,1.2,212.5696,244.98,171.73,0.576,2.0,62232895488,17.923782,1.0125105,281049984,1,215.94205,4.542291863915358,203.87264045378197,206.9402605644971,42.85219571555428,-4.561979468928769,-5.287452054676454,0.7254725857476849,216.70589722497084,205.89669952392578,195.0875018228807,56.752502164998575,51.18411369868435,-43.247497835001425,-47.54039879338094,69.25250820244055,12.968743137653934,24.276679517918115,-205425517.5,217.698177745284,206.85754794912557,196.01691815296715,215.03803683649954,205.9425499244593,196.84706301241908,-0.00619329334105867,
41,2025-03-24 00:00:00-04:00,2025-03-24,00:00:00,1742788800,206.38933329882576,208.6530630240336,206.12007353861475,208.28408813476562,27390069,0.0,0.0,0.0,32261601,218.694,224.41,221.25,25.5,1.2,212.5696,244.98,171.73,0.576,2.0,62232895488,17.923782,1.0125105,281049984,1,215.94205,4.462137491985566,204.67472185032446,207.0682441426179,54.22426050051848,-3.909880305960513,-5.011937704933265,1.102057398972752,215.5289555491273,205.5533561706543,195.5777567921813,97.08000428110924,66.25666993119792,-2.919995718890759,36.207941066284135,64.75265230109598,20.880178414552155,17.975334194127125,-208164524.4,217.32008631919393,206.66850223608054,196.01691815296715,214.82054967762727,205.54474573962088,196.2689418016145,0.024878603509006947,
42,2025-03-25 00:00:00-04:00,2025-03-25,00:00:00,1742875200,208.1145491571678,208.69295165929134,206.51895499843295,207.1272735595703,27390069,0.0,0.0,0.0,32261601,218.694,224.41,221.25,25.5,1.2,212.5696,244.98,171.73,0.576,2.0,62232895488,17.923782,1.0125105,281049984,1,215.94205,4.3317138009825715,205.1206403429146,207.07386599185148,49.54692531480221,-3.446700867400267,-4.698890337426667,1.2521894700263996,214.31721128395418,205.1929672241211,196.06872316428803,87.64851718844152,80.49367454484978,-12.351482811558483,42.539778674847696,60.487827695439194,21.574635366028076,18.516554030044865,-210903531.3,217.32008631919393,206.66850223608054,196.01691815296715,214.3183977971659,205.20130775465387,196.08421771214185,-0.0055540228039254735,
43,2025-03-26 00:00:00-04:00,2025-03-26,00:00:00,1742961600,207.38657710822116,208.2442063500647,204.11560739161845,205.02310180664062,27390069,0.0,0.0,0.0,32261601,218.694,224.41,221.25,25.5,1.2,212.5696,244.98,171.73,0.576,2.0,62232895488,17.923782,1.0125105,281049984,1,215.94205,4.301813309735024,205.10290606359206,206.87855511706948,51.18795077487578,-3.2123865084497254,-4.401589571631279,1.1892030631815533,212.6918514412184,204.71393737792968,196.73602331464096,71.0489101277636,85.25914386577146,-28.95108987223639,23.576069106335904,54.89220545001954,21.724593569577053,21.11584481761284,-216381545.1,215.40967002096923,205.71329408696818,196.01691815296715,213.9042257504089,204.72949502676352,195.55476430311813,-0.010158834791616722,
44,2025-03-27 00:00:00-04:00,2025-03-27,00:00:00,1743048000,204.76382276667826,205.7810144688402,203.19814459684497,204.04580688476562,27390069,0.0,0.0,0.0,32261601,218.694,224.41,221.25,25.5,1.2,212.5696,244.98,171.73,0.576,2.0,62232895488,17.923782,1.0125105,281049984,1,215.94205,4.103935632558453,204.91070621289634,206.60876957113578,48.65633919978741,-3.0701593377013126,-4.135303524845286,1.0651441871439733,211.69594427765733,204.3497215270996,197.00349877654187,63.339125190800324,74.01218416900181,-36.66087480919967,0.6762311547578534,48.79875394548229,22.772078836901542,19.972804082312663,-221859558.9,214.88230636508692,205.44961225902705,196.01691815296715,213.3230464412149,204.3148983261851,195.3067502111553,-0.0047667551279011455,
45,2025-03-28 00:00:00-04:00,2025-03-28,00:00:00,1743134400,203.97598087868585,204.01587910134077,198.83022097628117,199.8972625732422,27390069,0.0,0.0,0.0,32261601,218.694,224.41,221.25,25.5,1.2,212.5696,244.98,171.73,0.576,2.0,62232895488,17.923782,1.0125105,281049984,1,215.94205,3.964758323341956,203.9991710056865,205.96957842847925,50.20429600908326,-3.254678230624478,-3.9591784660011244,0.7045002353766465,209.84935605790935,203.66564331054687,197.4819305631844,30.61166111890678,54.999898812490244,-69.38833888109322,-77.84344751292254,42.23983260634499,23.571460892328915,23.20118376666723,-230076579.6,214.88230636508692,205.44961225902705,196.01691815296715,212.90425999818947,203.74270657916207,194.58115316013468,-0.02033143623415068,
46,2025-03-31 00:00:00-04:00,2025-03-31,00:00:00,1743393600,196.93545883923375,200.08674901846675,194.95095585983861,198.93992614746094,27390069,0.0,0.0,0.0,32261601,218.694,224.41,221.25,25.5,1.2,212.5696,244.98,171.73,0.576,2.0,62232895488,17.923782,1.0125105,281049984,1,215.94205,3.9982722651484437,203.07930830419093,205.30008773504895,48.75826266011358,-3.438522682343148,-3.8550473092695294,0.41652462692638137,209.44131273210567,203.22573318481446,197.01015363752325,29.02759064866825,40.99279231945845,-70.97240935133175,-139.7624371861776,36.46104185786418,23.37388240936133,29.545879142269442,-238293600.3,208.72321203124545,201.83708394554202,194.95095585983861,211.98430484686293,203.15891126526964,194.33351768367635,-0.00478914224966176,
47,2025-04-01 00:00:00-04:00,2025-04-01,00:00:00,1743480000,198.44129896004114,200.67511251598103,196.11772201059657,198.95985412597656,27390069,0.0,0.0,0.0,32261601,218.694,224.41,221.25,25.5,1.2,212.5696,244.98,171.73,0.576,2.0,62232895488,17.923782,1.0125105,281049984,1,215.94205,4.025297451379491,202.33031663542468,204.69625596275634,48.236045772017995,-3.5417852182258116,-3.7923948910607863,0.2506096728349747,209.31073145177834,202.90422973632812,196.4977280208779,29.17260581827279,29.603952528615938,-70.82739418172721,-109.3835941196529,30.953853464129406,23.325202152752524,29.347512960434557,-243771614.1,208.69295165929134,201.82195375956496,194.95095585983861,211.44305239149713,202.81663639633766,194.19022040117818,0.0001001708349930297,
48,2025-04-02 00:00:00-04:00,2025-04-02,00:00:00,1743566400,196.23738990323142,202.76933172002538,195.9980462106147,202.10118103027344,27390069,0.0,0.0,0.0,32261601,218.694,224.41,221.25,25.5,1.2,212.5696,244.98,171.73,0.576,2.0,62232895488,17.923782,1.0125105,281049984,1,215.94205,4.151468004796077,202.28865561630624,204.44910596918655,57.70640403004434,-3.331736509321331,-3.700263214712895,0.36852670539156396,208.68500429180168,202.6378044128418,196.59060453388193,52.0319266195641,36.74404102883505,-47.9680733804359,-58.55116027473283,25.026360604667143,26.219540955862357,24.090042869978436,-249249627.9,208.69295165929134,201.82195375956496,194.95095585983861,211.4175735636909,202.51402185108037,193.61047013846985,0.01578874752445225,
49,2025-04-03 00:00:00-04:00,2025-04-03,00:00:00,1743652800,192.57751061719546,194.52213055824825,188.678288570832,189.12704467773438,27390069,0.0,0.0,0.0,32261601,218.694,224.41,221.25,25.5,1.2,212.5696,244.98,171.73,0.576,2.0,62232895488,17.923782,1.0125105,281049984,1,215.94205,4.757016917812123,199.8956354456568,202.98986203666732,34.290487316447,-4.164173765404172,-3.7930453248511506,-0.3711284405530213,210.36889915737936,201.88137664794922,193.3938541385191,2.242136702071878,27.81555637996959,-97.75786329792813,-244.64428587436444,20.87176951653833,21.32806501461946,32.01439641300033,-254727641.7,208.69295165929134,198.68562011506168,188.678288570832,211.6069415285338,201.81582115357034,192.02470077860687,-0.06419624213178454,
50,2025-04-04 00:00:00-04:00,2025-04-04,00:00:00,1743739200,182.10646653623687,183.5424982734449,176.18284322861066,180.6903839111328,27390069,0.0,0.0,0.0,32261601,218.694,224.41,221.25,25.5,1.2,212.5696,244.98,171.73,0.576,2.0,62232895488,17.923782,1.0125105,281049984,1,215.94205,5.4385361877681015,196.4037715302888,200.86610221518785,24.46351339459855,-5.441923200805917,-4.122820900042104,-1.319102300763813,213.2574354732847,200.66978302001954,188.0821305667544,13.865043520643134,22.71303561409304,-86.13495647935687,-349.2651306260265,20.393191759048438,14.800248367466287,44.413827181902064,-262944662.4,208.69295165929134,192.437897443951,176.18284322861066,211.17760732873245,200.62738254410334,190.07715775947423,-0.04460843123191249,
51,2025-04-07 00:00:00-04:00,2025-04-07,00:00:00,1743998400,173.83932689886532,189.72539325905717,171.25645715523552,179.05490112304688,27390069,0.0,0.0,0.0,32261601,218.694,224.41,221.25,25.5,1.2,212.5696,244.98,171.73,0.576,2.0,62232895488,17.923782,1.0125105,281049984,1,215.94205,6.569694860504636,193.2494314562448,198.78884496831728,24.53722442347157,-6.511458585417472,-4.600548437117178,-1.9109101483002942,215.51241600090634,199.634122467041,183.75582893317568,20.831127676675177,12.312769299796729,-79.16887232332482,-250.783752608806,18.11215883739493,18.974278804839706,36.7667314075983,-271161683.1,208.69295165929134,189.97470440726343,171.25645715523552,211.2879632655197,199.60725169425996,187.92654012300022,-0.009051299536174007,
52,2025-04-08 00:00:00-04:00,2025-04-08,00:00:00,1744084800,185.17797341906072,185.4073349472031,171.86477915508206,174.33795166015625,27390069,0.0,0.0,0.0,32261601,218.694,224.41,221.25,25.5,1.2,212.5696,244.98,171.73,0.576,2.0,62232895488,17.923782,1.0125105,281049984,1,215.94205,7.196533247204071,189.81098058422867,196.46018846277812,17.155954973136488,-7.651489871421603,-5.210736723978063,-2.44075314744354,217.85811772777242,198.3636100769043,178.8691024260362,8.23125814995013,14.309143115756148,-91.76874185004988,-212.6743198671796,18.519343374474282,13.5999052026183,33.564245181511,-279378703.8,208.69295165929134,189.97470440726343,171.25645715523552,211.04417096316553,198.4758636100274,185.90755625688928,-0.02634359312873058,
53,2025-04-09 00:00:00-04:00,2025-04-09,00:00:00,1744171200,172.24374135841177,191.58027456942497,171.26644788091292,189.15696716308594,27390069,0.0,0.0,0.0,32261601,218.694,224.41,221.25,25.5,1.2,212.5696,244.98,171.73,0.576,2.0,62232895488,17.923782,1.0125105,281049984,1,215.94205,8.42670244227065,189.6920690531118,195.76464357709315,37.51218140137922,-7.275336623795994,-5.623656703941649,-1.6516799198543444,217.71609842885488,197.81663513183594,177.917171834817,47.8156682269252,25.626018017850168,-52.1843317730748,-119.54183647567913,17.98676063999884,16.84699285337835,28.66438064246709,-287595724.5,208.69295165929134,189.97470440726343,171.25645715523552,211.8346463390128,197.65286010683846,183.4710738746641,0.08500166120924124,
54,2025-04-10 00:00:00-04:00,2025-04-10,00:00:00,1744257600,184.01120304085018,184.9685473854613,176.49198555134333,181.20895385742188,27390069,0.0,0.0,0.0,32261601,218.694,224.41,221.25,25.5,1.2,212.5696,244.98,171.73,0.576,2.0,62232895488,17.923782,1.0125105,281049984,1,215.94205,9.096279988619685,188.14968447207724,194.37838741331493,33.831287599793654,-7.53174939577994,-6.005275242309308,-1.526474153470632,218.26505802348623,197.02151107788086,175.77796413227549,26.58501238973674,27.543979588870684,-73.41498761026327,-120.83856882398835,17.42181240441783,15.606885012344692,24.643670787761387,-295812745.2,208.69295165929134,189.97470440726343,171.25645715523552,211.74264335386573,196.79484873667496,181.8470541194842,-0.04201808384256611,
55,2025-04-11 00:00:00-04:00,2025-04-11,00:00:00,1744344000,180.64051653648784,184.34029312589365,178.08757802001045,183.8516387939453,27390069,0.0,0.0,0.0,32261601,218.694,224.41,221.25,25.5,1.2,212.5696,244.98,171.73,0.576,2.0,62232895488,17.923782,1.0125105,281049984,1,215.94205,9.155402127418094,187.3682216215078,193.3758399257559,31.399924308197143,-7.435998217688223,-6.291419837385091,-1.1445783803031313,218.01584105578658,196.1202163696289,174.22459168347123,33.64412668858524,36.014935768415725,-66.35587331141475,-95.69686891763604,19.3944786079465,11.763785338973985,24.484531243201893,-304029765.9,208.69295165929134,189.97470440726343,171.25645715523552,210.94006224925667,195.86151688919927,180.78297152914186,0.01458363331539747,
56,2025-04-14 00:00:00-04:00,2025-04-14,00:00:00,1744603200,187.29212479088966,187.4516872542321,182.54525563180707,186.01565551757812,27390069,0.0,0.0,0.0,32261601,218.694,224.41,221.25,25.5,1.2,212.5696,244.98,171.73,0.576,2.0,62232895488,17.923782,1.0125105,281049984,1,215.94205,9.350576053244282,187.1223005117024,192.67486998211996,34.170772978087356,-7.103610653278849,-6.4538580005638435,-0.6497526527150059,217.17309085055757,195.19976119995118,173.2264315493448,39.902937279584215,33.37735878596873,-60.097062720415785,-64.62604158276073,20.75794221209087,13.86454797344044,23.97346731970259,-312246786.6,208.69295165929134,189.97470440726343,171.25645715523552,210.17386103787072,194.94496568254482,179.71607032721892,0.011770451097573131,
57,2025-04-15 00:00:00-04:00,2025-04-15,00:00:00,1744689600,185.82617033724307,188.5287043026994,185.3275490696965,186.24501037597656,27390069,0.0,0.0,0.0,32261601,218.694,224.41,221.25,25.5,1.2,212.5696,244.98,171.73,0.576,2.0,62232895488,17.923782,1.0125105,281049984,1,215.94205,9.284330072855472,186.9627932142977,192.06250240058247,35.51313415596276,-6.743944103817739,-6.5118752212146225,-0.23206888260311676,216.4065927221544,194.3795280456543,172.3524633691542,43.41417931761483,38.98708109526143,-56.58582068238517,-49.5658016557523,22.101565145923388,14.792073106993051,22.295519352327126,-317724800.4,208.69295165929134,189.97470440726343,171.25645715523552,209.43573574063993,194.14999633056476,178.8642569204896,0.001232986856726015,
58,2025-04-16 00:00:00-04:00,2025-04-16,00:00:00,1744776000,185.18794375902644,186.21510239740522,182.0566026716291,184.4599609375,27390069,0.0,0.0,0.0,32261601,218.694,224.41,221.25,25.5,1.2,212.5696,244.98,171.73,0.576,2.0,62232895488,17.923782,1.0125105,281049984,1,215.94205,9.399011346594918,186.50773280033448,191.33845083266988,35.075972461930064,-6.527697114530753,-6.5150395998778485,-0.012657514652904212,215.07597806971518,193.3124786376953,171.54897920567544,40.3044467756069,41.207187790935315,-59.695553224393095,-59.28148126881113,23.34413394495294,14.611588828104342,23.812031896334382,-325941821.1,208.69295165929134,189.97470440726343,171.25645715523552,208.3359424460734,193.10804410339637,177.88014576071933,-0.009584414824714171,
59,2025-04-17 00:00:00-04:00,2025-04-17,00:00:00,1744862400,184.4799081074989,186.91316719105154,183.95137076386717,185.96578979492188,27390069,0.0,0.0,0.0,32261601,218.694,224.41,221.25,25.5,1.2,212.5696,244.98,171.73,0.576,2.0,62232895488,17.923782,1.0125105,281049984,1,215.94205,9.238026383644911,186.4091977084413,190.82676882907484,38.9390239972514,-6.163760024730607,-6.4447836848484,0.28102366011779356,213.71852803533255,192.38604049682618,171.0535529583198,46.67721635309483,43.46528081543885,-53.32278364690517,-45.09726909261406,24.360078378961116,15.405960144969042,20.84970269055814,-331419834.9,208.69295165929134,189.97470440726343,171.25645715523552,207.35581746536317,192.1408852757257,176.92595308608824,0.00816344560504434,
60,2025-04-21 00:00:00-04:00,2025-04-21,00:00:00,1745208000,184.48987725417624,184.77907090695015,180.27154540250393,182.23611450195312,27390069,0.0,0.0,0.0,32261601,218.694,224.41,221.25,25.5,1.2,212.5696,244.98,171.73,0.576,2.0,62232895488,17.923782,1.0125105,281049984,1,215.94205,9.27791575748704,185.65045530726164,190.00861127411088,37.29711903518069,-6.105905803674091,-6.377008108613539,0.27110230493944787,212.48775255610505,191.33644332885743,170.1851341016098,34.84181464989378,40.6078259261985,-65.15818535010622,-61.632461270507264,24.5735732402415,15.339723921265058,20.606517548201342,-336897848.7,208.69295165929134,189.97470440726343,171.25645715523552,206.5794638207709,191.12419678817727,175.66892975558363,-0.020055706466666434,0.3150612711988792
61,2025-04-22 00:00:00-04:00,2025-04-22,00:00:00,1745294400,184.6394539213203,187.58133164707388,184.04111751527083,186.95306396484375,27390069,0.0,0.0,0.0,32261601,218.694,224.41,221.25,25.5,1.2,212.5696,244.98,171.73,0.576,2.0,62232895488,17.923782,1.0125105,281049984,1,215.94205,9.334189088896776,185.88729324500383,189.7176067684664,41.47791503571929,-5.614714581548242,-6.22454940320048,0.609834821652238,209.92098374774042,190.26989212036133,170.61880049298225,49.810139590205615,43.77639019773141,-50.189860409794385,-29.99403611253447,24.432728104120937,16.94139860586655,20.482286361094808,-342375862.5,208.69295165929134,189.97470440726343,171.25645715523552,205.49678982617536,190.0495015953402,174.60221336450502,0.025883724945420017,0.32078409627017374
62,2025-04-23 00:00:00-04:00,2025-04-23,00:00:00,1745380800,192.38803872251185,194.9708933797512,189.31652971793764,189.72540283203125,27390069,0.0,0.0,0.0,32261601,218.694,224.41,221.25,25.5,1.2,212.5696,244.98,171.73,0.576,2.0,62232895488,17.923782,1.0125105,281049984,1,215.94205,9.423227939289402,186.5851313517361,189.71834925071067,41.169765298330255,-4.944737565331536,-5.968587035626691,1.023849470295155,207.37796993621652,189.39979858398436,171.4216272317522,77.88060193352928,54.17751872454289,-22.11939806647072,18.34569985044469,24.21844052128257,20.79521948153457,20.288751911673227,-345114869.4,208.2442063500647,189.7503317526501,171.25645715523552,205.27573386345404,189.24406235721395,173.21239085097386,0.014829063554202326,0.3225641534127568
63,2025-04-24 00:00:00-04:00,2025-04-24,00:00:00,1745467200,190.23398362208405,193.83402984121267,189.36638747173708,193.52488708496094,27390069,0.0,0.0,0.0,32261601,218.694,224.41,221.25,25.5,1.2,212.5696,244.98,171.73,0.576,2.0,62232895488,17.923782,1.0125105,281049984,1,215.94205,8.783567218577556,187.84690512141333,190.0808766634964,53.610618852632555,-4.06038375107812,-5.586946378716977,1.5265626276388566,205.37839197064434,188.82488784790038,172.27138372515643,93.90242179447048,73.86438777273513,-6.09757820552952,36.06124795688335,24.004547662648008,22.30962527475096,15.813797204432362,-345114869.4,205.7810144688402,188.51873581203785,171.25645715523552,204.63201135205009,188.56643550470707,172.50085965736406,0.020026228413352998,0.3258226592899005
64,2025-04-25 00:00:00-04:00,2025-04-25,00:00:00,1745553600,192.18858332899256,193.72433014366325,191.02181138439505,193.584716796875,27390069,0.0,0.0,0.0,32261601,218.694,224.41,221.25,25.5,1.2,212.5696,244.98,171.73,0.576,2.0,62232895488,17.923782,1.0125105,281049984,1,215.94205,8.052018455016448,188.89014360786092,190.4145757238182,62.27454835591881,-3.316469033535128,-5.132850909680608,1.8163818761454795,203.43002761449273,188.30183334350585,173.17363907251897,94.1547141591197,88.64591262903981,-5.8452858408802975,52.32983373064647,24.68738687467843,24.336518143468606,6.165953293274887,-342375862.5,204.01587910134077,187.63616812828815,171.25645715523552,204.06574111368542,187.9882003776151,171.91065964154478,0.0003091577151408398,0.3258681727371474
65,2025-04-28 00:00:00-04:00,2025-04-28,00:00:00,1745812800,193.96367666208397,195.6091207887272,191.9991076142877,194.4024658203125,27390069,0.0,0.0,0.0,32261601,218.694,224.41,221.25,25.5,1.2,212.5696,244.98,171.73,0.576,2.0,62232895488,17.923782,1.0125105,281049984,1,215.94205,6.990666817203437,189.89238401012483,190.79437478062718,64.8409137991174,-2.6306018081371008,-4.632401089371906,2.0017992812348053,202.45185176931494,188.02709350585937,173.6023352424038,95.0430465340256,94.36672749587194,-4.9569534659743955,74.57877455874855,26.24991172241767,23.63971166895505,7.102093549650859,-336897848.7,202.76933172002538,187.01289443763045,171.25645715523552,203.55963936648865,187.64265590382283,171.725672441157,0.00422424371597252,0.3251235374371228
66,2025-04-29 00:00:00-04:00,2025-04-29,00:00:00,1745899200,193.933757844277,196.31716690464938,192.47777704147546,195.54928588867188,27390069,0.0,0.0,0.0,32261601,218.694,224.41,221.25,25.5,1.2,212.5696,244.98,171.73,0.576,2.0,62232895488,17.923782,1.0125105,281049984,1,215.94205,6.297583536564356,190.9209116244061,191.24722345758383,72.03234291503392,-1.971778856196721,-4.100276642736869,2.128497786540148,201.81440084231627,187.85756149291993,173.90072214352358,96.93469470776502,95.37748513363677,-3.065305292234978,88.58266245033175,27.144774899535587,27.044471772409885,7.883717527835206,-328680828.0,202.76933172002538,187.01289443763045,171.25645715523552,203.26944235042706,187.48209921730665,171.69475608418625,0.0058992053599742356,0.3252688659858159
67,2025-04-30 00:00:00-04:00,2025-04-30,00:00:00,1745985600,192.60743438858484,194.9409784112838,190.19410913219772,194.32269287109375,27390069,0.0,0.0,0.0,32261601,218.694,224.41,221.25,25.5,1.2,212.5696,244.98,171.73,0.576,2.0,62232895488,17.923782,1.0125105,281049984,1,215.94205,5.229108541418792,191.539417305622,191.54012530648953,57.47693914177342,-1.530984489483842,-3.5864182120862638,2.0554337226024217,200.94549749188323,187.62570343017578,174.30590936846832,89.93969337272652,93.97247820483905,-10.060306627273473,76.65943734198032,27.529838590138173,24.138415432804777,12.614058940536019,-323202814.2,202.76933172002538,187.01289443763045,171.25645715523552,203.0776391715697,187.21051741334034,171.34339565511098,-0.006272551761075884,0.3247783647774319
68,2025-05-01 00:00:00-04:00,2025-05-01,00:00:00,1746072000,195.17034997645985,197.12493689136267,193.20578089716483,195.52935791015625,27390069,0.0,0.0,0.0,32261601,218.694,224.41,221.25,25.5,1.2,212.5696,244.98,171.73,0.576,2.0,62232895488,17.923782,1.0125105,281049984,1,215.94205,4.604406711594166,192.26486105190094,191.92005222112448,75.75330662422479,-1.0719274812282151,-3.083520065914654,2.011592584686439,199.38015128020768,187.29711227416993,175.21407326813218,91.61869568153452,92.83102792067535,-8.381304318465489,114.0433367009273,28.534045242204904,30.80138368055391,14.325468508640887,-317724800.4,197.12493689136267,184.1906970232991,171.25645715523552,202.5422848323446,186.96037602563652,171.37846721892845,0.006209594058389056,0.3235544024113165
69,2025-05-02 00:00:00-04:00,2025-05-02,00:00:00,1746158400,197.78311963172965,200.65518308667023,197.63352411703502,199.92718505859375,27390069,0.0,0.0,0.0,32261601,218.694,224.41,221.25,25.5,1.2,212.5696,244.98,171.73,0.576,2.0,62232895488,17.923782,1.0125105,281049984,1,215.94205,4.523914573782079,193.6580108712996,192.68263630088344,77.19305672065562,-0.3492279161243914,-2.5366616359566017,2.1874337198322102,201.16565721222204,187.83711929321288,174.50858137420371,96.4285176210624,92.66230222510781,-3.5714823789376045,148.7242932655908,29.126045660072883,36.92336344399166,14.580355634959064,-309507779.7,200.65518308667023,185.95582012095286,171.25645715523552,202.14405191164326,187.39184983322792,172.6396477548126,0.022491901960104865,0.32641995953022973
70,2025-05-05 00:00:00-04:00,2025-05-05,00:00:00,1746417600,198.0224588446739,199.9471296464753,197.53380452113694,198.3914337158203,27390069,0.0,0.0,0.0,32261601,218.694,224.41,221.25,25.5,1.2,212.5696,244.98,171.73,0.576,2.0,62232895488,17.923782,1.0125105,281049984,1,215.94205,4.345835538275888,194.518633206667,193.2263312927822,71.38923948983914,0.09845941854911189,-2.009637425055459,2.108096843604571,202.39880189029736,188.72217178344727,175.04554167659717,88.8942817473234,92.31383168330677,-11.105718252676597,121.06074721588115,29.85692541186072,33.322452483080376,15.341714059021024,-301290759.0,200.65518308667023,185.95582012095286,171.25645715523552,202.01524165376878,188.316127207732,174.6170127616952,-0.007681553373161121,0.3266184713194414
71,2025-05-06 00:00:00-04:00,2025-05-06,00:00:00,1746504000,196.04792066883203,198.04240588497572,195.10054323450672,196.22743225097656,27390069,0.0,0.0,0.0,32261601,218.694,224.41,221.25,25.5,1.2,212.5696,244.98,171.73,0.576,2.0,62232895488,17.923782,1.0125105,281049984,1,215.94205,4.352245198869509,194.829323941996,193.51215043165786,66.1713319556641,0.2754626616983842,-1.5526174077046904,1.8280800694030745,202.85218841517522,189.58079833984374,176.30940826451226,78.27791631553046,87.8669052279721,-21.722083684469535,86.07408316936397,30.125643985854367,31.505789090530506,19.31256170016284,-293073738.3,200.65518308667023,185.96081548379158,171.26644788091292,201.31966425540332,189.13835437161734,176.95704448783135,-0.010907736409342728,0.3265365682319806
72,2025-05-07 00:00:00-04:00,2025-05-07,00:00:00,1746590400,197.5537584681179,198.01248152725006,195.49942599952718,196.87562561035156,27390069,0.0,0.0,0.0,32261601,218.694,224.41,221.25,25.5,1.2,212.5696,244.98,171.73,0.576,2.0,62232895488,17.923782,1.0125105,281049984,1,215.94205,4.232577186253467,195.20137879078789,193.83248140105727,70.88231142546972,0.46270897304242453,-1.1495521315552675,1.612261104597692,202.24334132019843,190.70768203735352,179.17202275450862,81.4578853152665,82.87669445937347,-18.5421146847335,83.11248541345344,31.175232846901785,32.39655492903876,14.338569250708991,-282117710.7,200.65518308667023,185.96081548379158,171.26644788091292,201.19633868520827,190.1179788278621,179.0396189705159,0.0033032759586129057,0.3264419076957106
73,2025-05-08 00:00:00-04:00,2025-05-08,00:00:00,1746676800,199.21915889506525,202.18097064083074,197.7133128270997,200.62525939941406,27390069,0.0,0.0,0.0,32261601,218.694,224.41,221.25,25.5,1.2,212.5696,244.98,171.73,0.576,2.0,62232895488,17.923782,1.0125105,281049984,1,215.94205,4.399973515060239,196.18753890144717,194.47941263899602,72.92583109219032,0.9032549725329773,-0.7389907107376186,1.6422456832705958,203.605371833983,191.2810966491699,178.9568214643568,92.89935165120067,84.21171776066588,-7.1006483487993215,114.3315297187151,33.35075628369348,36.797872508564026,13.793060546010006,-271161683.1,202.18097064083074,189.33647809608703,176.49198555134333,200.504088073637,190.9265763820941,181.34906469055122,0.01904569840699133,0.32919187753358065
74,2025-05-09 00:00:00-04:00,2025-05-09,00:00:00,1746763200,200.9842541534241,201.72221910860725,199.40862433612827,200.2562713623047,27390069,0.0,0.0,0.0,32261601,218.694,224.41,221.25,25.5,1.2,212.5696,244.98,171.73,0.576,2.0,62232895488,17.923782,1.0125105,281049984,1,215.94205,4.158498542207456,196.9273084397849,195.02958966026353,81.49185163615263,1.2086836475492646,-0.3494558390802419,1.5581394866295066,204.2197049886517,192.23346252441405,180.2472200601764,89.3896644851327,87.91563381719995,-10.610335514867298,111.20827503888475,36.943440170376,38.93464499383917,8.273330837558266,-260205655.5,202.18097064083074,190.1342743304206,178.08757802001045,200.44757652325754,191.905203515641,183.36283050802447,-0.0018391903303400792,0.32881631201492567
75,2025-05-12 00:00:00-04:00,2025-05-12,00:00:00,1747022400,208.26414050218457,209.15168580568434,205.2524788124343,207.29681396484375,27390069,0.0,0.0,0.0,32261601,218.694,224.41,221.25,25.5,1.2,212.5696,244.98,171.73,0.576,2.0,62232895488,17.923782,1.0125105,281049984,1,215.94205,4.412084063511663,198.81267308070468,196.19789673689021,82.88206388933557,1.9958441715104414,0.11960416303789473,1.8762400084725466,206.47717121327935,193.40572128295898,180.3342713526386,90.64856443460786,90.97919352364708,-9.351435565392133,181.799126392738,41.26762440239926,44.18799206064245,7.797819291730068,-249249627.9,209.15168580568434,194.71161560409413,180.27154540250393,201.96887093439238,193.16222799302622,184.35558505166006,0.03515766350109084,0.3363505704382257
76,2025-05-13 00:00:00-04:00,2025-05-13,00:00:00,1747108800,208.35387860912337,209.03201145562457,207.3865673352709,208.05471801757812,27390069,0.0,0.0,0.0,32261601,218.694,224.41,221.25,25.5,1.2,212.5696,244.98,171.73,0.576,2.0,62232895488,17.923782,1.0125105,281049984,1,215.94205,3.9633246403597604,200.49304488740893,197.32711781124144,81.6897061151269,2.650280299373236,0.6257393903049631,2.024540909068273,208.62964188013308,194.50767440795897,180.38570693578487,94.45564191355126,91.49795694443061,-5.544358086448741,169.95849837851586,45.539065997818525,35.87355684080336,8.680750972764887,-238293600.3,209.15168580568434,194.71161560409413,180.27154540250393,202.7927591613089,194.30323963310715,185.8137201049054,0.003656129769861849,0.3364939210234775
77,2025-05-14 00:00:00-04:00,2025-05-14,00:00:00,1747195200,207.46634380636743,207.96496510636194,205.96051295840118,206.20982360839844,27390069,0.0,0.0,0.0,32261601,218.694,224.41,221.25,25.5,1.2,212.5696,244.98,171.73,0.576,2.0,62232895488,17.923782,1.0125105,281049984,1,215.94205,3.793793403909857,201.5324592003161,198.17308979192308,73.52077066371511,2.985641468910984,1.0977198060261673,1.8879216628848168,209.98661965943154,195.50591506958008,181.02521047972863,84.48186575766151,89.86202403527356,-15.518134242338489,135.11768108592358,48.05417447472586,37.47661947484388,11.753601783681148,-230076579.6,209.15168580568434,194.71161560409413,180.27154540250393,203.68263144267283,195.30380693185367,186.9249824210345,-0.008867351948364965,0.3365845902974201
78,2025-05-15 00:00:00-04:00,2025-05-15,00:00:00,1747281600,206.01037749880592,207.615938688524,204.82365637379067,207.5561065673828,27390069,0.0,0.0,0.0,32261601,218.694,224.41,221.25,25.5,1.2,212.5696,244.98,171.73,0.576,2.0,62232895488,17.923782,1.0125105,281049984,1,215.94205,3.8002050864430816,202.62766781251003,199.06671043720496,74.72650745633436,3.3217602113576845,1.5425278870924708,1.7792323242652137,211.1161255735153,196.6607223510742,182.20531912863314,91.58342194372847,90.17364320498041,-8.416578056271533,120.96445171483099,47.07816707572198,37.413389154104514,13.870604321578512,-219120552.0,209.15168580568434,194.71161560409413,180.27154540250393,204.66408616409745,196.4248741922397,188.18566222038197,0.006528704284918252,0.3369354211624374
79,2025-05-16 00:00:00-04:00,2025-05-16,00:00:00,1747368000,207.8452974971105,209.55058901082447,207.20706285212398,209.2713623046875,27390069,0.0,0.0,0.0,32261601,218.694,224.41,221.25,25.5,1.2,212.5696,244.98,171.73,0.576,2.0,62232895488,17.923782,1.0125105,281049984,1,215.94205,3.709741728176009,203.8356122656332,200.03858204363186,75.50467667400221,3.6840758067193633,1.9708374710178493,1.713238335701514,212.40820291262565,197.8260009765625,183.24379904049937,98.55745100406772,91.54091290181923,-1.4425489959322966,127.77190314606982,46.521749445608386,38.421729263150766,14.208843891895098,-208164524.4,209.55058901082447,194.9110672066642,180.27154540250393,205.75557057754565,197.5781856325363,189.40080068752695,0.008264058165630583,0.3370117438010771
80,2025-05-19 00:00:00-04:00,2025-05-19,00:00:00,1747627200,206.22976899249034,208.51344780982248,205.69124947687246,208.39378356933594,27390069,0.0,0.0,0.0,32261601,218.694,224.41,221.25,25.5,1.2,212.5696,244.98,171.73,0.576,2.0,62232895488,17.923782,1.0125105,281049984,1,215.94205,3.691221939936089,204.6643706844882,200.83431552227034,72.23761773605462,3.8559512509009437,2.3478602269944684,1.5080910239064753,212.4673816162197,199.13388442993164,185.80038724364357,94.02367864021669,94.72151719600429,-5.976321359783316,104.4639483759035,45.23068322111063,37.24436576739274,17.213372840608965,-197208496.8,209.55058901082447,196.79585326304766,184.04111751527083,206.79935325516243,198.83338146661336,190.8674096780643,-0.004193496547673092,0.3320288317158324
81,2025-05-20 00:00:00-04:00,2025-05-20,00:00:00,1747713600,208.0846389492217,209.1815966495725,207.38657219141407,208.50347900390625,27390069,0.0,0.0,0.0,32261601,218.694,224.41,221.25,25.5,1.2,212.5696,244.98,171.73,0.576,2.0,62232895488,17.923782,1.0125105,281049984,1,215.94205,3.4369253471992516,205.36239037892784,201.56471204433092,75.53880482992487,3.9554196677508173,2.6693721151457384,1.286047552605079,212.86601611719823,200.21140518188477,187.55679424657131,93.59362312707037,95.39158425711825,-6.406376872929632,102.95118668364013,46.57309862611219,41.388653346231116,13.740905338645918,-186252469.2,209.55058901082447,199.43355936438104,189.31652971793764,207.55260289842795,199.9416503785751,192.33069785872226,0.0005263853493682191,0.3317334553068491
82,2025-05-21 00:00:00-04:00,2025-05-21,00:00:00,1747800000,206.06024129459462,207.03753477236856,202.28068335615245,202.64967346191406,27390069,0.0,0.0,0.0,32261601,218.694,224.41,221.25,25.5,1.2,212.5696,244.98,171.73,0.576,2.0,62232895488,17.923782,1.0125105,281049984,1,215.94205,3.601471036738963,204.86916912128896,201.66804170314836,60.98463073993254,3.5213045132975935,2.8397585947761095,0.681545918521484,212.5402478650029,200.8576187133789,189.17498956175493,52.24295025957393,79.95341734228698,-47.75704974042607,43.17653148697616,45.423797818581896,35.16618821892521,23.239698316504082,-178035448.5,209.55058901082447,199.45848824128078,189.36638747173708,208.00568394939114,200.57423480625368,193.14278566311623,-0.02807533749536384,0.33652070022791963
83,2025-05-22 00:00:00-04:00,2025-05-22,00:00:00,1747886400,201.73219979165856,203.80646623525777,200.97430089017047,202.6396942138672,27390069,0.0,0.0,0.0,32261601,218.694,224.41,221.25,25.5,1.2,212.5696,244.98,171.73,0.576,2.0,62232895488,17.923782,1.0125105,281049984,1,215.94205,3.437638191637057,204.4638100472123,201.76058003750254,54.83987600211926,3.1402609108100705,2.8998590579829018,0.24040185282716875,212.49182538025164,201.31335906982423,190.13489275939682,52.17388993823412,66.00348777495948,-47.82611006176588,18.49289594638664,42.633877303900114,29.506876069022464,27.06172044056267,-172557434.7,209.55058901082447,199.8723490715111,190.19410913219772,208.3537221959754,201.08582075527676,193.81791931457812,-4.9243839757573404e-05,0.3364987608260367
84,2025-05-23 00:00:00-04:00,2025-05-23,00:00:00,1747972800,199.22911649831607,202.69951633039062,199.09947009676708,202.00144958496094,27390069,0.0,0.0,0.0,32261601,218.694,224.41,221.25,25.5,1.2,212.5696,244.98,171.73,0.576,2.0,62232895488,17.923782,1.0125105,281049984,1,215.94205,3.5224039850859987,204.01610814498477,201.78351999440332,56.65440713205645,2.7550219252354395,2.8708916314334094,-0.11586970619796988,212.30476563496762,201.73419570922852,191.1636257834894,47.75698608349151,50.72460876043319,-52.24301391650849,-3.5133706322661857,40.1420634914477,28.7968002876015,30.010120889574544,-169818427.8,209.55058901082447,199.8723490715111,190.19410913219772,208.86796790486403,201.51031371672985,194.15265952859568,-0.0031496525465175562,0.33517993057601186
85,2025-05-27 00:00:00-04:00,2025-05-27,00:00:00,1748318400,205.0729563514809,207.1771387301646,203.59704164551502,207.1272735595703,27390069,0.0,0.0,0.0,32261601,218.694,224.41,221.25,25.5,1.2,212.5696,244.98,171.73,0.576,2.0,62232895488,17.923782,1.0125105,281049984,1,215.94205,3.6570324610781455,204.58177458400033,202.2924489053716,68.11397881091608,2.830697886930892,2.862852882532906,-0.03215499560201396,212.6095303671114,202.3704360961914,192.13134182527142,82.75363078980877,60.8948356038448,-17.24636921019123,57.574969737803016,39.88065805493892,36.48230707601717,24.152733833449567,-167079420.9,209.55058901082447,199.8723490715111,190.19410913219772,209.6227148304725,202.1084930452619,194.5942712600513,0.025375184114475813,0.338620663918246
86,2025-05-28 00:00:00-04:00,2025-05-28,00:00:00,1748404800,207.13725941011708,207.45636911751504,204.63417083884565,204.9433135986328,27390069,0.0,0.0,0.0,32261601,218.694,224.41,221.25,25.5,1.2,212.5696,244.98,171.73,0.576,2.0,62232895488,17.923782,1.0125105,281049984,1,215.94205,3.679114086145753,204.64750895029712,202.5449122094917,62.75621037840821,2.6835104767094435,2.8269844013682137,-0.14347392465877018,212.6129754063176,202.84013748168945,193.06729955706132,61.07824688143827,63.86295458491285,-38.92175311856173,47.51674150452908,38.62388993036949,36.80545936553493,24.007771866959782,-167079420.9,209.55058901082447,199.8723490715111,190.19410913219772,210.06582273402532,202.6533201072652,195.24081748050506,-0.010544048224095381,0.3346130787035906
87,2025-05-29 00:00:00-04:00,2025-05-29,00:00:00,1748491200,206.37934890968154,206.4890462021618,203.90619157169758,205.5516357421875,27390069,0.0,0.0,0.0,32261601,218.694,224.41,221.25,25.5,1.2,212.5696,244.98,171.73,0.576,2.0,62232895488,17.923782,1.0125105,281049984,1,215.94205,3.484650486144685,204.81189563973172,202.83126683165324,58.64844694674503,2.5861385117573263,2.7788152234460366,-0.19267671168871026,212.37130699907362,203.40158462524414,194.43186225141466,61.736601587623966,68.52282641962367,-38.26339841237604,35.65435066289249,35.810169097792176,30.31482272869664,26.839760237871573,-164340414.0,209.55058901082447,201.37818495399466,193.20578089716483,210.39674207311555,203.2614716589564,196.12620124479724,0.0029682458669817446,0.3338327717150085
88,2025-05-30 00:00:00-04:00,2025-05-30,00:00:00,1748577600,204.57434618839216,205.6812860821574,202.9787519430084,204.50454711914062,27390069,0.0,0.0,0.0,32261601,218.694,224.41,221.25,25.5,1.2,212.5696,244.98,171.73,0.576,2.0,62232895488,17.923782,1.0125105,281049984,1,215.94205,3.512431869478259,204.7560140905333,202.990626859033,57.28457882279804,2.3968498341100712,2.7024221455788435,-0.3055723114687723,212.02453310639606,203.85034408569337,195.67615506499067,51.71768752055237,58.17751199653821,-48.282312479447626,13.140793041624889,31.36129991581374,30.075049334589394,28.513507466874756,-164340414.0,209.55058901082447,202.32556612266558,195.10054323450672,210.73015504503766,203.7165468163834,196.70293858772916,-0.005094041792789161,0.33338758281512293
89,2025-06-02 00:00:00-04:00,2025-06-02,00:00:00,1748836800,204.75385249426287,205.27240767644676,202.1111505444695,205.1427764892578,27390069,0.0,0.0,0.0,32261601,218.694,224.41,221.25,25.5,1.2,212.5696,244.98,171.73,0.576,2.0,62232895488,17.923782,1.0125105,281049984,1,215.94205,3.1028492043780886,204.82633452666505,203.195593490483,45.26732139516577,2.272145095289119,2.616366735520899,-0.34422164023178015,212.08874464889186,204.11112365722656,196.13350266556125,57.82449173324514,57.09292694714049,-42.17550826675486,4.67433053431141,28.778525592008922,16.942151884123827,34.27459672674601,-164340414.0,209.55058901082447,202.32556612266558,195.10054323450672,210.77220561471523,203.95505419051466,197.13790276631408,0.0031208566220553013,0.331915513905583
90,2025-06-03 00:00:00-04:00,2025-06-03,00:00:00,1748923200,205.89070778791648,209.03201579810954,204.98321339680683,208.45361328125,27390069,0.0,0.0,0.0,32261601,218.694,224.41,221.25,25.5,1.2,212.5696,244.98,171.73,0.576,2.0,62232895488,17.923782,1.0125105,281049984,1,215.94205,3.268106697986795,205.4858397547714,203.69635728007984,50.7880191666325,2.412660897622061,2.5756255679411315,-0.16296467031907058,212.33817442287457,204.61423263549804,196.8902908481215,89.50374846372699,66.34864257250817,-10.496251536273004,70.08875444039491,25.454307500922095,24.302537695355863,32.541442190206425,-161601407.1,209.55058901082447,202.32556612266558,195.10054323450672,211.37902791885725,204.39832876706024,197.41762961526322,0.016139182907888294,0.3334541451553218
91,2025-06-04 00:00:00-04:00,2025-06-04,00:00:00,1749009600,208.60319941786742,209.43091260049982,207.56607381094256,207.86524963378906,27390069,0.0,0.0,0.0,32261601,218.694,224.41,221.25,25.5,1.2,212.5696,244.98,171.73,0.576,2.0,62232895488,17.923782,1.0125105,281049984,1,215.94205,3.251723393013961,205.91845973277458,204.09339464709976,53.44113810988297,2.448321923041334,2.550164838961172,-0.10184291591983818,211.9526457438383,205.19612350463868,198.43960126543905,83.87407711179593,77.0674391029227,-16.125922888204062,83.92562143530942,22.27816554701538,25.301213895142695,29.572872864473744,-158862400.2,209.55058901082447,202.52500750517584,195.49942599952718,211.82795366092785,204.98985967830646,198.15176569568507,-0.0028225159458719062,0.32923046986833876
92,2025-06-05 00:00:00-04:00,2025-06-05,00:00:00,1749096000,208.12451597881278,209.25140492336496,206.42920669662763,207.95498657226562,27390069,0.0,0.0,0.0,32261601,218.694,224.41,221.25,25.5,1.2,212.5696,244.98,171.73,0.576,2.0,62232895488,17.923782,1.0125105,281049984,1,215.94205,3.253860243871389,206.28873733995476,204.46116530663937,50.87485500519069,2.4555188705498097,2.5312356452789,-0.07571677472909055,211.35240956739597,205.75009155273438,200.14777353807278,84.73271185908467,86.03684581153585,-15.267288140915323,70.39947137748324,19.55515275944992,25.28459827045272,29.55347510248271,-156123393.3,209.55058901082447,203.6319509189621,197.7133128270997,212.41300234841475,205.54399409589192,198.6749858433691,0.00043170726533015014,0.32922556632163924
93,2025-06-06 00:00:00-04:00,2025-06-06,00:00:00,1749182400,210.91679815581074,211.5450658281764,210.01928595247148,211.31568908691406,27390069,0.0,0.0,0.0,32261601,218.694,224.41,221.25,25.5,1.2,212.5696,244.98,171.73,0.576,2.0,62232895488,17.923782,1.0125105,281049984,1,215.94205,3.3428997508149814,207.20272856667464,205.11397709523698,54.181932821634916,2.70126461269453,2.565241438762026,0.13602317393250374,211.8680669930356,206.28461303710938,200.70115908118316,98.15696455025083,88.92125117371047,-1.8430354497491623,154.56722556312803,16.71601607772777,25.378239469326747,28.766306163015336,-153384386.4,211.5450658281764,205.32226796247176,199.09947009676708,212.78081740429488,206.08333572922888,199.38585405416288,0.016160720981223342,0.3307092414040285
94,2025-06-09 00:00:00-04:00,2025-06-09,00:00:00,1749441600,213.28027098961797,213.6891441095407,211.9639186641563,212.7716827392578,27390069,0.0,0.0,0.0,32261601,218.694,224.41,221.25,25.5,1.2,212.5696,244.98,171.73,0.576,2.0,62232895488,17.923782,1.0125105,281049984,1,215.94205,3.2567099075872386,208.21526568896246,205.84328239466754,58.74852570068096,2.9791644500296854,2.6480260410155583,0.33113840901412717,212.45428390022795,206.91038360595704,201.36648331168612,93.71157046086408,92.20041562339986,-6.288429539135919,199.72786598629222,14.65923244665199,30.752433623792253,26.20302137158397,-147906372.6,213.6891441095407,206.3943071031539,199.09947009676708,213.40409727440823,206.70062957432748,199.99716187424673,0.006890135127377572,0.32920807809770813
95,2025-06-10 00:00:00-04:00,2025-06-10,00:00:00,1749528000,213.86865285141764,214.83596416571842,213.22043603696565,213.9185028076172,27390069,0.0,0.0,0.0,32261601,218.694,224.41,221.25,25.5,1.2,212.5696,244.98,171.73,0.576,2.0,62232895488,17.923782,1.0125105,281049984,1,215.94205,3.2759425481802515,209.25221789235422,206.61235100542467,60.39036592999717,3.2544258727678823,2.769306007366023,0.48511986540185914,213.61183551517598,207.2414680480957,200.8711005810154,94.16984905226496,95.34612802112663,-5.83015094773504,195.13942107605038,11.766556090840037,31.615583563849825,26.04918677739347,-142428358.8,214.83596416571842,206.96771713124275,199.09947009676708,213.05888271317198,207.03852831478312,201.01817391639426,0.005389909284896577,0.32591127338700343
96,2025-06-11 00:00:00-04:00,2025-06-11,00:00:00,1749614400,214.98555933784675,215.33458511425263,212.71184745041074,213.0409393310547,27390069,0.0,0.0,0.0,32261601,218.694,224.41,221.25,25.5,1.2,212.5696,244.98,171.73,0.576,2.0,62232895488,17.923782,1.0125105,281049984,1,215.94205,3.018795549329401,209.9410763357543,207.22459751262753,74.64526841187948,3.3629939936174367,2.888043604616306,0.4749503890011306,214.36547542340915,207.49077911376952,200.6160828041299,85.87231577523386,91.25124509612097,-14.12768422476614,160.37103321033106,12.645465414589449,34.30866174603021,17.39030667442381,-139689351.9,215.33458511425263,207.21702760550986,199.09947009676708,213.42453798193213,207.31542956623716,201.20632115054218,-0.004102326189856176,0.32520390724358184
97,2025-06-12 00:00:00-04:00,2025-06-12,00:00:00,1749700800,211.58494926024545,212.6819221480568,211.04644498050132,212.19326782226562,27390069,0.0,0.0,0.0,32261601,218.694,224.41,221.25,25.5,1.2,212.5696,244.98,171.73,0.576,2.0,62232895488,17.923782,1.0125105,281049984,1,215.94205,2.958961906862691,210.35056569693816,207.69780420878354,71.79254956641353,3.342109250064908,2.9788567337060265,0.36325251635888156,214.9449916123364,207.7899513244629,200.6349110365894,80.65109308678291,86.8977526380939,-19.348906913217085,103.09630644576318,14.520942727832585,35.0024226882249,18.608623808910977,-136950345.0,215.33458511425263,207.21702760550986,199.09947009676708,213.6776724656975,207.5785351208649,201.4793977760323,-0.003978913684152596,0.3247547771912722
98,2025-06-13 00:00:00-04:00,2025-06-13,00:00:00,1749787200,209.2613727391233,210.85696690351472,207.6458446797944,208.31399536132812,27390069,0.0,0.0,0.0,32261601,218.694,224.41,221.25,25.5,1.2,212.5696,244.98,171.73,0.576,2.0,62232895488,17.923782,1.0125105,281049984,1,215.94205,3.0266316860660964,209.98028018137268,207.75648908045443,62.54461277776666,2.978202211935411,2.9787258293519034,-0.0005236174164924279,214.98569866534353,207.82784576416014,200.66999286297676,46.907970725190765,71.14379319573585,-53.092029274809235,29.01450446860673,15.958200901773354,34.21983449759669,21.793389303683455,-136950345.0,215.33458511425263,207.21702760550986,199.09947009676708,213.9668716370536,207.6922202094472,201.41756878184083,-0.018281788582410696,0.3256682646311723
99,2025-06-16 00:00:00-04:00,2025-06-16,00:00:00,1750046400,210.47999572753906,211.9499969482422,209.63999938964844,210.77000427246094,27390069,0.0,0.576,0.0,32261601,218.694,224.41,221.25,25.5,1.2,212.5696,244.98,171.73,0.576,2.0,62232895488,17.923782,1.0125105,281049984,1,215.94205,2.916654003331126,210.12386637975237,208.0434905273122,58.098351224132294,2.855071172557558,2.9539948979930344,-0.09892372543547623,215.1550128942145,207.90277786254882,200.65054283088313,65.48112506094131,64.346729624305,-34.5188749390587,67.08941408582297,15.165951070855133,27.221321285549365,22.615148227375748,-136950345.0,215.33458511425263,207.21702760550986,199.09947009676708,214.2016356205869,207.79773665015915,201.3938376797314,0.011789937142114626,0.32618208218804146
100,2025-06-17 00:00:00-04:00,2025-06-17,00:00:00,1750132800,209.05999755859375,210.4499969482422,208.3699951171875,208.5500030517578,27390069,0.0,0.0,0.0,32261601,218.694,224.41,221.25,25.5,1.2,212.5696,244.98,171.73,0.576,2.0,62232895488,17.923782,1.0125105,281049984,1,215.94205,2.8864976373742723,209.83770941102608,208.09172981535465,58.00539726235247,2.5489704469198387,2.8729900077783954,-0.32401956085855677,215.16538659799318,207.91058883666992,200.65579107534666,48.69273919199279,53.69394499270829,-51.30726080800721,27.551050847595082,13.77378330209101,26.814736286110247,25.994139309451334,-136950345.0,215.33458511425263,207.21702760550986,199.09947009676708,214.16315049101868,207.8772618878451,201.5913732846715,-0.01053281385255056,0.3266952169757755
101,2025-06-18 00:00:00-04:00,2025-06-18,00:00:00,1750219200,208.44000244140625,211.38999938964844,207.77999877929688,209.64999389648438,27390069,0.0,0.0,0.0,32261601,218.694,224.41,221.25,25.5,1.2,212.5696,244.98,171.73,0.576,2.0,62232895488,17.923782,1.0125105,281049984,1,215.94205,2.959865207366225,209.803579317473,208.2401359183194,58.90239876541737,2.3678484022312034,2.771961686668957,-0.4041132844377535,215.26045895773436,207.96791458129883,200.6753702048633,57.01123495738305,57.06169973677239,-42.98876504261695,36.10976708417124,14.002184875780477,28.4185157757306,23.59302363510235,-136950345.0,215.33458511425263,207.21702760550986,199.09947009676708,214.4071205099136,207.9397342915207,201.4723480731278,0.005274470528075614,0.3229310655301316
102,2025-06-20 00:00:00-04:00,2025-06-20,00:00:00,1750392000,211.11000061035156,211.25,208.4600067138672,209.2100067138672,27390069,0.0,0.0,0.0,32261601,218.694,224.41,221.25,25.5,1.2,212.5696,244.98,171.73,0.576,2.0,62232895488,17.923782,1.0125105,281049984,1,215.94205,2.9661122892936396,209.6956570259083,208.33250456551443,60.498019048993726,2.163860946357744,2.650341538606715,-0.486480592248971,215.15876665890158,208.2959312438965,201.4330958288914,53.683905886442574,53.12929334527281,-46.316094113557426,32.183634289045784,14.825491622808224,28.358662075333847,21.309915085112884,-136950345.0,215.33458511425263,207.21702760550986,199.09947009676708,214.34637563770653,208.2222696554757,202.0981636732449,-0.0020986749125995185,0.3227405905689568
103,2025-06-23 00:00:00-04:00,2025-06-23,00:00:00,1750651200,208.47999572753906,211.77999877929688,206.80999755859375,211.77000427246094,27390069,0.0,0.0,0.0,32261601,218.694,224.41,221.25,25.5,1.2,212.5696,244.98,171.73,0.576,2.0,62232895488,17.923782,1.0125105,281049984,1,215.94205,3.095308295631201,210.07281107073604,208.65988548998553,63.61780766597018,2.1835986600044635,2.5569929628862647,-0.3733943028818012,215.2352330250524,208.75244674682617,202.26966046859994,65.56416928025018,58.75310337469194,-34.435830719749816,37.42486212716311,13.123827822615434,27.17499132745364,22.22596952577425,-134211338.1,215.33458511425263,207.21702760550986,199.09947009676708,214.94248487978567,208.60459530999327,202.26670574020088,0.01223649670875937,0.3228837652987577
104,2025-06-24 00:00:00-04:00,2025-06-24,00:00:00,1750737600,213.2899932861328,214.92999267578125,212.36000061035156,214.47000122070312,27390069,0.0,0.0,0.0,32261601,218.694,224.41,221.25,25.5,1.2,212.5696,244.98,171.73,0.576,2.0,62232895488,17.923782,1.0125105,281049984,1,215.94205,3.0318215814896012,210.87230018891185,209.21322984529198,62.68097297658897,2.3895627373936463,2.523506917787741,-0.13394418039409484,215.5140583160306,209.3758743286133,203.237690341196,90.29144127285626,69.84650547984967,-9.708558727143748,124.22543517370111,12.61573447751475,26.307810873119436,22.691384041726558,-128733324.3,215.33458511425263,208.72286782936106,202.1111505444695,215.53113840500066,209.2372546182386,202.94337083147656,0.012749666590025743,0.32360201568139374
105,2025-06-25 00:00:00-04:00,2025-06-25,00:00:00,1750824000,214.66000366210938,214.72999572753906,211.88999938964844,211.97000122070312,27390069,0.0,0.0,0.0,32261601,218.694,224.41,221.25,25.5,1.2,212.5696,244.98,171.73,0.576,2.0,62232895488,17.923782,1.0125105,281049984,1,215.94205,3.1014756920848408,211.07188219469208,209.47577950009304,58.00653954651764,2.3242689206769853,2.48365931836559,-0.15939039768860486,215.7647749610824,209.6180107116699,203.47124646225743,62.218518565246804,72.69137637278442,-37.781481434753196,87.6283207202129,12.287691094261065,24.798300399044393,23.264209231807335,-125994317.4,215.33458511425263,208.72286782936106,202.1111505444695,215.64237816431336,209.5820636582826,203.52174915225186,-0.011656641888239339,0.3216380840895099
106,2025-06-26 00:00:00-04:00,2025-06-26,00:00:00,1750910400,212.8300018310547,215.5500030517578,212.6999969482422,215.41000366210938,27390069,0.0,0.0,0.0,32261601,218.694,224.41,221.25,25.5,1.2,212.5696,244.98,171.73,0.576,2.0,62232895488,17.923782,1.0125105,281049984,1,215.94205,3.155604520964652,211.8606315524043,210.04094370599935,62.860569329969636,2.5210415505333685,2.491135764799146,0.029905785734222423,216.3936657979279,210.14134521484374,203.88902463175958,98.39817732657106,83.63604572155803,-1.601822673428948,118.76394513794534,12.64326597211642,26.229053899423093,20.291801337794993,-120516303.6,215.5500030517578,208.83057679811367,202.1111505444695,216.16192768800383,210.02583282673453,203.88973796546523,0.01622872303437184,0.3228543192036825
107,2025-06-27 00:00:00-04:00,2025-06-27,00:00:00,1750996800,216.0500030517578,217.41000366210938,214.1300048828125,215.47999572753906,27390069,0.0,0.0,0.0,32261601,218.694,224.41,221.25,25.5,1.2,212.5696,244.98,171.73,0.576,2.0,62232895488,17.923782,1.0125105,281049984,1,215.94205,3.1334559154922306,212.51869776606517,210.55894866043172,58.10387709967004,2.652061735263885,2.5233209588920937,0.12874077637179138,216.9321521080432,210.63776321411132,204.34337432017944,81.79238845975568,80.80302811719118,-18.207611540244315,132.604515483258,12.973600810034881,25.425903437761736,20.43523246121802,-115038289.8,217.41000366210938,209.76057710328945,202.1111505444695,216.74952761549397,210.5437183393414,204.33790906318885,0.0003249248606831401,0.32285039902416274
108,2025-06-30 00:00:00-04:00,2025-06-30,00:00:00,1751256000,216.67999267578125,216.7100067138672,215.38999938964844,215.7899932861328,27390069,0.0,0.0,0.0,32261601,218.694,224.41,221.25,25.5,1.2,212.5696,244.98,171.73,0.576,2.0,62232895488,17.923782,1.0125105,281049984,1,215.94205,3.058209651320238,213.11347876971382,211.05714338668898,56.14794757610341,2.74921910136203,2.5685005873860813,0.18071851397594862,217.1976987822247,211.20203552246093,205.20637226269716,84.71689204556905,88.30248594396527,-15.28310795443095,127.35442959022114,12.421034360460796,21.04371838572878,20.938034778753405,-106821269.1,217.41000366210938,209.76057710328945,202.1111505444695,217.19003183809,211.12247524343047,205.05491864877095,0.0014386372969197314,0.32148051577391795
109,2025-07-01 00:00:00-04:00,2025-07-01,00:00:00,1751342400,214.6199951171875,220.52999877929688,214.14999389648438,218.00999450683594,27390069,0.0,0.0,0.0,32261601,218.694,224.41,221.25,25.5,1.2,212.5696,244.98,171.73,0.576,2.0,62232895488,17.923782,1.0125105,281049984,1,215.94205,3.3664756124882302,214.00375435828147,211.7193196838458,57.984805820385645,2.971103527149012,2.649021175338668,0.32208235181034395,217.86480915334448,211.84539642333985,205.82598369333522,81.63262355503062,82.71396802011846,-18.367376444969384,153.3686822677066,12.671944661649752,24.788591409278734,19.020752683467222,-98604248.4,220.52999877929688,212.75660608805185,204.98321339680683,218.18130082104756,211.7918694513045,205.40243808156146,0.010287785762889579,0.2915158441397231
110,2025-07-02 00:00:00-04:00,2025-07-02,00:00:00,1751428800,218.3699951171875,221.10000610351562,217.36000061035156,221.02999877929688,27390069,0.0,0.0,0.0,32261601,218.694,224.41,221.25,25.5,1.2,212.5696,244.98,171.73,0.576,2.0,62232895488,17.923782,1.0125105,281049984,1,215.94205,3.4462804574398143,215.28125334392064,212.6060510262697,64.3880006881121,3.351997893564203,2.7896165189837747,0.5623813745804283,219.5386226962851,212.47421569824218,205.40980870019925,99.51009599470375,88.6198705317678,-0.48990400529625955,184.78787370189642,11.644109861290373,25.395979931234997,17.52617790911985,-90387227.7,221.10000610351562,213.7646064000716,206.42920669662763,218.76744051385032,212.40888883492113,206.05033715599194,0.013852595516515409,0.27530441333684386
111,2025-07-03 00:00:00-04:00,2025-07-03,00:00:00,1751515200,222.00999450683594,223.3300018310547,221.77000427246094,223.0800018310547,27390069,0.0,0.0,0.0,32261601,218.694,224.41,221.25,25.5,1.2,212.5696,244.98,171.73,0.576,2.0,62232895488,17.923782,1.0125105,281049984,1,215.94205,3.468102507525846,216.69920761430862,213.60357015053495,68.79274622589973,3.775753006496217,2.986843816486263,0.7889091900099539,221.4005868987863,213.23495330810547,205.06931971742466,98.48668320009605,93.20980091661015,-1.5133167999039399,215.10636390160843,12.042697026771217,29.829052059751216,13.985858949853194,-79431200.1,223.3300018310547,214.87960426384114,206.42920669662763,219.5329198048927,213.13085169974346,206.7287835945942,0.009274772940684795,0.27429311113932525
112,2025-07-07 00:00:00-04:00,2025-07-07,00:00:00,1751860800,221.57000732421875,222.82000732421875,218.41000366210938,219.72999572753906,27390069,0.0,0.0,0.0,32261601,218.694,224.41,221.25,25.5,1.2,212.5696,244.98,171.73,0.576,2.0,62232895488,17.923782,1.0125105,281049984,1,215.94205,3.4768578665597096,217.25025999853233,214.18703925310678,70.07315485616134,3.7974893971853305,3.1489729326260765,0.648516464559254,222.08386117446605,213.82370376586914,205.56354635727223,78.20820113517233,92.06832677665739,-21.79179886482767,142.30479912599412,13.059473607259653,29.753937093754246,13.867232011224969,-71214179.4,223.3300018310547,215.06999969482422,206.80999755859375,220.33977327447366,213.7529251751036,207.16607707573354,-0.015017061484752348,0.2699213504549161
113,2025-07-08 00:00:00-04:00,2025-07-08,00:00:00,1751947200,220.5800018310547,222.2899932861328,220.3300018310547,221.25,27390069,0.0,0.0,0.0,32261601,218.694,224.41,221.25,25.5,1.2,212.5696,244.98,171.73,0.576,2.0,62232895488,17.923782,1.0125105,281049984,1,215.94205,3.400000435965402,217.9774854533446,214.85970218138232,69.05454825913766,3.892497002540523,3.297677746608966,0.594819255931557,223.12255617446894,214.32041931152344,205.51828244857793,87.40919314093594,88.03469249206812,-12.59080685906406,138.61800635098638,14.754226303394242,28.13024721158488,14.18070250686485,-62997158.7,223.3300018310547,215.06999969482422,206.80999755859375,220.7532643422357,214.26942441259735,207.785584482959,0.006917600245829547,0.2108029439404671
114,2025-07-09 00:00:00-04:00,2025-07-09,00:00:00,1752033600,222.57000732421875,223.69000244140625,221.1199951171875,223.64999389648438,27390069,0.0,0.0,0.0,32261601,218.694,224.41,221.25,25.5,1.2,212.5696,244.98,171.73,0.576,2.0,62232895488,17.923782,1.0125105,281049984,1,215.94205,3.4121431623186385,219.00885062482453,215.69687282091584,77.27601727640317,4.114026724945319,3.460947542276237,0.653079182669082,224.56234505830628,214.86433486938478,205.16632468046328,99.76298262234147,88.46012563281658,-0.23701737765853587,141.12912936606654,17.92393985336883,30.960869211075636,11.471656889692412,-54780138.0,223.69000244140625,215.25,206.80999755859375,221.27350700476362,214.77001184496606,208.2665166851685,0.010847430040607398,0.18968480747266223
115,2025-07-10 00:00:00-04:00,2025-07-10,00:00:00,1752120000,223.38999938964844,226.0500030517578,222.86000061035156,224.8000030517578,27390069,0.0,0.0,0.0,32261601,218.694,224.41,221.25,25.5,1.2,212.5696,244.98,171.73,0.576,2.0,62232895488,17.923782,1.0125105,281049984,1,215.94205,3.382143293108259,220.0617874297215,216.56383760480554,77.31700593128426,4.332445024401721,3.635247038701334,0.6971979857003876,226.05732096285428,215.4084098815918,204.75949880032934,93.5031203580263,93.55843204043457,-6.496879641973713,143.51628185642343,20.794797563665046,34.234434264758484,11.573411362076355,-46563117.3,226.0500030517578,216.43000030517578,206.80999755859375,221.91499750131766,215.29893024002553,208.6828629787334,0.005142003964488051,0.1883282095462618
116,2025-07-11 00:00:00-04:00,2025-07-11,00:00:00,1752206400,223.1699981689453,223.5399932861328,221.57000732421875,221.6999969482422,27390069,0.0,0.0,0.0,32261601,218.694,224.41,221.25,25.5,1.2,212.5696,244.98,171.73,0.576,2.0,62232895488,17.923782,1.0125105,281049984,1,215.94205,3.413572038922991,220.35964370581615,217.0529956375138,70.54949689702958,4.20690394563951,3.7495784200889695,0.45732552555054085,226.78501649992998,215.84136276245118,204.8977090249724,77.39082712288635,90.21897670108471,-22.609172877113647,95.22134315360621,22.715342431643503,33.919237948304676,14.166149951819401,-38346096.6,226.0500030517578,216.43000030517578,206.80999755859375,222.40443373540194,215.7276406677401,209.05084760007827,-0.013790062550852689,0.19076043757142733
117,2025-07-14 00:00:00-04:00,2025-07-14,00:00:00,1752465600,221.3699951171875,223.33999633789062,221.05999755859375,223.19000244140625,27390069,0.0,0.0,0.0,32261601,218.694,224.41,221.25,25.5,1.2,212.5696,244.98,171.73,0.576,2.0,62232895488,17.923782,1.0125105,281049984,1,215.94205,3.221429007393973,220.87425438501435,217.63747247597973,69.47474313263947,4.179464462352996,3.8355556285417753,0.34390883381122084,227.66318989507036,216.3911994934082,205.11920909174606,79.80226080022415,83.56540276037893,-20.19773919977586,87.84016846337032,25.459995160523892,35.94236035503239,12.483379425471144,-27390069.0,226.0500030517578,216.43000030517578,206.80999755859375,222.96079020139408,216.2554466908579,209.5501031803217,0.006720818735563183,0.1908748257014901
118,2025-07-15 00:00:00-04:00,2025-07-15,00:00:00,1752552000,224.07000732421875,224.22999572753906,218.7899932861328,218.82000732421875,27390069,0.0,0.0,0.0,32261601,218.694,224.41,221.25,25.5,1.2,212.5696,244.98,171.73,0.576,2.0,62232895488,17.923782,1.0125105,281049984,1,215.94205,3.3842871529715404,220.50075491941516,217.7500948424787,57.01839817780934,3.7617334679528085,3.8207911964239822,-0.05905772847117374,227.5655767769207,216.91650009155273,206.26742340618478,48.94072134398,68.71126975569683,-51.05927865602,54.530117007202406,26.69126145255081,27.56438848770264,16.673714218911677,-16434041.4,226.0500030517578,216.43000030517578,206.80999755859375,223.63376795450844,216.83916651407876,210.04456507364907,-0.01957970818309729,0.19476937952487738
119,2025-07-16 00:00:00-04:00,2025-07-16,00:00:00,1752638400,220.22000122070312,221.3699951171875,216.91000366210938,221.02000427246094,27390069,0.0,0.0,0.0,32261601,218.694,224.41,221.25,25.5,1.2,212.5696,244.98,171.73,0.576,2.0,62232895488,17.923782,1.0125105,281049984,1,215.94205,3.5000010899135043,220.5951638926962,218.0615147881913,64.74421282542991,3.5670809244169845,3.7700491420225832,-0.2029682176055987,227.8159318952553,217.42900009155272,207.04206828785016,62.32212374815123,63.688368630785114,-37.677876251848765,37.442281346243995,27.660669771256554,26.65307908254224,18.99998910086835,-5478013.8,226.0500030517578,216.43000030517578,206.80999755859375,224.165166982015,217.2881665547689,210.41116612752282,0.010053911318001818,0.19502492181857223
120,2025-07-17 00:00:00-04:00,2025-07-17,00:00:00,1752724800,221.0800018310547,224.1999969482422,220.7100067138672,223.9199981689453,27390069,0.0,0.0,0.0,32261601,218.694,224.41,221.25,25.5,1.2,212.5696,244.98,171.73,0.576,2.0,62232895488,17.923782,1.0125105,281049984,1,215.94205,3.4935716901506697,221.19967921565058,218.61946558635833,64.11275609073485,3.605263419948443,3.7370919976077555,-0.13182857765931244,228.08054544142186,218.1974998474121,208.31445425340235,82.13082877511077,64.46455795574734,-17.86917122488924,78.96708261334147,28.436626709690024,30.81170761778842,19.03495575856236,8217020.7,226.0500030517578,216.43000030517578,206.80999755859375,224.96516520182294,217.97916666666669,210.99316813151043,0.01312095665743196,0.19009428622119934
121,2025-07-18 00:00:00-04:00,2025-07-18,00:00:00,1752811200,225.2899932861328,225.36000061035156,221.97999572753906,222.3300018310547,27390069,0.0,0.0,0.0,32261601,218.694,224.41,221.25,25.5,1.2,212.5696,244.98,171.73,0.576,2.0,62232895488,17.923782,1.0125105,281049984,1,215.94205,3.5007149832589284,221.40519241845132,218.97284999061512,60.81465614017844,3.467255542827104,3.683124706651625,-0.21586916382452115,228.00735974056056,218.8315002441406,209.65564074772067,68.73950959059033,71.06415403795079,-31.260490409409663,78.03903381237139,29.185637756379275,29.32056215596902,18.996114473585894,19173048.3,226.0500030517578,216.43000030517578,206.80999755859375,225.62299906412758,218.66000010172525,211.6970011393229,-0.007100733971474038,0.1854750222509198
122,2025-07-21 00:00:00-04:00,2025-07-21,00:00:00,1753070400,223.5399932861328,224.41000366210938,221.25,221.42999267578125,27390069,0.0,0.0,0.0,32261601,218.694,224.41,221.25,25.5,1.2,212.5696,244.98,171.73,0.576,2.0,62232895488,17.923782,1.0125105,281049984,1,215.94205,3.632143293108259,221.40970155614767,219.20686357967855,58.74146778463461,3.247821227364625,3.596064010794225,-0.34824278342960024,227.47723348712475,219.44249954223633,211.40776559734792,61.176413264108916,70.68225054327002,-38.823586735891084,59.41269112733801,30.43470647468704,28.25960403372117,19.744330542840732,30129075.9,226.0500030517578,216.43000030517578,206.80999755859375,226.29616648356122,219.29616648356122,212.29616648356122,-0.004048077847619291,0.18434644694037744
