,datetime,date,time,timestamp,open,high,low,close,volume,Capital Gains,Dividends,Stock Splits,average_volume,book_value,day_high,day_low,dividend_frequency,dividend_yield,fifty_day_average,fifty_two_week_high,fifty_two_week_low,latest_dividend_amount,market_cap,pe_ratio,price_to_book,shares_outstanding,two_hundred_day_average,atr,ema_short,ema_long,rsi,macd,macd_signal,macd_histogram,bb_upper,bb_middle,bb_lower,stoch_k,stoch_d,williams_r,cci,adx,plus_di,minus_di,obv,donchian_upper,donchian_middle,donchian_lower,keltner_upper,keltner_middle,keltner_lower,returns,volatility
0,2025-01-23 00:00:00-05:00,2025-01-23,00:00:00,1737608400,602.202836913474,606.12939453125,601.9245310619552,606.12939453125,62249551,0.0,0.0,0.0,69241619,429.22,631.54,628.34,32.75,1.21,602.5696,631.54,481.8,1.761,577073840128,27.18147,1.4649131,917782016,585.74,,606.12939453125,606.12939453125,,0.0,0.0,0.0,,,,,,,,,,,,,,,,,,,
1,2025-01-24 00:00:00-05:00,2025-01-24,00:00:00,1737694800,606.1889641125276,607.1532358314879,603.1968276944665,604.35986328125,62249551,0.0,0.0,0.0,69241619,429.22,631.54,628.34,32.75,1.21,602.5696,631.54,481.8,1.761,577073840128,27.18147,1.4649131,917782016,585.74,,605.8076615767045,605.9608677455358,,-0.14115918803418026,-0.028231837606836053,-0.11292735042734421,,,,,,,,,,,,,,,,,,-0.0029193952082928742,
2,2025-01-27 00:00:00-05:00,2025-01-27,00:00:00,1737954000,591.2780535386339,596.1290812621284,591.1090799762113,595.8109741210938,62249551,0.0,0.0,0.0,69241619,429.22,631.54,628.34,32.75,1.21,602.5696,631.54,481.8,1.761,577073840128,27.18147,1.4649131,917782016,585.74,,603.9900820393207,604.9942112098746,,-0.9321080098052335,-0.20900707204651556,-0.7231009377587179,,,,,,,,,,,,,,,,,,-0.01414536219156215,
3,2025-01-28 00:00:00-05:00,2025-01-28,00:00:00,1738040400,597.0535535930056,601.7753484093994,593.7035692823513,600.930419921875,62249551,0.0,0.0,0.0,69241619,429.22,631.54,628.34,32.75,1.21,602.5696,631.54,481.8,1.761,577073840128,27.18147,1.4649131,917782016,585.74,,603.4337798361487,604.6071834681603,,-1.132786105320747,-0.3937628787013619,-0.7390232266193852,,,,,,,,,,,,,,,,,,0.008592399306396103,
4,2025-01-29 00:00:00-05:00,2025-01-29,00:00:00,1738126800,600.1351431494525,600.5427425880405,595.661863690058,598.2365112304688,62249551,0.0,0.0,0.0,69241619,429.22,631.54,628.34,32.75,1.21,602.5696,631.54,481.8,1.761,577073840128,27.18147,1.4649131,917782016,585.74,,602.4888219078432,604.0004527788564,,-1.492001989095229,-0.6134107007801354,-0.8785912883150936,,,,,,,,,,,,,,,,,,-0.004482896192468444,
5,2025-01-30 00:00:00-05:00,2025-01-30,00:00:00,1738213200,600.3737223226141,602.9979999567328,597.1529103972634,601.447265625,62249551,0.0,0.0,0.0,69241619,429.22,631.54,628.34,32.75,1.21,602.5696,631.54,481.8,1.761,577073840128,27.18147,1.4649131,917782016,585.74,,602.2994480382353,603.7572920975366,,-1.500307507712705,-0.7907900621666493,-0.7095174455460558,,,,,,,,,,,,,,,,,,0.005367031824800028,
6,2025-01-31 00:00:00-05:00,2025-01-31,00:00:00,1738299600,603.8926637937758,606.3380781510739,597.4809517720367,598.2463989257812,62249551,0.0,0.0,0.0,69241619,429.22,631.54,628.34,32.75,1.21,602.5696,631.54,481.8,1.761,577073840128,27.18147,1.4649131,917782016,585.74,,601.5625300177891,603.232445128798,,-1.7450569526331492,-0.9816434402599493,-0.7634135123731999,,,,,,,,,,,,,,,,,,-0.005321940728905905,
7,2025-02-03 00:00:00-05:00,2025-02-03,00:00:00,1738558800,589.1507063992589,596.7254539577673,586.9836585279035,594.220458984375,62249551,0.0,0.0,0.0,69241619,429.22,631.54,628.34,32.75,1.21,602.5696,631.54,481.8,1.761,577073840128,27.18147,1.4649131,917782016,585.74,,600.2276080117138,602.374160734091,,-2.2380831289920025,-1.23293137800636,-1.0051517509856425,,,,,,,,,,,,,,,,,,-0.0067295681990485745,
8,2025-02-04 00:00:00-05:00,2025-02-04,00:00:00,1738645200,594.2801079680467,598.7235360264071,593.7333859975146,598.2066650390625,62249551,0.0,0.0,0.0,69241619,429.22,631.54,628.34,32.75,1.21,602.5696,631.54,481.8,1.761,577073840128,27.18147,1.4649131,917782016,585.74,,599.8601638348681,601.9772563821836,,-2.2808640305632935,-1.4425179085177466,-0.8383461220455468,,,,,,,,,,,,,,,,,,0.006708294866690778,
9,2025-02-05 00:00:00-05:00,2025-02-05,00:00:00,1738731600,597.0734426682163,600.7812746894733,595.0256772776311,600.6321411132812,62249551,0.0,0.0,0.0,69241619,429.22,631.54,628.34,32.75,1.21,602.5696,631.54,481.8,1.761,577073840128,27.18147,1.4649131,917782016,585.74,,600.0005233400341,601.8491501660976,,-2.0949038075766566,-1.5729950883295287,-0.5219087192471279,,,,,,,,,,,,,,,,,,0.004054578820281707,
10,2025-02-06 00:00:00-05:00,2025-02-06,00:00:00,1738818000,602.3916690883134,602.8489594864907,599.051635066865,602.7197265625,62249551,0.0,0.0,0.0,69241619,429.22,631.54,628.34,32.75,1.21,602.5696,631.54,481.8,1.761,577073840128,27.18147,1.4649131,917782016,585.74,,600.494923925937,601.9320622038503,,-1.7588038955260572,-1.6101568497688346,-0.14864704575722265,,,,,,,,,,,,,,,,,,0.0034756472494952284,
11,2025-02-07 00:00:00-05:00,2025-02-07,00:00:00,1738904400,603.2863528555321,604.518980132331,596.4869415034437,597.2026977539062,62249551,0.0,0.0,0.0,69241619,429.22,631.54,628.34,32.75,1.21,602.5696,631.54,481.8,1.761,577073840128,27.18147,1.4649131,917782016,585.74,,599.896337349204,601.4816465419508,,-1.9155392665933277,-1.6712333331337332,-0.2443059334595945,,,,,,,,,,,,,,,,,,-0.009153556065037205,
12,2025-02-10 00:00:00-05:00,2025-02-10,00:00:00,1739163600,600.4433453406357,601.904587470542,599.1609664310816,601.2584228515625,62249551,0.0,0.0,0.0,69241619,429.22,631.54,628.34,32.75,1.21,602.5696,631.54,481.8,1.761,577073840128,27.18147,1.4649131,917782016,585.74,,600.1439892587238,601.4603871428662,,-1.692974500903233,-1.6755815666876335,-0.01739293421559962,,,,,,,,,,,,,,,,,,0.006791203577796834,
13,2025-02-11 00:00:00-05:00,2025-02-11,00:00:00,1739250000,598.9720772711535,602.2624202362164,598.8527946787375,601.7156982421875,62249551,0.0,0.0,0.0,69241619,429.22,631.54,628.34,32.75,1.21,602.5696,631.54,481.8,1.761,577073840128,27.18147,1.4649131,917782016,585.74,6.528855169283328,600.4297545284444,601.4847024856588,45.31441145368969,-1.4628294310858792,-1.6330311395672827,0.1702017084814036,,,,73.04089467291875,,-26.959105327081247,,,20.728620226975664,27.514925088828342,,,,,,,,0.000760530536031867,
14,2025-02-12 00:00:00-05:00,2025-02-12,00:00:00,1739336400,595.6420111533067,600.9602190183091,594.9561058904112,599.7772827148438,62249551,0.0,0.0,0.0,69241619,429.22,631.54,628.34,32.75,1.21,602.5696,631.54,481.8,1.761,577073840128,27.18147,1.4649131,917782016,585.74,6.7113358037462945,600.3111232896078,601.3220910789146,43.52315032056588,-1.420477359409233,-1.590520383535673,0.1700430241264399,,,,63.43030393932284,,-36.56969606067715,,,20.165010853049097,30.914032364170357,,,,,,,,-0.003221480730860926,
15,2025-02-13 00:00:00-05:00,2025-02-13,00:00:00,1739422800,600.8906707676058,606.3182719646068,599.6183027617225,606.1094970703125,62249551,0.0,0.0,0.0,69241619,429.22,631.54,628.34,32.75,1.21,602.5696,631.54,481.8,1.761,577073840128,27.18147,1.4649131,917782016,585.74,6.907304451307929,601.3653730679177,601.7780345066668,51.63212924942324,-0.8659738519965003,-1.4456110772278383,0.579637225231338,,,,98.81897217683687,78.43005692969281,-1.1810278231631282,,,24.07492171627463,30.036963580567527,,,,,,,,0.01055760952933471,
16,2025-02-14 00:00:00-05:00,2025-02-14,00:00:00,1739509200,606.3182160659691,607.3619690957353,605.4533869264999,606.0796508789062,62249551,0.0,0.0,0.0,69241619,429.22,631.54,628.34,32.75,1.21,602.5696,631.54,481.8,1.761,577073840128,27.18147,1.4649131,917782016,585.74,6.097147227321979,602.2225144880974,602.187712256404,61.38921909228515,-0.42404602696205984,-1.2412980671746825,0.8172520402126227,,,,93.70743608720328,85.31890406778767,-6.292563912796723,,,28.496571751653256,19.867225211591123,,,,,,,,-4.924224344038386e-05,
17,2025-02-18 00:00:00-05:00,2025-02-18,00:00:00,1739854800,607.2526454845143,607.8590087890625,604.767490295972,607.8590087890625,62249551,0.0,0.0,0.0,69241619,429.22,631.54,628.34,32.75,1.21,602.5696,631.54,481.8,1.761,577073840128,27.18147,1.4649131,917782016,585.74,5.741414324896433,603.2473316337274,602.7278357357048,58.29957974960446,0.06896923650435838,-0.9792446064388745,1.0482138429432328,,,,100.0,97.50880275468005,-0.0,,,23.237708737004724,21.951500384417052,,,,,,,,0.0029358482958072862,
18,2025-02-19 00:00:00-05:00,2025-02-19,00:00:00,1739941200,606.4574136362269,609.5886727994638,605.9404819368957,609.2904663085938,62249551,0.0,0.0,0.0,69241619,429.22,631.54,628.34,32.75,1.21,602.5696,631.54,481.8,1.761,577073840128,27.18147,1.4649131,917782016,585.74,5.625673941378652,604.3460833927941,603.3528481712182,63.654224857281584,0.56863912554752,-0.6696678600415955,1.2383069855891156,,,,98.680794945371,97.46274367752477,-1.319205054628995,,,25.911927756716757,22.403121843420507,,,,,,,,0.002354917010085833,
19,2025-02-20 00:00:00-05:00,2025-02-20,00:00:00,1740027600,607.9087005473524,608.0478837995475,603.415581218095,606.755615234375,62249551,0.0,0.0,0.0,69241619,429.22,631.54,628.34,32.75,1.21,602.5696,631.54,481.8,1.761,577073840128,27.18147,1.4649131,917782016,585.74,5.62780219359504,604.7841800912632,603.6769212248522,56.66840458811262,0.7514278232869174,-0.38544872337589287,1.1368765466628101,610.3059287837576,601.8494079589843,593.392887134211,87.46712773080135,95.38264089205745,-12.532872269198645,98.12614020820563,,22.78589397905173,25.599276402840676,31124775.5,609.5886727994638,598.2861656636836,586.9836585279035,613.0991947167165,601.1605236627145,589.2218526087124,-0.004160332738465833,
20,2025-02-21 00:00:00-05:00,2025-02-21,00:00:00,1740114000,606.5369101497928,606.6760934066054,595.9103837703437,596.3776245117188,62249551,0.0,0.0,0.0,69241619,429.22,631.54,628.34,32.75,1.21,602.5696,631.54,481.8,1.761,577073840128,27.18147,1.4649131,917782016,585.74,5.769809699666049,603.2557154404369,602.9817501093157,48.011069103948245,0.058201157619578225,-0.2967187471767987,0.3549199047963769,609.9033935061373,601.3618194580079,592.8202454098785,41.557000897955504,75.90164119137596,-58.4429991020445,-26.399931607880493,,18.090163829185165,34.26043966476346,31124775.5,609.5886727994638,598.2861656636836,586.9836585279035,613.5095778755937,600.906870022118,588.3041621686424,-0.017104070340819955,
21,2025-02-24 00:00:00-05:00,2025-02-24,00:00:00,1740373200,598.4452543900395,599.4492667675623,592.948062133992,593.663818359375,62249551,0.0,0.0,0.0,69241619,429.22,631.54,628.34,32.75,1.21,602.5696,631.54,481.8,1.761,577073840128,27.18147,1.4649131,917782016,585.74,5.4297000022155135,601.511734152971,602.0943280378929,49.39054706420106,-0.7020743693165059,-0.37778987160474015,-0.32428449771176576,609.9010228798519,600.827017211914,591.7530115439762,4.301261773211916,44.44179680065625,-95.69873822678808,-106.83112597083198,,19.223309333405343,26.494095670849067,31124775.5,609.5886727994638,598.2861656636836,586.9836585279035,613.286577866144,600.4293903630135,587.572202859883,-0.0045504828497978655,
22,2025-02-25 00:00:00-05:00,2025-02-25,00:00:00,1740459600,593.6041803376665,594.3397765506367,586.0592226451632,590.71142578125,62249551,0.0,0.0,0.0,69241619,429.22,631.54,628.34,32.75,1.21,602.5696,631.54,481.8,1.761,577073840128,27.18147,1.4649131,917782016,585.74,5.664728850542717,599.548041721749,601.0102421086888,41.60355762682661,-1.5252494821872915,-0.6072817937212505,-0.917967688466041,610.487129110368,600.5720397949219,590.6569504794759,19.771831069484094,21.876697913550505,-80.2281689305159,-195.26882919797913,,15.906284366205606,34.081240738113685,31124775.5,609.5886727994638,597.8239477223135,586.0592226451632,612.5905764198143,600.2304118566403,587.8702472934664,-0.004973172504068257,
23,2025-02-26 00:00:00-05:00,2025-02-26,00:00:00,1740546000,592.3914043988187,596.0197552375269,588.3455644774521,591.0096435546875,62249551,0.0,0.0,0.0,69241619,429.22,631.54,628.34,32.75,1.21,602.5696,631.54,481.8,1.761,577073840128,27.18147,1.4649131,917782016,585.74,5.801771232559328,597.9956056913741,600.0578041511649,38.681056429946835,-2.129016036188773,-0.911628642214755,-1.2173873939740179,610.8693481183658,600.0760009765625,589.2826538347591,21.039254538718854,15.037449127138288,-78.96074546128115,-145.0679178936001,,15.06548585017369,33.276215130309375,31124775.5,609.5886727994638,597.8239477223135,586.0592226451632,612.2002446773844,599.8798389509077,587.559433224431,0.0005048451078173422,
24,2025-02-27 00:00:00-05:00,2025-02-27,00:00:00,1740632400,593.3059087957712,594.469005075742,581.178400354161,581.5759887695312,62249551,0.0,0.0,0.0,69241619,429.22,631.54,628.34,32.75,1.21,602.5696,631.54,481.8,1.761,577073840128,27.18147,1.4649131,917782016,585.74,6.479862682698987,595.0102207964935,598.2976312576759,28.793590432662924,-3.330332481174537,-1.3953694100067116,-1.9349630711678254,612.8413161276507,599.2429748535156,585.6446335793806,1.3994530187477534,14.0701795423169,-98.60054698125225,-205.23917067307644,,11.209701323216912,37.69447426343092,31124775.5,609.5886727994638,595.3835365768124,581.178400354161,612.3821541378753,599.2595435624222,586.1369329869691,-0.01596193038140048,
25,2025-02-28 00:00:00-05:00,2025-02-28,00:00:00,1740718800,582.0829842300604,591.1885661100836,578.9815154204292,590.6517944335938,62249551,0.0,0.0,0.0,69241619,429.22,631.54,628.34,32.75,1.21,602.5696,631.54,481.8,1.761,577073840128,27.18147,1.4649131,917782016,585.74,6.778077829896639,594.2177796396027,597.5694563220491,43.86745988394283,-3.509586423774749,-1.818212812760319,-1.6913736110144302,612.7816886452381,598.7032012939453,584.6247139426525,38.12924822988787,20.189318595784826,-61.87075177011212,-154.12230947404956,,10.716507999971196,35.648426986189754,31124775.5,609.5886727994638,594.2850941099465,578.9815154204292,612.3387452506456,598.579938562174,584.8211318737024,0.015605537091145427,
26,2025-03-03 00:00:00-05:00,2025-03-03,00:00:00,1740978000,592.6399338326904,593.7930798421835,576.456634439968,580.3036499023438,62249551,0.0,0.0,0.0,69241619,429.22,631.54,628.34,32.75,1.21,602.5696,631.54,481.8,1.761,577073840128,27.18147,1.4649131,917782016,585.74,7.68054609315234,591.687937869192,595.9250938058866,32.45094721733504,-4.435525271053734,-2.3416753044190024,-2.093849966634732,614.1168984069851,597.8060638427735,581.4952292785619,11.61116445850431,17.046621902379982,-88.3888355414957,-161.79508537530063,25.273221903678294,11.879493163234953,31.45971779808825,31124775.5,609.5886727994638,593.0226536197158,576.456634439968,612.3281427418902,597.7214041511008,583.1146655603114,-0.017519873178703183,
27,2025-03-04 00:00:00-05:00,2025-03-04,00:00:00,1741064400,576.2677446518286,581.9140099307576,568.8520197647429,573.4346313476562,62249551,0.0,0.0,0.0,69241619,429.22,631.54,628.34,32.75,1.21,602.5696,631.54,481.8,1.761,577073840128,27.18147,1.4649131,917782016,585.74,8.37000070804776,588.3691548652763,593.7831450003408,28.61227199000028,-5.658384534440529,-3.005017150423308,-2.653367384017221,616.3584646744429,596.7667724609375,577.1750802474322,11.249357130561284,20.32992327298449,-88.7506428694387,-212.428114946125,28.117432612519476,10.595584106940121,35.358000459048576,31124775.5,609.5886727994638,589.2203462821033,568.8520197647429,611.6125858782558,596.8259223106527,582.0392587430496,-0.011836938395689,
28,2025-03-05 00:00:00-05:00,2025-03-05,00:00:00,1741150800,573.2656687004999,581.4070396387077,569.6771191196135,579.5978393554688,62249551,0.0,0.0,0.0,69241619,429.22,631.54,628.34,32.75,1.21,602.5696,631.54,481.8,1.761,577073840128,27.18147,1.4649131,917782016,585.74,8.72502414857047,586.7743702271295,592.432163510353,35.6557768232895,-6.060330218414492,-3.6160797640215447,-2.4442504543929475,616.8556104055933,595.8363311767578,574.8170519479222,26.378749333105354,16.41309030739032,-73.62125066689464,-155.30844988217433,30.206324114831254,10.164447108355432,30.72919833421094,31124775.5,609.5886727994638,589.2203462821033,568.8520197647429,611.2868697781225,595.8262291614993,580.3655885448761,0.01074788244534175,
29,2025-03-06 00:00:00-05:00,2025-03-06,00:00:00,1741237200,572.0628369267654,576.7249905948024,566.7346786412188,569.309326171875,62249551,0.0,0.0,0.0,69241619,429.22,631.54,628.34,32.75,1.21,602.5696,631.54,481.8,1.761,577073840128,27.18147,1.4649131,917782016,585.74,9.165252113668016,583.5989076716286,590.2299885257361,25.23417154780779,-7.126917430265735,-4.318247297270383,-2.808670132995352,618.2448447500668,594.2701904296875,570.2955361093083,6.007952306963292,14.545352923543312,-93.99204769303671,-165.7728628336002,34.4411318890969,5.500474956146457,31.546369476248138,24899820.4,609.5886727994638,588.1616757203412,566.7346786412188,610.6031244804885,594.4317275336246,578.2603305867606,-0.017751124115705674,
30,2025-03-07 00:00:00-05:00,2025-03-07,00:00:00,1741323600,567.5100935122905,573.961547019556,562.2713666790576,572.500244140625,62249551,0.0,0.0,0.0,69241619,429.22,631.54,628.34,32.75,1.21,602.5696,631.54,481.8,1.761,577073840128,27.18147,1.4649131,917782016,585.74,9.863937697329659,581.5809688478097,588.5414414414398,28.323933995292577,-7.6267980867131655,-4.97995745515894,-2.646840631554226,618.2526593505734,592.7592163085938,567.2657732666141,21.61762429065271,18.00144197690712,-78.38237570934729,-147.6383527482269,38.62341811338432,4.35508227323537,32.543923035661706,18674865.3,609.5886727994638,585.9300197392606,562.2713666790576,609.7942906846323,592.833608145681,575.8729256067296,0.005604893196122784,
31,2025-03-10 00:00:00-04:00,2025-03-10,00:00:00,1741579200,564.2197277241329,566.1581002592635,552.2909826575575,557.2513427734375,62249551,0.0,0.0,0.0,69241619,429.22,631.54,628.34,32.75,1.21,602.5696,631.54,481.8,1.761,577073840128,27.18147,1.4649131,917782016,585.74,11.086633625185161,577.157400470651,585.5614320444872,22.171229189405437,-9.147963974056324,-5.813558758938417,-3.3344052151179078,620.668022808953,590.7616485595703,560.8552743101876,8.657172921971085,12.094249839862364,-91.3428270780289,-179.23465637572275,44.13697479838716,3.8747794562590725,34.94301678917346,12449910.2,609.5886727994638,580.9398277285106,552.2909826575575,608.9702097417265,590.7918049173572,572.613400092988,-0.026635624217204446,
32,2025-03-11 00:00:00-04:00,2025-03-11,00:00:00,1741665600,556.0783347089355,560.6708965233902,548.7421519304726,552.6189575195312,62249551,0.0,0.0,0.0,69241619,429.22,631.54,628.34,32.75,1.21,602.5696,631.54,481.8,1.761,577073840128,27.18147,1.4649131,917782016,585.74,11.678101748781557,572.6958653886293,582.424053518301,19.8965108060615,-10.60504531375011,-6.771856069900755,-3.8331892438493558,622.2793316074348,588.3296752929688,554.3800189785028,6.536982964171529,12.270593392265111,-93.46301703582847,-169.86566768161143,49.77498625700097,2.6205900528049297,35.34386192953611,0.0,609.5886727994638,579.1654123649682,548.7421519304726,607.3546957163583,588.4536054043607,569.5525150923631,-0.008312918961937199,
33,2025-03-12 00:00:00-04:00,2025-03-12,00:00:00,1741752000,558.831845264852,559.7662660181003,550.4022185020889,555.5514526367188,62249551,0.0,0.0,0.0,69241619,429.22,631.54,628.34,32.75,1.21,602.5696,631.54,481.8,1.761,577073840128,27.18147,1.4649131,917782016,585.74,11.927327636318173,569.5786994337365,579.8647581962456,22.915145234244093,-11.39184680628432,-7.695854217177469,-3.6959925891068517,622.3341994179373,586.0214630126953,549.7087266074534,11.753560232133376,8.982572039425332,-88.24643976786662,-140.92542827697412,55.474596843398686,2.565831862060574,33.09326470347237,-12449910.2,609.5886727994638,579.1654123649682,548.7421519304726,605.6649549788742,586.1684224710234,566.6718899631726,0.005306540930753112,
34,2025-03-13 00:00:00-04:00,2025-03-13,00:00:00,1741838400,555.1737170498407,555.7900306808465,546.4160326198083,548.1456909179688,62249551,0.0,0.0,0.0,69241619,429.22,631.54,628.34,32.75,1.21,602.5696,631.54,481.8,1.761,577073840128,27.18147,1.4649131,917782016,585.74,11.82223953610438,565.6817887945059,576.8438946459335,23.659073818272972,-12.46923812066268,-8.650530997874512,-3.818707122788169,622.8446143501305,583.4398834228516,544.0351524955727,3.2614610931354417,7.18400142981345,-96.73853890686456,-140.00298803273353,59.31865219251035,2.58863958770583,31.261286209675433,-24899820.4,609.5886727994638,578.002352709636,546.4160326198083,603.5040313263848,583.7460582476078,563.9880851688308,-0.013330469542652268,
35,2025-03-14 00:00:00-04:00,2025-03-14,00:00:00,1741924800,552.807850521361,560.4820413534102,548.2152885508418,559.4680786132812,62249551,0.0,0.0,0.0,69241619,429.22,631.54,628.34,32.75,1.21,602.5696,631.54,481.8,1.761,577073840128,27.18147,1.4649131,917782016,585.74,12.239035664809462,564.5520233070105,575.1890550237762,32.929750507449185,-12.268038130641685,-9.374032424427947,-2.894005706213738,620.3840161956147,581.1078125,541.8316088043854,26.312634021565767,13.77588511561153,-73.68736597843423,-101.5692001000752,63.105192234086815,5.238801567491187,28.46784526657139,-37349730.6,609.5886727994638,578.002352709636,546.4160326198083,601.6696583949886,581.348047192956,561.0264359909233,0.02065579987749455,
36,2025-03-17 00:00:00-04:00,2025-03-17,00:00:00,1742184000,559.448191732102,566.3271452015323,559.0108019778189,563.7823486328125,62249551,0.0,0.0,0.0,69241619,429.22,631.54,628.34,32.75,1.21,602.5696,631.54,481.8,1.761,577073840128,27.18147,1.4649131,917782016,585.74,12.170163473255172,564.4120824571563,574.1027020341606,36.737539107495415,-11.626437816324824,-9.824513502807322,-1.8019243135175014,617.1465751708904,578.9929473876953,540.8393196045001,35.01010629150018,21.528067135400462,-64.98989370849982,-66.15741643780314,63.917388414620554,8.699030315438177,24.585781269627955,-43574685.7,609.5886727994638,578.002352709636,546.4160326198083,600.0475226489534,579.1851353414729,558.3227480339924,0.0077113783331923536,
37,2025-03-18 00:00:00-04:00,2025-03-18,00:00:00,1742270400,561.4462437696595,561.6649689744013,555.7403372080155,557.688720703125,62249551,0.0,0.0,0.0,69241619,429.22,631.54,628.34,32.75,1.21,602.5696,631.54,481.8,1.761,577073840128,27.18147,1.4649131,917782016,585.74,12.196436377878188,563.1896530473324,572.5394657169192,34.475771135563804,-11.477365862845659,-10.155083974814989,-1.3222818880306697,613.2177232634904,576.4844329833984,539.7511427033064,23.45887779086745,28.2605393679778,-76.54112220913255,-78.1247377249646,65.14937804725496,7.696409863166447,26.44817140157446,-56024595.9,609.5886727994638,578.002352709636,546.4160326198083,598.1193805923149,576.7619439916638,555.4045073910127,-0.01080847590291667,
38,2025-03-19 00:00:00-04:00,2025-03-19,00:00:00,1742356800,559.4879962192153,567.5597757254244,558.2951095487034,563.762451171875,62249551,0.0,0.0,0.0,69241619,429.22,631.54,628.34,32.75,1.21,602.5696,631.54,481.8,1.761,577073840128,27.18147,1.4649131,917782016,585.74,11.952182827929505,563.2937981608856,571.7035595697721,41.43243543143852,-10.74526129366302,-10.273119438584596,-0.47214185507842465,607.8979882836851,574.2080322265625,540.51807616944,36.61354932198967,31.69417780145243,-63.386450678010334,-51.616370958299925,63.65535221905187,11.376544159260217,22.705426637575354,-68474506.1,608.0478837995475,577.2319582096779,546.4160326198083,596.4882955983055,574.5085725816813,552.528849565057,0.01089089709595048,
39,2025-03-20 00:00:00-04:00,2025-03-20,00:00:00,1742443200,559.985054575032,567.182054918567,559.2593479394812,562.1322021484375,62249551,0.0,0.0,0.0,69241619,429.22,631.54,628.34,32.75,1.21,602.5696,631.54,481.8,1.761,577073840128,27.18147,1.4649131,917782016,585.74,11.646158277174607,563.082598885895,570.7920017201212,35.22509310501184,-10.179270327726613,-10.254349616413,0.07507928868638736,602.3369131412009,571.9768615722656,541.6168100033304,33.17253913031279,31.08165541438997,-66.82746086968721,-47.26057885707172,61.99764724346387,11.675484095728734,21.954653975347703,-80924416.3,606.6760934066054,576.5460630132069,546.4160326198083,594.5323198664054,572.3478146609224,550.1633094554394,-0.002891730408878357,
40,2025-03-21 00:00:00-04:00,2025-03-21,00:00:00,1742529600,557.6315290750271,563.2249787707245,556.3852134999472,562.317626953125,62249551,0.0,1.696,0.0,69241619,429.22,631.54,628.34,32.75,1.21,602.5696,631.54,481.8,1.761,577073840128,27.18147,1.4649131,917782016,585.74,10.896395410643306,562.9435130799368,569.9849184089787,39.58550240922042,-9.60503530928031,-10.124486754986464,0.519451445706153,598.6255250939379,570.2738616943359,541.9221982947339,44.795775810053954,38.193954754118806,-55.204224189946046,-53.0037569785384,61.65332393433077,10.771531483874709,25.34938357309025,-87149371.4,599.4492667675623,572.9326496936853,546.4160326198083,592.1811685393321,570.3972099531745,548.6132513670169,0.00032985978027744167,
41,2025-03-24 00:00:00-04:00,2025-03-24,00:00:00,1742788800,569.117517223541,573.4547318251052,568.5193101051706,572.3878784179688,62249551,0.0,0.0,0.0,69241619,429.22,631.54,628.34,32.75,1.21,602.5696,631.54,481.8,1.761,577073840128,27.18147,1.4649131,917782016,585.74,10.758903603926553,564.6606704141244,570.2137717431683,49.41556219849485,-8.24235208328173,-9.748059820645517,1.505707737363787,595.3790523539575,569.2100646972656,543.0410770405737,74.22434508424543,50.730886674870725,-25.77565491575457,13.656737133491507,58.34927956445937,17.700737724905093,20.624613691665196,-87149371.4,596.0197552375269,571.2178939286675,546.4160326198083,591.4497714479617,569.2022228379631,546.9546742279645,0.01790847553438546,
42,2025-03-25 00:00:00-04:00,2025-03-25,00:00:00,1742875200,573.6042314829477,574.7109450377018,571.9989917299893,573.7637939453125,62249551,0.0,0.0,0.0,69241619,429.22,631.54,628.34,32.75,1.21,602.5696,631.54,481.8,1.761,577073840128,27.18147,1.4649131,917782016,585.74,10.11476308882786,566.3157837834314,570.5518690957534,46.55868754531832,-6.971033193685344,-9.192654495253484,2.22162130156814,592.6285022821354,568.3626831054687,544.096863928802,90.22996220479435,69.75002769969791,-9.770037795205655,33.72007059632578,55.138455655357106,19.71509175923721,21.938055160376877,-80924416.3,596.0197552375269,571.2178939286675,546.4160326198083,590.0489664837849,568.3582779335624,546.6675893833399,0.002403816676108894,
43,2025-03-26 00:00:00-04:00,2025-03-26,00:00:00,1742961600,573.494584132638,574.631238497171,565.5181647693191,566.9140625,62249551,0.0,0.0,0.0,69241619,429.22,631.54,628.34,32.75,1.21,602.5696,631.54,481.8,1.761,577073840128,27.18147,1.4649131,917782016,585.74,9.84689973265657,566.4245617318984,570.2054113247293,48.52736996471152,-6.441960980166755,-8.642515792236138,2.2005548120693827,588.9566304242534,567.1579040527344,545.3591776812153,72.44422452153943,78.96617727019306,-27.55577547846057,13.329405094082084,50.880522419953266,20.2513976818354,25.101547334358383,-80924416.3,594.469005075742,570.4425188477751,546.4160326198083,589.0543298221762,567.219752975176,545.3851761281758,-0.011938242736113436,
44,2025-03-27 00:00:00-04:00,2025-03-27,00:00:00,1743048000,565.5081892015498,569.2172558810057,563.2748014981253,565.4085083007812,62249551,0.0,0.0,0.0,69241619,429.22,631.54,628.34,32.75,1.21,602.5696,631.54,481.8,1.761,577073840128,27.18147,1.4649131,917782016,585.74,9.436347878541003,566.2398247444225,569.7485634176866,45.547667785839266,-6.074134242103696,-8.12883948220965,2.054705240105953,587.0693963497737,566.3495300292968,545.62966370882,67.12328845719362,76.59915839450913,-32.87671154280637,-2.1885736323370173,45.95280575097473,21.13248525657567,24.51325940387774,-80924416.3,593.7930798421835,570.104556230996,546.4160326198083,587.3308009796475,566.2310391665173,545.1312773533872,-0.0026557009233101336,
45,2025-03-28 00:00:00-04:00,2025-03-28,00:00:00,1743134400,563.8631197528184,564.600928853177,553.4339288758671,554.0221557617188,62249551,0.0,0.0,0.0,69241619,429.22,631.54,628.34,32.75,1.21,602.5696,631.54,481.8,1.761,577073840128,27.18147,1.4649131,917782016,585.74,8.848156302958623,564.0184303839309,568.2508103075944,47.869314863932075,-6.625043020331532,-7.828080189834027,1.2030371695024948,582.4859356281727,564.5180480957031,546.5501605632335,26.8815928092443,55.48303526265912,-73.11840719075569,-67.74539296246898,40.74964617534182,22.537292017830595,26.03018363275394,-87149371.4,593.7930798421835,570.104556230996,546.4160326198083,585.8281394786177,564.7516247919616,543.6751101053055,-0.02013827590476458,
46,2025-03-31 00:00:00-04:00,2025-03-31,00:00:00,1743393600,548.209331507722,559.0572663570716,545.2580345314915,557.7411499023438,62249551,0.0,0.0,0.0,69241619,429.22,631.54,628.34,32.75,1.21,602.5696,631.54,481.8,1.761,577073840128,27.18147,1.4649131,917782016,585.74,8.981762533863089,562.8771066600059,567.249890268999,53.42096423889436,-6.6844957439606105,-7.599363300659344,0.9148675566987334,579.9638498020208,563.3899230957031,546.8159963893854,42.383299837957054,45.46272703479832,-57.616700162042946,-93.7294665863057,35.58003064953759,22.202043492839753,29.322706628413282,-87149371.4,581.9140099307576,563.5860222311246,545.2580345314915,583.9994695643944,563.2766762354019,542.5538829064093,0.006712717356062825,
47,2025-04-01 00:00:00-04:00,2025-04-01,00:00:00,1743480000,555.8068841455135,561.2806921988606,552.0479770454208,559.3164672851562,62249551,0.0,0.0,0.0,69241619,429.22,631.54,628.34,32.75,1.21,602.5696,631.54,481.8,1.761,577073840128,27.18147,1.4649131,917782016,585.74,8.97238165082226,562.2297176827605,566.4943261752996,52.56097074931831,-6.529232579582981,-7.385337156444072,0.8561045768610906,578.6480021353442,562.6840148925781,546.7200276498121,47.73189648167529,38.99892970962555,-52.26810351832471,-52.13869753436913,30.182484637530926,23.99531183062103,29.353364361446342,-80924416.3,581.4070396387077,563.3325370850996,545.2580345314915,582.7572833212415,562.4174174935065,542.0775516657715,0.002824459667514878,
48,2025-04-02 00:00:00-04:00,2025-04-02,00:00:00,1743566400,553.4139605782862,565.747494747627,553.1746777226398,562.8560791015625,62249551,0.0,0.0,0.0,69241619,429.22,631.54,628.34,32.75,1.21,602.5696,631.54,481.8,1.761,577073840128,27.18147,1.4649131,917782016,585.74,9.200868719675766,562.3436015770881,566.1478264539913,60.561522517429815,-6.050818245162645,-7.118433374187786,1.0676151290251408,575.6917058127494,561.8469268798829,548.0021479470163,59.74976417478462,49.954986831472326,-40.25023582521538,-12.2117648832359,24.314411881926496,26.867118268667372,25.529853608520455,-74699461.2,576.7249905948024,560.9915125631469,545.2580345314915,582.0265105294649,561.6023550511405,541.1781995728162,0.006328459867428915,
49,2025-04-03 00:00:00-04:00,2025-04-03,00:00:00,1743652800,543.5032260055101,546.3547813001727,535.1180419921875,535.1180419921875,62249551,0.0,0.0,0.0,69241619,429.22,631.54,628.34,32.75,1.21,602.5696,631.54,481.8,1.761,577073840128,27.18147,1.4649131,917782016,585.74,10.300989196385306,557.3934998343789,563.1926088862006,35.852390034036446,-7.819757915009404,-7.2586982823521105,-0.5610596326572939,577.9714738716784,560.1373626708985,542.3032514701185,0.0,35.827220218819974,-100.0,-235.4060669253471,21.249290636715223,20.74426659860119,35.32406393702981,-68474506.1,574.7109450377018,554.9144935149446,535.1180419921875,581.9110293335883,559.9993862157514,538.0877430979145,-0.04928086972721479,
50,2025-04-04 00:00:00-04:00,2025-04-04,00:00:00,1743739200,522.1264277357504,524.3199552475792,503.57129666287966,503.7906494140625,62249551,0.0,0.0,0.0,69241619,429.22,631.54,628.34,32.75,1.21,602.5696,631.54,481.8,1.761,577073840128,27.18147,1.4649131,917782016,585.74,12.031732203927769,547.647527030685,557.5352794126636,23.47147864933696,-11.615616518243996,-8.130081929530487,-3.4855345887135094,586.778362877219,556.7018829345703,526.6254029919216,0.30834106745525186,20.01936841407996,-99.69165893254474,-385.1191696997868,21.755857592164208,14.2901887635679,48.97106137425188,-68474506.1,574.7109450377018,539.1411208502907,503.57129666287966,580.9458315572239,557.048531940506,533.1512323237881,-0.058542957104373516,
51,2025-04-07 00:00:00-04:00,2025-04-07,00:00:00,1743998400,487.74808166979307,521.6279038372442,480.37984959166755,502.893310546875,62249551,0.0,0.0,0.0,69241619,429.22,631.54,628.34,32.75,1.21,602.5696,631.54,481.8,1.761,577073840128,27.18147,1.4649131,917782016,585.74,14.403592405412025,539.5103967609012,552.3312823778266,24.602100479459736,-14.528790700858735,-9.409823683796137,-5.118967017062598,592.4934342712289,553.9839813232422,515.4745283752555,23.86642585751286,8.058255641656038,-76.13357414248713,-302.0988993834481,22.257188740420954,11.937002902291464,50.78590162316748,-68474506.1,574.7109450377018,527.5453973146847,480.37984959166755,580.2030548049003,554.2018759119316,528.2006970189628,-0.001781174121098017,
52,2025-04-08 00:00:00-04:00,2025-04-08,00:00:00,1744084800,520.321766684984,523.432565399183,487.71817046987917,495.0166015625,62249551,0.0,0.0,0.0,69241619,429.22,631.54,628.34,32.75,1.21,602.5696,631.54,481.8,1.761,577073840128,27.18147,1.4649131,917782016,585.74,16.24954525591234,531.4206158157374,546.8727413477955,18.659826171738047,-17.273963319030145,-10.98265161084294,-6.291311708187205,597.7910247391559,551.1038635253906,504.4167023116252,15.516359586013683,13.230375503660598,-84.48364041398632,-213.4007525530242,24.693544293370856,8.783039729417954,45.01660910512581,-68474506.1,574.7109450377018,527.5453973146847,480.37984959166755,579.9838753628417,551.6041314362343,523.2243875096269,-0.01566278337607918,
53,2025-04-09 00:00:00-04:00,2025-04-09,00:00:00,1744171200,491.98558084417215,547.0029296875,491.5967157695939,547.0029296875,62249551,0.0,0.0,0.0,69241619,429.22,631.54,628.34,32.75,1.21,602.5696,631.54,481.8,1.761,577073840128,27.18147,1.4649131,917782016,585.74,19.641224322970935,534.2537637924215,546.8851402372911,45.273076072281256,-15.080827789745172,-11.802286846623385,-3.2785409431217865,597.3486766251456,550.6764373779297,504.00419813071386,70.62684874039947,36.66987806130867,-29.373151259600526,-85.31025726074326,25.39065566116141,15.838124007391269,37.24306666901357,-68474506.1,574.7109450377018,527.5453973146847,480.37984959166755,583.2528026361592,550.2688420693624,517.2848815025657,0.10501936290804648,
54,2025-04-10 00:00:00-04:00,2025-04-10,00:00:00,1744257600,530.6013458963056,531.9274425958545,507.8187234468108,523.0337524414062,62249551,0.0,0.0,0.0,69241619,429.22,631.54,628.34,32.75,1.21,602.5696,631.54,481.8,1.761,577073840128,27.18147,1.4649131,917782016,585.74,21.9515415351075,532.2137617286005,544.6135794948259,39.3143898052,-15.102769046663298,-12.462383286631368,-2.640385760031929,597.7031200471087,549.4208404541016,501.13856086109456,45.217224127478225,43.78681081796379,-54.782775872521775,-97.68929750076305,25.30263853133864,14.171221004533423,32.388153427559196,-68474506.1,574.7109450377018,527.5453973146847,480.37984959166755,584.7742928585484,548.8093114737865,512.8443300890245,-0.04381910213860685,
55,2025-04-11 00:00:00-04:00,2025-04-11,00:00:00,1744344000,521.4683746979002,534.8488005902628,518.5370382681921,532.3661499023438,62249551,0.0,0.0,0.0,69241619,429.22,631.54,628.34,32.75,1.21,602.5696,631.54,481.8,1.761,577073840128,27.18147,1.4649131,917782016,585.74,22.321159924399677,532.2414686692811,543.4471576288752,39.06981147926832,-14.203383407232081,-12.810583310751511,-1.3928000964805705,596.6808547970131,548.0657440185547,499.45063324009624,55.11045966853738,56.98484417880502,-44.88954033146261,-62.56025940186064,28.08733371026873,11.597843727837569,31.851834654583765,-68474506.1,574.7109450377018,527.5453973146847,480.37984959166755,583.7982770512659,547.4357544778411,511.0732319044162,0.017842820692500094,
56,2025-04-14 00:00:00-04:00,2025-04-14,00:00:00,1744603200,542.4463448071801,542.6757082402244,532.2863784402284,537.5308837890625,62249551,0.0,0.0,0.0,69241619,429.22,631.54,628.34,32.75,1.21,602.5696,631.54,481.8,1.761,577073840128,27.18147,1.4649131,917782016,585.74,22.86954395956278,533.2031805092413,542.8837029774644,40.305195908075405,-12.92487305594807,-12.833441259790822,-0.09143179615724684,594.9977284299248,546.7531707763671,498.5086131228095,60.63680849806323,53.654830764692946,-39.36319150193677,-28.781723845113063,30.55236181533536,13.371970025438525,31.088066140173805,-68474506.1,574.7109450377018,527.5453973146847,480.37984959166755,582.8284536198499,546.1586323887968,509.4888111577437,0.009701469350871017,
57,2025-04-15 00:00:00-04:00,2025-04-15,00:00:00,1744689600,538.079255112781,541.6287592452915,535.2276998357879,536.0253295898438,62249551,0.0,0.0,0.0,69241619,429.22,631.54,628.34,32.75,1.21,602.5696,631.54,481.8,1.761,577073840128,27.18147,1.4649131,917782016,585.74,22.675828651109327,533.7162985238963,542.2305245595958,41.49180873015899,-11.896000345837706,-12.6459530770002,0.7499527311624945,593.8535047937742,545.6700012207032,497.4864976476322,62.637443305066974,59.46157049055586,-37.36255669493302,-25.00511943454405,32.429773348284805,13.48620423217749,29.312193361910033,-68474506.1,574.7109450377018,527.5453973146847,480.37984959166755,581.6274877814103,545.1217617518865,508.61603572236277,-0.0028008701353233745,
58,2025-04-16 00:00:00-04:00,2025-04-16,00:00:00,1744776000,530.1128095536914,536.3045268284891,518.7563681804631,524.1105346679688,62249551,0.0,0.0,0.0,69241619,429.22,631.54,628.34,32.75,1.21,602.5696,631.54,481.8,1.761,577073840128,27.18147,1.4649131,917782016,585.74,23.50480752719115,531.9697960046367,540.5048112365837,39.24155050552912,-11.90480450865482,-12.497723363331124,0.592918854676304,591.9993254837664,543.6874053955078,495.3754853072492,51.22629890564387,58.16685023625803,-48.773701094356134,-56.263468819971365,34.96873328148296,13.010566283895322,32.60212272648062,-74699461.2,574.7109450377018,527.5453973146847,480.37984959166755,580.5544330311649,543.2809966390685,506.00756024697205,-0.0222280445795201,
59,2025-04-17 00:00:00-04:00,2025-04-17,00:00:00,1744862400,526.0847532599682,529.604316656272,522.3657063534529,524.8583374023438,62249551,0.0,0.0,0.0,69241619,429.22,631.54,628.34,32.75,1.21,602.5696,631.54,481.8,1.761,577073840128,27.18147,1.4649131,917782016,585.74,23.166524018470074,530.6768035314925,539.0146708714179,41.9567696991978,-11.716381289787478,-12.341454948622395,0.6250736588349177,590.015333906554,541.8237121582031,493.63209040985214,52.10227801108695,55.32200674059927,-47.89772198891305,-53.41255326705066,37.237122269942844,13.200549900317677,30.043983802103092,-74699461.2,574.7109450377018,527.5453973146847,480.37984959166755,578.623602620298,541.4185758958282,504.21354917135847,0.0014268034792483952,
60,2025-04-21 00:00:00-04:00,2025-04-21,00:00:00,1745208000,519.6238052831814,520.1622525299349,506.96125797993665,512.3652954101562,62249551,0.0,0.0,0.0,69241619,429.22,631.54,628.34,32.75,1.21,602.5696,631.54,481.8,1.761,577073840128,27.18147,1.4649131,917782016,585.74,23.459227418243426,527.3474384185222,536.4766351132025,38.063272660479285,-12.431832188458657,-12.35953039658965,-0.0723017918690072,588.2182215951531,539.3260955810547,490.43396956695625,37.46787879653234,46.93215190442106,-62.53212120346766,-87.54652925422825,39.24581037339318,13.035845165340088,31.870069197594457,-80924416.3,574.7109450377018,527.5453973146847,480.37984959166755,577.3553504803981,539.0445923407653,500.7338342011326,-0.023802693225792537,0.32892929868810056
61,2025-04-22 00:00:00-04:00,2025-04-22,00:00:00,1745294400,518.6068942866489,527.7398682752878,517.6596822546041,525.6959228515625,62249551,0.0,0.0,0.0,69241619,429.22,631.54,628.34,32.75,1.21,602.5696,631.54,481.8,1.761,577073840128,27.18147,1.4649131,917782016,585.74,23.897931540507123,527.0471628608931,535.4499006120939,41.67080727872725,-11.787285464872753,-12.245081410246272,0.457795945373519,583.6442646815821,536.9914978027343,490.3387309238866,53.08342894677055,47.55119525146328,-46.91657105322945,-46.592936334602186,41.16906798909741,14.396855616413163,31.28501727751028,-87149371.4,574.7109450377018,527.5453973146847,480.37984959166755,575.3913231636001,536.6568182246522,497.9223132857043,0.02601781885077692,0.3341106534719135
62,2025-04-23 00:00:00-04:00,2025-04-23,00:00:00,1745380800,538.8370393033936,543.8223014706125,532.306358035387,533.841796875,62249551,0.0,0.0,0.0,69241619,429.22,631.54,628.34,32.75,1.21,602.5696,631.54,481.8,1.761,577073840128,27.18147,1.4649131,917782016,585.74,24.294614511511607,528.2825508634579,535.2967478752278,42.97236133508133,-10.498157363727842,-11.895696600942586,1.397539237214744,578.3211255258959,534.9953979492187,491.66967037254153,80.24538524251855,56.93223099527381,-19.754614757481445,7.35241686545905,42.93639332195118,17.576893844099825,30.7741948647616,-93374326.5,574.631238497171,527.5055440444193,480.37984959166755,575.0910444558671,534.8150969857854,494.5391495157038,0.015495410311062274,0.33507003486246123
63,2025-04-24 00:00:00-04:00,2025-04-24,00:00:00,1745467200,535.137968583152,545.8164223668259,533.8717533370633,545.07861328125,62249551,0.0,0.0,0.0,69241619,429.22,631.54,628.34,32.75,1.21,602.5696,631.54,481.8,1.761,577073840128,27.18147,1.4649131,917782016,585.74,23.16865653882953,531.3363803939656,536.2283541043728,52.62218851529184,-8.472135378984945,-11.210984356551059,2.7388489775661142,574.8794705560325,533.9036254882812,492.9277804205299,97.1116369830365,76.81348372410854,-2.888363016963507,35.427626260023715,42.274503073380366,19.045885556629603,26.702939404424676,-93374326.5,569.2172558810057,524.7985527363367,480.37984959166755,574.0055883525754,533.4434857060963,492.8813830596173,0.021048963329638015,0.3376531055009371
64,2025-04-25 00:00:00-04:00,2025-04-25,00:00:00,1745553600,545.0387382920208,549.4257324957449,542.0874411745963,549.0169677734375,62249551,0.0,0.0,0.0,69241619,429.22,631.54,628.34,32.75,1.21,602.5696,631.54,481.8,1.761,577073840128,27.18147,1.4649131,917782016,585.74,21.439481252532442,534.5510326447786,537.4463173109503,63.91240413240768,-6.474076937100335,-10.263602872660915,3.7895259355605795,572.0111483965725,533.0840484619141,494.1569485272558,99.40798103360443,92.25500108638649,-0.5920189663955637,66.59423269057861,38.97061304923495,21.78449945095444,18.34640175272383,-87149371.4,565.747494747627,523.0636721696472,480.37984959166755,573.1889983091334,532.4873119688275,491.78562562852164,0.007225296308140727,0.33804971942763296
65,2025-04-28 00:00:00-04:00,2025-04-28,00:00:00,1745812800,549.7647656303432,551.9183721484593,543.4135463851055,549.226318359375,62249551,0.0,0.0,0.0,69241619,429.22,631.54,628.34,32.75,1.21,602.5696,631.54,481.8,1.761,577073840128,27.18147,1.4649131,917782016,585.74,19.100679218087954,537.2192664110688,538.5682221727051,64.313426171743,-4.818167547718872,-9.174515807672506,4.356348259953634,571.2843242477112,532.8442565917969,494.40418893588264,95.80678297155181,97.44213366273091,-4.193217028448182,77.41752146607533,37.124516429795435,25.384067811753784,11.920211865949657,-74699461.2,565.747494747627,523.0636721696472,480.37984959166755,572.3837099996801,532.0289990255303,491.67428805138053,0.0003813189723198551,0.3377896793005444
66,2025-04-29 00:00:00-04:00,2025-04-29,00:00:00,1745899200,547.2920086038646,553.8127702769649,546.9330843434874,552.6860961914062,62249551,0.0,0.0,0.0,69241619,429.22,631.54,628.34,32.75,1.21,602.5696,631.54,481.8,1.761,577073840128,27.18147,1.4649131,917782016,585.74,17.041057146957506,540.031417280221,539.9127816030575,68.31537766984607,-3.189901076016099,-7.9775928613412255,4.787691785325126,570.4036432279222,532.59150390625,494.7793645845777,98.18909428686905,97.80128609734176,-1.810905713130951,93.24253359278357,34.89596956032005,28.489659286463787,13.360916585142757,-62249551.0,565.747494747627,523.0636721696472,480.37984959166755,571.5480137441523,531.8852573592128,492.22250097427326,0.006299366429427744,0.338037295801699
67,2025-04-30 00:00:00-04:00,2025-04-30,00:00:00,1745985600,545.9560300157574,554.8796618213433,539.9238747243568,552.9054565429688,62249551,0.0,0.0,0.0,69241619,429.22,631.54,628.34,32.75,1.21,602.5696,631.54,481.8,1.761,577073840128,27.18147,1.4649131,917782016,585.74,14.151740945463255,542.3721516916297,541.1501792163824,52.79296743006101,-1.8603427459133854,-6.754142838255658,4.893800092342272,569.2281914795883,532.2709533691407,495.3137152586931,95.88006878336654,96.62531534726247,-4.119931216633452,88.69572574851861,32.4885109387849,22.40955146816012,19.626555285834346,-49799640.8,565.747494747627,523.0636721696472,480.37984959166755,571.7047185478276,531.4696549685334,491.2345913892392,0.00039689862486880223,0.3378458449044727
68,2025-05-01 00:00:00-04:00,2025-05-01,00:00:00,1746072000,558.7182765361568,562.4073827721945,556.2156651498251,556.8238525390625,62249551,0.0,0.0,0.0,69241619,429.22,631.54,628.34,32.75,1.21,602.5696,631.54,481.8,1.761,577073840128,27.18147,1.4649131,917782016,585.74,12.03157808750158,544.9997336638902,542.6429100090186,69.73331612899547,-0.4848869064474002,-5.500291651894006,5.015404745446606,567.9614564852387,531.9693420410156,495.9772275967925,89.92980978553136,94.66632428525566,-10.07019021446864,136.45901843038362,30.71957123018741,30.827510717812288,23.085078618694848,-37349730.6,562.4073827721945,521.3936161819311,480.37984959166755,571.292106949739,531.364132450021,491.4361579503029,0.007086918658016916,0.3378835421556611
69,2025-05-02 00:00:00-04:00,2025-05-02,00:00:00,1746158400,563.0653709624233,566.7046364907385,560.7223222120272,565.0894165039062,62249551,0.0,0.0,0.0,69241619,429.22,631.54,628.34,32.75,1.21,602.5696,631.54,481.8,1.761,577073840128,27.18147,1.4649131,917782016,585.74,11.57222248961624,548.6524032711659,544.7806725323412,69.35141792057566,1.2576364396909412,-4.1487060335770165,5.406342473267958,572.388651528275,533.4679107666016,494.54717000492815,97.29640333858889,94.36876063582893,-2.703596661411115,144.88411863924253,28.50702980046983,32.9004587828526,24.001433286144067,-18674865.3,566.7046364907385,523.542243041203,480.37984959166755,570.7718067993378,532.6295576153897,494.48730843144153,0.014844126966101712,0.3392901444155372
70,2025-05-05 00:00:00-04:00,2025-05-05,00:00:00,1746417600,560.9117673476358,564.9797581165675,560.0443366413908,561.8489990234375,62249551,0.0,0.0,0.0,69241619,429.22,631.54,628.34,32.75,1.21,602.5696,631.54,481.8,1.761,577073840128,27.18147,1.4649131,917782016,585.74,11.190490351224772,551.0517843170335,546.4062274362551,64.7158243089515,2.3500344025859476,-2.8489579463444237,5.198992348930371,574.6265385827486,536.3708282470703,498.1151179113921,91.87250940884925,93.03290751098984,-8.127490591150742,123.3350652523351,26.157423996410646,29.026873321601748,25.25293094971347,0.0,566.7046364907385,523.542243041203,480.37984959166755,570.7081601269399,535.216077489671,499.72399485240203,-0.005734344664454216,0.3393199818066868
71,2025-05-06 00:00:00-04:00,2025-05-06,00:00:00,1746504000,556.2854623092777,561.6894695117311,555.3183506499339,557.1528930664062,62249551,0.0,0.0,0.0,69241619,429.22,631.54,628.34,32.75,1.21,602.5696,631.54,481.8,1.761,577073840128,27.18147,1.4649131,917782016,585.74,11.199746705796205,552.1610768169194,547.4297194010314,62.30976362966514,2.804502594577116,-1.7182658381601157,4.522768432737232,574.9653872688602,539.0838073730469,503.20222747723346,84.0120467532561,91.06031983356475,-15.987953246743905,96.93401738645855,23.61055491928627,29.00288322266266,28.24614977812975,18674865.3,566.7046364907385,527.2114034803088,487.71817046987917,570.0574136939373,538.0370716438757,506.0167295938141,-0.008358306173355534,0.33924175488641667
72,2025-05-07 00:00:00-04:00,2025-05-07,00:00:00,1746590400,558.4989192920236,562.1580845152806,554.4009877287364,559.4959716796875,62249551,0.0,0.0,0.0,69241619,429.22,631.54,628.34,32.75,1.21,602.5696,631.54,481.8,1.761,577073840128,27.18147,1.4649131,917782016,585.74,10.500385144261799,553.4946940646954,548.5788862847129,73.20521841735972,3.3155195278852716,-0.7115087649510382,4.0270282928363095,572.6823681017355,542.3077758789062,511.93318365607695,87.93395186087838,87.93950267432791,-12.066048139121625,91.36838947866723,22.15385103825792,30.934574434073685,19.546896941095678,43574685.7,566.7046364907385,529.1506761301662,491.5967157695939,570.0931456545304,540.8685334187447,511.64392118295905,0.004205449962551011,0.3390315313822613
73,2025-05-08 00:00:00-04:00,2025-05-08,00:00:00,1746676800,563.5739323580718,568.6289957190513,560.0443884974118,563.3944702148438,62249551,0.0,0.0,0.0,69241619,429.22,631.54,628.34,32.75,1.21,602.5696,631.54,481.8,1.761,577073840128,27.18147,1.4649131,917782016,585.74,10.63570041115785,555.2946533647223,549.9898942780587,74.2685338081137,3.9890965578924806,0.2286122996176656,3.760484258274815,574.8882868005578,543.1273529052735,511.36641900998916,91.5117276940623,87.81924210273228,-8.48827230593771,105.82402824017637,21.426704245018573,34.88681758607962,19.298206824382806,68474506.1,568.6289957190513,537.795126849494,506.96125797993665,567.2402479881215,542.64295474019,518.0456614922585,0.006967875967815118,0.33940599159171253
74,2025-05-09 00:00:00-04:00,2025-05-09,00:00:00,1746763200,564.8102205798259,565.8272334952061,561.1012148853195,562.6765747070312,62249551,0.0,0.0,0.0,69241619,429.22,631.54,628.34,32.75,1.21,602.5696,631.54,481.8,1.761,577073840128,27.18147,1.4649131,917782016,585.74,9.694910353120674,556.6368208815057,551.1981495570085,87.20141386132894,4.414100041657889,1.0657098480257103,3.348390193632179,576.5367266097546,545.1094940185546,513.6822614273547,88.3215593708711,89.25574630860393,-11.678440629128906,93.16039982219745,22.65637855719592,38.2722198173623,9.82145978580435,93374326.5,568.6289957190513,537.795126849494,506.96125797993665,565.9081809684326,544.7567064835814,523.6052319987302,-0.0012742324352930101,0.3393719537502763
75,2025-05-12 00:00:00-04:00,2025-05-12,00:00:00,1747022400,579.7560672258437,581.2815867067962,575.3391321114739,581.2716064453125,62249551,0.0,0.0,0.0,69241619,429.22,631.54,628.34,32.75,1.21,602.5696,631.54,481.8,1.761,577073840128,27.18147,1.4649131,917782016,585.74,9.925656005594492,561.1158728021978,554.0622883082756,88.1258478905321,6.180141199893683,2.088596118399305,4.0915450814943775,582.2478736281571,547.5547668457032,512.8616600632492,99.97962181748919,93.27096962747419,-0.02037818251081179,156.24877767083728,24.555351628317343,43.05087244374897,9.5931364240796,118274146.9,581.2815867067962,544.1214223433665,506.96125797993665,568.6731782112483,547.2923787586277,525.9115793060071,0.033047460253633476,0.3456701303450013
76,2025-05-13 00:00:00-04:00,2025-05-13,00:00:00,1747108800,581.6903470478828,587.343678293745,581.1220807001266,585.1102905273438,62249551,0.0,0.0,0.0,69241619,429.22,631.54,628.34,32.75,1.21,602.5696,631.54,481.8,1.761,577073840128,27.18147,1.4649131,917782016,585.74,9.07531450377795,565.4784942067698,557.0192409005678,87.38005875908154,7.799582533261628,3.23079340137177,4.568789131889858,588.0855240807699,549.9337371826172,511.7819502844644,95.82325160687488,94.70814426507839,-4.176748393125129,157.72374578508504,26.73217023909052,39.19801146704443,10.49199695729715,143173967.3,587.343678293745,547.1524681368409,506.96125797993665,570.6077896414723,549.6437634094895,528.6797371775066,0.006603942183768696,0.3459733254373613
77,2025-05-14 00:00:00-04:00,2025-05-14,00:00:00,1747195200,586.0774155967079,587.2439499583633,583.8140869943453,585.8580932617188,62249551,0.0,0.0,0.0,69241619,429.22,631.54,628.34,32.75,1.21,602.5696,631.54,481.8,1.761,577073840128,27.18147,1.4649131,917782016,585.74,8.464974323220238,569.1838758531242,559.7657982682964,85.10127464093918,9.039145248662294,4.392463770829875,4.646681477832419,593.1732648121101,552.4253753662109,511.67748592031177,96.86716325205258,97.55667889213889,-3.1328367479474233,141.81440453439436,29.564717723984423,40.34159446439697,11.24848918902924,174298742.8,587.343678293745,547.1524681368409,506.96125797993665,572.7112423559821,552.0443357685479,531.3774291811136,0.0012780543198120942,0.3459226123336381
78,2025-05-15 00:00:00-04:00,2025-05-15,00:00:00,1747281600,583.8340232035316,589.2280501171933,583.3753571741278,588.7196044921875,62249551,0.0,0.0,0.0,69241619,429.22,631.54,628.34,32.75,1.21,602.5696,631.54,481.8,1.761,577073840128,27.18147,1.4649131,917782016,585.74,8.358860153357162,572.735826514772,562.5233036229527,84.81986476475147,10.135571118159874,5.541085240295875,4.594485877863999,597.1887685224935,555.6558288574219,514.1228891923502,98.96875747144185,97.2197241101231,-1.031242528558152,133.78616089911506,32.895774214968,39.464940506619385,11.391286660288312,211648473.4,589.2280501171933,548.094654048565,506.96125797993665,574.5775554872625,555.0801954703243,535.582835453386,0.004884307758791007,0.34604698655478433
79,2025-05-16 00:00:00-04:00,2025-05-16,00:00:00,1747368000,589.5072306166389,592.7476509117832,587.5430666021017,592.4485473632812,62249551,0.0,0.0,0.0,69241619,429.22,631.54,628.34,32.75,1.21,602.5696,631.54,481.8,1.761,577073840128,27.18147,1.4649131,917782016,585.74,8.123128620952002,576.3199575781373,565.3733268363172,85.70251708863503,11.176554679498395,6.668179128136378,4.5083755513620165,601.013970380023,559.0353393554688,517.0567083309145,99.43377098327706,98.42323056892383,-0.566229016722936,138.70002647578838,34.315054437069186,41.5132359856138,11.721859471061006,248998204.0,592.7476509117832,549.8544544458599,506.96125797993665,577.6393346290337,558.3453772114092,539.0514197937847,0.006333987933543117,0.34622074527036106
80,2025-05-19 00:00:00-04:00,2025-05-19,00:00:00,1747627200,586.3665146930052,593.784587269064,586.3665146930052,593.0966186523438,62249551,0.0,0.0,0.0,69241619,429.22,631.54,628.34,32.75,1.21,602.5696,631.54,481.8,1.761,577073840128,27.18147,1.4649131,917782016,585.74,8.161584809707806,579.3702595916293,568.0136403426054,85.00603802155922,11.916469940876937,7.717837290684491,4.198632650192446,601.5335784857217,563.0719055175781,524.6102325494345,98.72268935144668,99.04173926872186,-1.277310648553323,128.32117031306217,35.41152702259207,39.65969204834507,12.69632268536026,292572889.7,593.784587269064,555.722134761834,517.6596822546041,580.487415855972,562.2413591229823,543.9953023899926,0.0010938861981293346,0.34442248782044477
81,2025-05-20 00:00:00-04:00,2025-05-20,00:00:00,1747713600,591.341882776371,592.2990142108393,587.8621184990102,591.1025390625,62249551,0.0,0.0,0.0,69241619,429.22,631.54,628.34,32.75,1.21,602.5696,631.54,481.8,1.761,577073840128,27.18147,1.4649131,917782016,585.74,7.467207170875448,581.5034013136058,570.2125830778335,82.10158286577803,12.201303526631705,8.614530537873934,3.5867729887577706,602.4751122465173,566.342236328125,530.2093604097327,93.18993632408421,97.11546555293599,-6.810063675915794,110.45811093085483,40.053377725920186,43.34765766804271,7.172203763554602,329922620.3,593.784587269064,563.0454726522255,532.306358035387,582.8095452246405,565.5774957628306,548.3454463010207,-0.003362149651729207,0.3443620332879733
82,2025-05-21 00:00:00-04:00,2025-05-21,00:00:00,1747800000,586.7055374013049,590.8333490882792,580.1050551487234,581.1419677734375,62249551,0.0,0.0,0.0,69241619,429.22,631.54,628.34,32.75,1.21,602.5696,631.54,481.8,1.761,577073840128,27.18147,1.4649131,917782016,585.74,7.574032719771935,581.4376861244842,571.2534768583672,68.55317738087034,11.490842061908893,9.189792842680927,2.3010492192279663,601.9603906933409,568.7072448730469,535.4540990527529,67.8987709524092,86.60379887598003,-32.101229047590806,71.73567862197844,42.06195037415912,35.63709252425404,14.386513864527798,361047395.8,593.784587269064,563.8281703030636,533.8717533370633,584.4651543479372,567.9459943566546,551.4268343653721,-0.016850834890440813,0.3459741644641624
83,2025-05-22 00:00:00-04:00,2025-05-22,00:00:00,1747886400,580.942551785946,584.8909013825514,579.6962362276395,581.371337890625,62249551,0.0,0.0,0.0,69241619,429.22,631.54,628.34,32.75,1.21,602.5696,631.54,481.8,1.761,577073840128,27.18147,1.4649131,917782016,585.74,7.239309948574503,581.4256228092371,572.2170826709631,64.15817748155413,10.821560273404202,9.516146328825583,1.3054139445786195,602.2729674042713,570.5218811035156,538.77079480276,68.48117103738018,76.5232927712912,-31.51882896261983,55.14925959014401,43.53540625842085,33.044839507828236,15.455072745713396,392172171.3,593.784587269064,566.8542309967104,539.9238747243568,585.8070197561736,569.9658557985825,554.1246918409914,0.00039468861295000046,0.34597349393764376
84,2025-05-23 00:00:00-04:00,2025-05-23,00:00:00,1747972800,574.2822361785879,580.0950688548037,573.9033513887334,577.4030151367188,62249551,0.0,0.0,0.0,69241619,429.22,631.54,628.34,32.75,1.21,602.5696,631.54,481.8,1.761,577073840128,27.18147,1.4649131,917782016,585.74,7.412374708529943,580.694239596052,572.7109810010351,63.35613889625547,9.857310216305109,9.584379106321489,0.27293110998362025,602.144790297334,571.9411834716797,541.7375766460253,58.40509165351683,64.92834454776873,-41.594908346483166,27.44471336627985,44.71195641273294,32.27330576296679,20.023145414727136,417071991.7,593.784587269064,566.8542309967104,539.9238747243568,587.3345108398559,571.4803773641904,555.626243888525,-0.006825797034137326,0.34468237771788773
85,2025-05-27 00:00:00-04:00,2025-05-27,00:00:00,1748318400,584.3425491795706,589.5670943925401,576.725053693289,589.4075927734375,62249551,0.0,0.0,0.0,69241619,429.22,631.54,628.34,32.75,1.21,602.5696,631.54,481.8,1.761,577073840128,27.18147,1.4649131,917782016,585.74,7.8631884460833295,582.2784856283038,574.3011345031687,74.60821849426635,9.947139752660291,9.65693123558925,0.2902085170710418,603.1198365340723,573.9502471923828,544.7806578506933,88.88625075738803,71.92417114942835,-11.113749242611966,60.698635055335274,47.87458764447083,39.02731859624596,14.582127167298555,441971812.1,593.784587269064,566.8542309967104,539.9238747243568,589.6205907328844,573.3327357636292,557.0448807943741,0.02079063898527833,0.34583997849776
86,2025-05-28 00:00:00-04:00,2025-05-28,00:00:00,1748404800,589.8163475692377,591.0228029471133,585.2598105493923,585.9976196289062,62249551,0.0,0.0,0.0,69241619,429.22,631.54,628.34,32.75,1.21,602.5696,631.54,481.8,1.761,577073840128,27.18147,1.4649131,917782016,585.74,7.720752418310236,582.9546918102315,575.4150854675247,69.89513658452992,9.632140651350142,9.651973118741429,-0.019832467391287523,603.4465169894016,575.6158233642578,547.785129739114,76.92080093286178,74.73738111458887,-23.079199067138223,66.54115888232309,49.77552117099547,41.09406204531619,14.002446356207932,460646677.4,593.784587269064,566.8542309967104,539.9238747243568,591.3230594178681,575.1468738021886,558.970688186509,-0.005785424528526595,0.34410453702784877
87,2025-05-29 00:00:00-04:00,2025-05-29,00:00:00,1748491200,591.3119286527991,591.4515306022613,584.342541704147,588.310791015625,62249551,0.0,0.0,0.0,69241619,429.22,631.54,628.34,32.75,1.21,602.5696,631.54,481.8,1.761,577073840128,27.18147,1.4649131,917782016,585.74,7.576178479649554,583.9285280293939,576.643247900677,69.16109288386349,9.460104991414141,9.613599493275972,-0.15349450186183056,603.5910523275913,577.3860900878906,551.1811278481898,83.25204575228764,83.01969914751248,-16.747954247712354,65.9332652075463,50.616754195408376,35.777441797339506,15.134456269493308,479321542.7,593.784587269064,574.0927874989002,554.4009877287364,592.4783107685367,577.0868049727445,561.6952991769523,0.00394740747954514,0.34322836206773594
88,2025-05-30 00:00:00-04:00,2025-05-30,00:00:00,1748577600,587.194104951146,589.3876325602934,581.5208739520402,587.6527709960938,62249551,0.0,0.0,0.0,69241619,429.22,631.54,628.34,32.75,1.21,602.5696,631.54,481.8,1.761,577073840128,27.18147,1.4649131,917782016,585.74,7.800517050961446,584.6056631142484,577.6917739097643,69.22484247477624,9.165020128180686,9.523883620256916,-0.3588634920762299,603.6231705349145,578.9275360107422,554.2319014865699,69.15777112711221,76.44353927075387,-30.842228872887794,50.55179400063958,48.788917077127074,34.748502289153926,17.282971201431007,491771452.9,593.784587269064,574.0927874989002,554.4009877287364,593.7000336238953,578.4720445902003,563.2440555565054,-0.0011184904808482221,0.34259865512363347
89,2025-06-02 00:00:00-04:00,2025-06-02,00:00:00,1748836800,586.0275300945058,591.0426720366128,583.3354764354921,590.9629516601562,62249551,0.0,0.0,0.0,69241619,429.22,631.54,628.34,32.75,1.21,602.5696,631.54,481.8,1.761,577073840128,27.18147,1.4649131,917782016,585.74,7.0221015939154245,585.7615337589589,578.9556956002779,59.755089101514166,9.09344360593525,9.437795617392583,-0.3443520114573335,604.572972324193,580.2212127685547,555.8694532129164,85.80754422968586,79.4057870363619,-14.192455770314142,61.40783659146009,45.124963008601874,24.563836853467524,19.198826696676523,504221363.1,593.784587269064,574.0927874989002,554.4009877287364,594.6964202042662,579.6857900056268,564.6751598069874,0.00563288531499917,0.34063707335991
90,2025-06-03 00:00:00-04:00,2025-06-03,00:00:00,1748923200,590.5940612123461,595.3200799781005,590.1054544048488,594.3330078125,62249551,0.0,0.0,0.0,69241619,429.22,631.54,628.34,32.75,1.21,602.5696,631.54,481.8,1.761,577073840128,27.18147,1.4649131,917782016,585.74,6.9501750210320825,587.3199835868754,580.4202015252514,59.371794251577526,9.202572535349418,9.39075100098395,-0.18817846563453244,605.356364291458,581.8454132080078,558.3344621245576,95.39111605452885,83.45214380377564,-4.6088839454711445,92.08967223356065,41.602958747229536,22.98388416310262,19.397513176296727,522896228.4,595.3200799781005,574.8605338534185,554.4009877287364,596.2614655822408,581.2338808125277,566.2062960428145,0.005702652159287558,0.3406429667157999
91,2025-06-04 00:00:00-04:00,2025-06-04,00:00:00,1749009600,595.2004551527299,596.1875273458553,593.7347563998676,594.1734619140625,62249551,0.0,0.0,0.0,69241619,429.22,631.54,628.34,32.75,1.21,602.5696,631.54,481.8,1.761,577073840128,27.18147,1.4649131,917782016,585.74,6.880382734029922,588.5660705554549,581.7300358479953,58.5520212019369,9.170472479199134,9.346695296626988,-0.1762228174278544,604.7195718049062,583.6964416503906,562.673311495875,90.96190303079564,90.72018777167011,-9.038096969204371,104.69771575969772,38.31404072337109,24.117563896960576,19.59427502212145,541571093.7,596.1875273458553,575.2942575372958,554.4009877287364,597.6859283800177,583.0661313530562,568.4463343260948,-0.000268445293026387,0.3358087476139199
92,2025-06-05 00:00:00-04:00,2025-06-05,00:00:00,1749096000,595.8684581600321,597.2344151426059,589.3078360260068,591.3019409179688,62249551,0.0,0.0,0.0,69241619,429.22,631.54,628.34,32.75,1.21,602.5696,631.54,481.8,1.761,577073840128,27.18147,1.4649131,917782016,585.74,7.028517460710889,589.0635015304573,582.6416458546594,52.655282134317396,8.811748851709694,9.23970600764353,-0.42795715593383576,603.1809726170856,585.2867401123046,567.3925076075237,74.5726372049688,86.9752187634311,-25.427362795031204,88.50771534610548,34.70036899293361,21.592878879540752,23.68023872626124,554021003.9,597.2344151426059,578.6394018200089,560.0443884974118,599.399362415738,584.762617155771,570.1258718958039,-0.004832799140579991,0.3354594103286907
93,2025-06-06 00:00:00-04:00,2025-06-06,00:00:00,1749182400,596.8953968767723,599.0590445233215,595.1007146259882,597.3740234375,62249551,0.0,0.0,0.0,69241619,429.22,631.54,628.34,32.75,1.21,602.5696,631.54,481.8,1.761,577073840128,27.18147,1.4649131,917782016,585.74,7.210840267544548,590.574505513556,584.0447294339776,54.831783590891945,8.914661437408881,9.1746970935966,-0.2600356561877195,602.4100139221948,586.9857177734375,571.5614216246802,93.30163125775819,86.2787238311742,-6.69836874224181,141.86443705003433,31.32796336100742,19.36792140437936,23.08149469215809,566470914.1,599.0590445233215,580.0801297043205,561.1012148853195,600.9195358415952,586.4203826250293,571.9212294084634,0.010269004884551292,0.3358636855167206
94,2025-06-09 00:00:00-04:00,2025-06-09,00:00:00,1749441600,597.9522747414663,599.477794222525,596.7259196839311,597.9124145507812,62249551,0.0,0.0,0.0,69241619,429.22,631.54,628.34,32.75,1.21,602.5696,631.54,481.8,1.761,577073840128,27.18147,1.4649131,917782016,585.74,6.877540407725625,591.9086707930514,585.3654613498637,54.734377550138724,8.936647951624082,9.127087265202096,-0.1904393135780147,599.9532167314433,588.747509765625,577.5418027998066,93.87912502369215,87.25113116213971,-6.12087497630784,152.4620070898735,28.014818142029263,20.74143492942922,22.9781316843994,585145779.4,599.477794222525,586.6905728056292,573.9033513887334,602.4639731906274,588.1622343811907,573.8604955717541,0.0009012630147242628,0.3344562772708409
95,2025-06-10 00:00:00-04:00,2025-06-10,00:00:00,1749528000,598.4507520987654,601.6911723434343,597.3241388928317,601.3023681640625,62249551,0.0,0.0,0.0,69241619,429.22,631.54,628.34,32.75,1.21,602.5696,631.54,481.8,1.761,577073840128,27.18147,1.4649131,917782016,585.74,6.815578500387703,593.6166157695989,586.883261998835,59.75953036705841,9.122455361238394,9.126160884409355,-0.003705523170960845,601.6973676547508,589.7490478515625,577.8007280483743,98.60081083721654,95.26052237288896,-1.3991891627834567,159.81878387166927,22.909709270327625,23.249662600633034,23.18703087999172,603820644.7,601.6911723434343,587.7972618660839,573.9033513887334,602.0805979046568,589.2026569501364,576.3247159956161,0.0056696491505836555,0.33222430292938876
96,2025-06-11 00:00:00-04:00,2025-06-11,00:00:00,1749614400,602.4091389302424,603.2765697174132,597.5036577794746,599.5874633789062,62249551,0.0,0.0,0.0,69241619,429.22,631.54,628.34,32.75,1.21,602.5696,631.54,481.8,1.761,577073840128,27.18147,1.4649131,917782016,585.74,6.442394787827847,594.7022244258366,588.0931859397941,70.95599401437605,9.027269840482177,9.10638267562392,-0.07911283514174272,602.9790571321139,590.4729064941406,577.9667558561673,87.4405783621439,93.30683807435086,-12.559421637856099,139.08680096897677,21.636315313054236,26.35420105578154,15.929702723000586,616270554.9,603.2765697174132,588.5899605530733,573.9033513887334,602.8155900283317,589.9825176393794,577.149445250427,-0.0028519840864627,0.3320744173520399
97,2025-06-12 00:00:00-04:00,2025-06-12,00:00:00,1749700800,598.2414316391353,601.9703979492188,597.7528856906831,601.9703979492188,62249551,0.0,0.0,0.0,69241619,429.22,631.54,628.34,32.75,1.21,602.5696,631.54,481.8,1.761,577073840128,27.18147,1.4649131,917782016,585.74,6.3725981523723965,596.0237105209969,589.414825178787,72.31091631464477,9.039911066689683,9.093088353837071,-0.05317728714738834,604.583317527307,591.2785217285157,577.9737259297243,95.55318809951757,93.864859099626,-4.446811900482431,127.86145562087687,20.903221122542543,26.642848561842353,15.645941617484246,628720465.1,603.2765697174132,588.5899605530733,573.9033513887334,603.6406474806952,590.728810162291,577.8169728438868,0.003974290184260543,0.33116459156013733
98,2025-06-13 00:00:00-04:00,2025-06-13,00:00:00,1749787200,596.73587404184,600.0759753105004,593.7247562563699,595.2402954101562,62249551,0.0,0.0,0.0,69241619,429.22,631.54,628.34,32.75,1.21,602.5696,631.54,481.8,1.761,577073840128,27.18147,1.4649131,917782016,585.74,6.428144951726487,595.8812714099349,589.9696318674889,68.22905361068072,8.409921955141385,8.956455074097935,-0.5465331189565497,604.9647893420753,591.6045562744141,578.2443232067529,69.73327511711445,84.2423471929253,-30.266724882885555,65.84490603122401,21.52914446162154,26.412622738622765,13.549772687254233,634945420.2,603.2765697174132,588.5899605530733,573.9033513887334,604.3419092755654,591.1907770821829,578.0396448888004,-0.011180122082398825,0.3315757592409039
99,2025-06-16 00:00:00-04:00,2025-06-16,00:00:00,1750046400,598.6303165073551,602.6683667667999,598.4507935133779,600.903564453125,62249551,0.0,0.0,0.0,69241619,429.22,631.54,628.34,32.75,1.21,602.5696,631.54,481.8,1.761,577073840128,27.18147,1.4649131,917782016,585.74,6.041432855825958,596.7944155996058,591.0109587804067,63.49796043560394,8.272271925815971,8.819618444441543,-0.5473465186255719,606.0200875806117,592.0273071289063,578.0345266772008,89.09248736569889,84.79298352744364,-10.907512634301124,105.56369098158868,19.425441246441927,19.96942231410512,14.417093589415853,641170375.3,603.2765697174132,588.5899605530733,573.9033513887334,605.0523156445306,591.6788347464519,578.3053538483732,0.00951425682474416,0.33190976539586325
100,2025-06-17 00:00:00-04:00,2025-06-17,00:00:00,1750132800,598.4408921774705,599.9763310919831,595.0010489432416,595.768798828125,62249551,0.0,0.0,0.0,69241619,429.22,631.54,628.34,32.75,1.21,602.5696,631.54,481.8,1.761,577073840128,27.18147,1.4649131,917782016,585.74,6.051398792408991,596.607939822973,591.4640864039989,61.02620403136825,7.660544623058968,8.58780368016503,-0.9272590571060615,606.2474035285645,592.1609161376953,578.074428746826,65.49055028964978,74.7721042574877,-34.50944971035023,56.02935039902848,15.961314740924767,18.218268141845513,18.465306844529216,641170375.3,603.2765697174132,588.5899605530733,573.9033513887334,605.1924009087286,591.9704757172674,578.7485505258062,-0.008545074332639513,0.33252103238623737
101,2025-06-18 00:00:00-04:00,2025-06-18,00:00:00,1750219200,596.6760685598517,599.4478427165867,594.711843595377,595.6790161132812,62249551,0.0,0.0,0.0,69241619,429.22,631.54,628.34,32.75,1.21,602.5696,631.54,481.8,1.761,577073840128,27.18147,1.4649131,917782016,585.74,5.8818995226300945,596.439044603029,591.8655082810734,58.753874021252194,7.086809287543133,8.28760480164065,-1.2007955140975177,606.5523149241741,592.3897399902344,578.2271650562947,65.0778642702642,73.22030064187095,-34.922135729735786,48.33226877653646,13.163371254728565,18.743265744201388,18.234716062278622,641170375.3,603.2765697174132,588.5899605530733,573.9033513887334,605.4521346497312,592.2800595614824,579.1079844732336,-0.00015070059899136012,0.330694197220014
102,2025-06-20 00:00:00-04:00,2025-06-20,00:00:00,1750392000,598.3800048828125,599.4600219726562,592.8599853515625,594.280029296875,62249551,0.0,1.761,0.0,69241619,429.22,631.54,628.34,32.75,1.21,602.5696,631.54,481.8,1.761,577073840128,27.18147,1.4649131,917782016,585.74,5.791419380690139,596.0464963655464,592.0954626635307,57.7373376905635,6.444940098721418,7.919071861056804,-1.4741317623353867,606.1950141274087,593.0466430664062,579.8982720054037,54.88441735190833,61.8176106372741,-45.11558264809166,32.00658065674397,11.10215434451524,19.03609436417806,17.323483300658463,641170375.3,603.2765697174132,588.5899605530733,573.9033513887334,605.5877176639738,592.8553873049933,580.1230569460129,-0.00234855816398305,0.3307437527520801
103,2025-06-23 00:00:00-04:00,2025-06-23,00:00:00,1750651200,595.0399780273438,600.5399780273438,591.8900146484375,600.1500244140625,62249551,0.0,0.0,0.0,69241619,429.22,631.54,628.34,32.75,1.21,602.5696,631.54,481.8,1.761,577073840128,27.18147,1.4649131,917782016,585.74,5.85875993624625,596.7925923743675,592.862563782629,60.120977556753616,6.336866241058715,7.602630737057186,-1.2657644959984715,606.2775663511164,593.9855773925781,581.6935884340397,77.61754664079434,65.85994275432229,-22.382453359205652,51.17745221020614,10.42751414109534,18.11616592288784,17.124367275709883,641170375.3,603.2765697174132,588.5899605530733,573.9033513887334,606.7102731795237,593.6324129981438,580.5545528167638,0.00987749011881256,0.3301776737332251
104,2025-06-24 00:00:00-04:00,2025-06-24,00:00:00,1750737600,604.3300170898438,607.8499755859375,603.4099731445312,606.780029296875,62249551,0.0,0.0,0.0,69241619,429.22,631.54,628.34,32.75,1.21,602.5696,631.54,481.8,1.761,577073840128,27.18147,1.4649131,917782016,585.74,6.036283193290777,598.6084899966415,594.1880366887476,62.79340543524629,6.708867269256189,7.4238780434969875,-0.715010774240799,606.3439005169643,595.4544281005859,584.5649556842076,94.22965032916352,75.57720477395539,-5.770349670836482,163.05822121304618,10.683249786097457,21.17190619176918,16.62075050421884,647395330.4,607.8499755859375,592.2875146396133,576.725053693289,608.1774453573069,595.0763887089286,581.9753320605503,0.011047245877038092,0.33069532460635254
105,2025-06-25 00:00:00-04:00,2025-06-25,00:00:00,1750824000,607.9099731445312,608.6099853515625,605.5399780273438,607.1199951171875,62249551,0.0,0.0,0.0,69241619,429.22,631.54,628.34,32.75,1.21,602.5696,631.54,481.8,1.761,577073840128,27.18147,1.4649131,917782016,585.74,6.0803715060215655,600.1560363821953,595.4196517771704,63.25764772943189,6.950986518959894,7.329299738589569,-0.3783132196296748,608.0118105585628,596.3400482177734,584.668285876984,92.28070299714093,88.04263332236627,-7.719297002859069,168.6924056911668,10.78307672048483,20.89217902980387,16.50023470262272,653620285.5,608.6099853515625,595.0654296518014,581.5208739520402,608.2930789804172,596.1692256695422,584.0453723586672,0.0005602785258216336,0.3276472876764949
106,2025-06-26 00:00:00-04:00,2025-06-26,00:00:00,1750910400,608.989990234375,612.3099975585938,608.3699951171875,611.8699951171875,62249551,0.0,0.0,0.0,69241619,429.22,631.54,628.34,32.75,1.21,602.5696,631.54,481.8,1.761,577073840128,27.18147,1.4649131,917782016,585.74,5.884901743507791,602.2858470612848,596.9863511428863,70.28202125060037,7.4403849451498445,7.351516779901624,0.08886816524822017,610.1811523982831,597.6336669921875,585.0861815860919,97.84523599582738,94.7851964407106,-2.154764004172632,200.48782293179357,13.178659977418357,26.077048586659952,11.67507973960676,666070195.7,612.3099975585938,596.915435755317,581.5208739520402,609.4069425625786,597.340388247335,585.2738339320914,0.007823824018649228,0.32772732723462533
107,2025-06-27 00:00:00-04:00,2025-06-27,00:00:00,1750996800,612.8800048828125,616.3900146484375,610.8300170898438,614.9099731445312,62249551,0.0,0.0,0.0,69241619,429.22,631.54,628.34,32.75,1.21,602.5696,631.54,481.8,1.761,577073840128,27.18147,1.4649131,917782016,585.74,5.727965597310718,604.5811427127842,598.6933627620906,68.39189578465576,7.981531418617919,7.477519707644884,0.5040117109730353,612.9110160893363,598.9636260986329,585.0162361079294,93.9590142697704,94.69498442091292,-6.040985730229592,203.99033060915147,15.57739450314258,29.604015251216666,11.994956315286203,678520105.9,616.3900146484375,598.9554443002389,581.5208739520402,610.5524624546395,598.640807273348,586.7291520920564,0.004968339764334306,0.3277867691744895
108,2025-06-30 00:00:00-04:00,2025-06-30,00:00:00,1751256000,617.3800048828125,619.219970703125,615.0399780273438,617.8499755859375,62249551,0.0,0.0,0.0,69241619,429.22,631.54,628.34,32.75,1.21,602.5696,631.54,481.8,1.761,577073840128,27.18147,1.4649131,917782016,585.74,5.839260098739284,606.9936577806302,600.5178020786475,69.9078402238845,8.54907906217511,7.6918315785509295,0.8572474836241808,615.7407972031154,600.473486328125,585.2061754531345,94.98720336598373,95.59715121052716,-5.012796634016267,207.34579521171017,18.513246017243922,31.98927266157098,11.766336137353827,697194971.2,619.219970703125,601.2777235693086,583.3354764354921,611.7559304631397,600.1999513868142,588.6439723104886,0.004781191670012452,0.3277105280112997
109,2025-07-01 00:00:00-04:00,2025-07-01,00:00:00,1751342400,616.3599853515625,618.8300170898438,615.52001953125,617.6500244140625,62249551,0.0,0.0,0.0,69241619,429.22,631.54,628.34,32.75,1.21,602.5696,631.54,481.8,1.761,577073840128,27.18147,1.4649131,917782016,585.74,5.763757535024362,608.9311789867088,602.149442301068,67.43391333553774,8.880362973619754,7.929537857564695,0.9508251160550589,618.1988157228323,601.8078399658203,585.4168642088084,94.25558429028929,94.40060064201447,-5.744415709710702,166.45971516529696,21.551504674499252,29.66534221479854,11.920469710548625,709644881.4,619.219970703125,604.263903364566,589.3078360260068,612.7605266739354,601.6442674018625,590.5280081297897,-0.00032362414789344207,0.3100235311398688
110,2025-07-02 00:00:00-04:00,2025-07-02,00:00:00,1751428800,617.239990234375,620.489990234375,616.6099853515625,620.4500122070312,62249551,0.0,0.0,0.0,69241619,429.22,631.54,628.34,32.75,1.21,602.5696,631.54,481.8,1.761,577073840128,27.18147,1.4649131,917782016,585.74,5.6285498882296405,611.0255122994947,603.8923537206836,71.74553653223671,9.262076027625199,8.196045491576795,1.0660305360484035,621.0827102155962,603.1136901855468,585.1446701554975,99.86021656828474,96.36766807485257,-0.1397834317152601,151.8751565955604,22.84750730705415,30.472595464360953,12.206820314213253,722094791.6,620.489990234375,604.898913130191,589.3078360260068,613.9235886981835,602.9407914951545,591.9579942921255,0.004533291803274775,0.282652021488191
111,2025-07-03 00:00:00-04:00,2025-07-03,00:00:00,1751515200,622.4500122070312,626.280029296875,622.4299926757812,625.3400268554688,62249551,0.0,0.0,0.0,69241619,429.22,631.54,628.34,32.75,1.21,602.5696,631.54,481.8,1.761,577073840128,27.18147,1.4649131,917782016,585.74,5.743728804751648,613.6281513096718,605.9349892573298,73.14887812994249,9.845674876335352,8.525971368528507,1.3197035078068442,624.6679212008166,604.6720184326172,584.6761156644177,97.26664134628695,97.12748073495366,-2.7333586537130445,166.51627459143094,24.647147881335723,37.061977141728974,11.96203711052042,740769656.9,626.280029296875,607.793932661441,589.3078360260068,615.7605516987081,604.4400298812935,593.1195080638789,0.00788139987465386,0.2825558587538489
112,2025-07-07 00:00:00-04:00,2025-07-07,00:00:00,1751860800,623.3599853515625,624.030029296875,617.8699951171875,620.6799926757812,62249551,0.0,0.0,0.0,69241619,429.22,631.54,628.34,32.75,1.21,602.5696,631.54,481.8,1.761,577073840128,27.18147,1.4649131,917782016,585.74,5.688328093711107,614.910304285328,607.3392752971823,76.27702068854211,9.818968400149288,8.784570774852664,1.0343976252966236,626.316802275978,606.1409210205078,585.9650397650375,83.71609701728293,93.6143183106182,-16.283902982717066,118.04638957029368,25.8613679815829,37.422937313574565,12.746408777992336,759444522.2,626.280029296875,609.0850219726562,591.8900146484375,617.1271607109306,605.8522936313478,594.577426551765,-0.007452000479036269,0.2806360929975979
113,2025-07-08 00:00:00-04:00,2025-07-08,00:00:00,1751947200,621.3499755859375,622.1099853515625,619.52001953125,620.3400268554688,62249551,0.0,0.0,0.0,69241619,429.22,631.54,628.34,32.75,1.21,602.5696,631.54,481.8,1.761,577073840128,27.18147,1.4649131,917782016,585.74,5.342749126830313,615.8975265708082,608.5774421122571,72.55676964465582,9.659027666472525,8.959462153176638,0.6995655132958873,627.9720318713034,607.2892211914062,586.606410511509,82.72753733277013,87.90342523211332,-17.272462667229867,102.29159472339127,27.969496100995595,36.37768856921635,13.570870243872946,771894432.4,626.280029296875,609.0850219726562,591.8900146484375,617.7843844182845,607.0262311172057,596.268077816127,-0.0005477312372305088,0.1854663707858773
114,2025-07-09 00:00:00-04:00,2025-07-09,00:00:00,1752033600,622.77001953125,624.719970703125,620.9099731445312,624.0599975585938,62249551,0.0,0.0,0.0,69241619,429.22,631.54,628.34,32.75,1.21,602.5696,631.54,481.8,1.761,577073840128,27.18147,1.4649131,917782016,585.74,5.233994008099801,617.3816122049509,610.0519712023845,83.94783059591416,9.720393385163447,9.111648399574001,0.6087449855894462,630.074119830162,608.5966003417968,587.1190808534317,93.54454552876406,86.66272662627237,-6.45545447123593,106.39704536417275,32.44303511333449,40.69542609732101,9.144970824933383,784344342.6,626.280029296875,609.0850219726562,591.8900146484375,619.2067548983409,608.285794666356,597.364834434371,0.005996663994070728,0.15890751492281796
115,2025-07-10 00:00:00-04:00,2025-07-10,00:00:00,1752120000,624.2000122070312,626.8699951171875,623.010009765625,625.8200073242188,62249551,0.0,0.0,0.0,69241619,429.22,631.54,628.34,32.75,1.21,602.5696,631.54,481.8,1.761,577073840128,27.18147,1.4649131,917782016,585.74,5.171421595982143,618.9158658629996,611.5536889282735,84.77362603934293,9.798097865325417,9.248938292724285,0.5491595726011322,632.3215229789669,609.8224822998047,587.3234416206426,96.99831795530368,91.09013360561262,-3.0016820446963246,106.71905838382058,37.10116571171752,44.15747765975383,8.856166368795868,796794252.8,626.8699951171875,609.3800048828125,591.8900146484375,620.412422301882,609.542166879801,598.6719114577201,0.002820257303000284,0.15586620821619568
116,2025-07-11 00:00:00-04:00,2025-07-11,00:00:00,1752206400,622.739990234375,624.8599853515625,621.530029296875,623.6199951171875,62249551,0.0,0.0,0.0,69241619,429.22,631.54,628.34,32.75,1.21,602.5696,631.54,481.8,1.761,577073840128,27.18147,1.4649131,917782016,585.74,5.006417410714286,619.7711620910337,612.7028609462652,83.23520301774919,9.57181865958853,9.313514366097134,0.2583042934913955,633.7870523097909,611.0241088867188,588.2611654636466,90.70897137034297,93.75061161813692,-9.291028629657031,85.03449383056115,41.637505451910215,45.61284344869866,8.617479657805273,809244163.0,626.8699951171875,609.3800048828125,591.8900146484375,621.424834225653,610.7028721946315,599.98091016361,-0.0035154072757080934,0.15570068549017313
117,2025-07-14 00:00:00-04:00,2025-07-14,00:00:00,1752465600,623.1599731445312,625.1599731445312,621.7999877929688,624.8099975585938,62249551,0.0,0.0,0.0,69241619,429.22,631.54,628.34,32.75,1.21,602.5696,631.54,481.8,1.761,577073840128,27.18147,1.4649131,917782016,585.74,4.628561837332589,620.6873139942264,613.8559215760108,81.2468774699889,9.380382796749245,9.326888052227558,0.053494744521687565,635.3051137627463,612.1660888671875,589.0270639716286,91.21911496504661,92.97546809689776,-8.780885034953391,80.93732666018438,46.26170406739508,48.13281955691021,9.320973060646278,821694073.2,626.8699951171875,609.3800048828125,591.8900146484375,622.5070194834052,611.870810143081,601.2346008027569,0.0019082172648787754,0.15531114921291106
118,2025-07-15 00:00:00-04:00,2025-07-15,00:00:00,1752552000,627.52001953125,627.8599853515625,622.0599975585938,622.1400146484375,62249551,0.0,0.0,0.0,69241619,429.22,631.54,628.34,32.75,1.21,602.5696,631.54,481.8,1.761,577073840128,27.18147,1.4649131,917782016,585.74,4.492850167410714,620.9514413859011,614.6448828210039,71.63385657548613,8.910508395175953,9.243612120817236,-0.33310372564128343,635.6114949912994,613.5110748291015,591.4106546669036,74.37289952446191,85.43366195328383,-25.62710047553809,75.69120747155827,49.899218346780444,42.25764444685955,9.602523696038627,834143983.4,627.8599853515625,609.875,591.8900146484375,623.64610360311,613.2544596527738,602.8628157024376,-0.004273271747553764,0.14719640761729466
119,2025-07-16 00:00:00-04:00,2025-07-16,00:00:00,1752638400,623.739990234375,624.72998046875,618.0499877929688,624.219970703125,62249551,0.0,0.0,0.0,69241619,429.22,631.54,628.34,32.75,1.21,602.5696,631.54,481.8,1.761,577073840128,27.18147,1.4649131,917782016,585.74,4.750706263950893,621.5457194435782,615.5567959526344,72.95923217370496,8.606751345369503,9.11623996572769,-0.5094886203581872,636.4343335881194,614.6768951416016,592.9194566950837,81.3236712555273,82.3052285816786,-18.6763287444727,59.15372835740378,52.20056312429563,38.82130645371469,15.11051685879941,846593893.6,627.8599853515625,609.875,591.8900146484375,624.6542493055493,614.3374132232994,604.0205771410496,0.0033432282214846953,0.1471666649697949
120,2025-07-17 00:00:00-04:00,2025-07-17,00:00:00,1752724800,624.4000244140625,628.4000244140625,624.1799926757812,628.0399780273438,62249551,0.0,0.0,0.0,69241619,429.22,631.54,628.34,32.75,1.21,602.5696,631.54,481.8,1.761,577073840128,27.18147,1.4649131,917782016,585.74,4.681422642299107,622.7264937315355,616.74567043594,72.26664604698934,8.575412345369045,9.008074441655962,-0.43266209628691676,636.8999487683554,616.2904541015625,595.6809594347696,97.95078977444444,84.54912018481122,-2.0492102255555515,88.4694942260304,52.6126174680379,39.3501246966398,15.334147881460899,865268758.9,628.4000244140625,610.14501953125,591.8900146484375,625.9838978659532,615.8353101608634,605.6867224557736,0.006119649327969823,0.13632284646074724
121,2025-07-18 00:00:00-04:00,2025-07-18,00:00:00,1752811200,629.2999877929688,629.469970703125,626.4600219726562,627.5800170898438,62249551,0.0,0.0,0.0,69241619,429.22,631.54,628.34,32.75,1.21,602.5696,631.54,481.8,1.761,577073840128,27.18147,1.4649131,917782016,585.74,4.499276297433036,623.608952523955,617.777512974407,68.78164413803087,8.416441460378792,8.889747845400528,-0.4733063850217363,636.6320558212501,617.8855041503906,599.1389524795311,86.9026017147377,88.72568758156983,-13.097398285262308,94.80894472092324,52.35868800564845,36.16449585572457,15.954927492136829,883943624.2,629.469970703125,610.6799926757812,591.8900146484375,627.3724812825521,617.3964986165365,607.4205159505209,-0.0007323752525193461,0.12817490342512708
122,2025-07-21 00:00:00-04:00,2025-07-21,00:00:00,1753070400,628.77001953125,631.5399780273438,628.3400268554688,628.77001953125,62249551,0.0,0.0,0.0,69241619,429.22,631.54,628.34,32.75,1.21,602.5696,631.54,481.8,1.761,577073840128,27.18147,1.4649131,917782016,585.74,4.474273681640625,624.5473283434632,618.824418360773,67.07331503670142,8.29090672859968,8.76997962204036,-0.47907289344068005,635.3117230352884,619.6100036621094,603.9082842889304,82.70932788765235,89.1875731256115,-17.29067211234765,109.81776457643204,51.72345680217007,35.153382422724164,16.044084962257294,908843444.6,631.5399780273438,611.7149963378906,591.8900146484375,628.8093068440755,619.0973317464193,609.385356648763,0.0018961764380651669,0.12550953830480935
