,datetime,date,time,timestamp,open,high,low,close,volume,Capital Gains,Dividends,Stock Splits,average_volume,book_value,day_high,day_low,dividend_frequency,dividend_yield,fifty_day_average,fifty_two_week_high,fifty_two_week_low,forward_pe,latest_dividend_amount,market_cap,price_to_book,shares_outstanding,two_hundred_day_average,atr,ema_short,ema_long,rsi,macd,macd_signal,macd_histogram,bb_upper,bb_middle,bb_lower,stoch_k,stoch_d,williams_r,cci,adx,plus_di,minus_di,obv,donchian_upper,donchian_middle,donchian_lower,keltner_upper,keltner_middle,keltner_lower,returns,volatility
0,2025-01-23 00:00:00-05:00,2025-01-23,00:00:00,1737608400,84.80527783636768,85.14786460978922,84.69760664074497,84.99125671386719,39506403,0.0,0.0,0.0,37732140,148.865,86.505,85.96,68.5,4.39,86.1616,101.64,83.3,-4300.0,0.328,9434200064,0.5777046,109700000,89.22115,,84.99125671386719,84.99125671386719,,0.0,0.0,0.0,,,,,,,,,,,,,,,,,,,
1,2025-01-24 00:00:00-05:00,2025-01-24,00:00:00,1737694800,84.88358926703582,85.43172812871825,84.76612773903305,85.37300109863281,39506403,0.0,0.0,0.0,37732140,148.865,86.505,85.96,68.5,4.39,86.1616,101.64,83.3,-4300.0,0.328,9434200064,0.5777046,109700000,89.22115,,85.06066478382458,85.02761332194011,,0.030452543514073227,0.006090508702814646,0.024362034811258582,,,,,,,,,,,,,,,,,,0.004491572421982282,
2,2025-01-27 00:00:00-05:00,2025-01-27,00:00:00,1737954000,86.29309689469119,86.55737599534399,85.98965648391875,86.38118743896484,39506403,0.0,0.0,0.0,37732140,148.865,86.505,85.96,68.5,4.39,86.1616,101.64,83.3,-4300.0,0.328,9434200064,0.5777046,109700000,89.22115,,85.3007598120319,85.15652514260913,,0.13438945753576093,0.0317502984694039,0.10263915906635702,,,,,,,,,,,,,,,,,,0.011809194093660436,
3,2025-01-28 00:00:00-05:00,2025-01-28,00:00:00,1738040400,85.97985452375974,86.33223158884326,85.80367345904881,86.32244873046875,39506403,0.0,0.0,0.0,37732140,148.865,86.505,85.96,68.5,4.39,86.1616,101.64,83.3,-4300.0,0.328,9434200064,0.5777046,109700000,89.22115,,85.48652143356587,85.26756548431005,,0.20960429995150776,0.06732109876582468,0.14228320118568308,,,,,,,,,,,,,,,,,,-0.000679994223714453,
4,2025-01-29 00:00:00-05:00,2025-01-29,00:00:00,1738126800,86.55736722316924,86.74334608823023,85.77430539243662,86.1462631225586,39506403,0.0,0.0,0.0,37732140,148.865,86.505,85.96,68.5,4.39,86.1616,101.64,83.3,-4300.0,0.328,9434200064,0.5777046,109700000,89.22115,,85.60647446792818,85.35125097366706,,0.25208996218239577,0.1042748714491389,0.14781509073325688,,,,,,,,,,,,,,,,,,-0.002041017261457334,
5,2025-01-30 00:00:00-05:00,2025-01-30,00:00:00,1738213200,86.53780125186785,86.83144386199784,86.30287820236582,86.46927642822266,39506403,0.0,0.0,0.0,37732140,148.865,86.505,85.96,68.5,4.39,86.1616,101.64,83.3,-4300.0,0.328,9434200064,0.5777046,109700000,89.22115,,85.76334755161807,85.45772958838664,,0.3082710727902622,0.14507411171736356,0.16319696107289866,,,,,,,,,,,,,,,,,,0.0037495916126335516,
6,2025-01-31 00:00:00-05:00,2025-01-31,00:00:00,1738299600,86.50843911819238,86.78251603731162,85.57855955592187,85.90157318115234,39506403,0.0,0.0,0.0,37732140,148.865,86.505,85.96,68.5,4.39,86.1616,101.64,83.3,-4300.0,0.328,9434200064,0.5777046,109700000,89.22115,,85.78847948426066,85.50000040674529,,0.3034876830695481,0.1767568259878005,0.1267308570817476,,,,,,,,,,,,,,,,,,-0.006565375246797123,
7,2025-02-03 00:00:00-05:00,2025-02-03,00:00:00,1738558800,87.01355358976463,87.52435461519532,86.24734830438038,86.60098266601562,39506403,0.0,0.312,0.0,37732140,148.865,86.505,85.96,68.5,4.39,86.1616,101.64,83.3,-4300.0,0.328,9434200064,0.5777046,109700000,89.22115,,85.93620733548883,85.60485586000912,,0.35207481318551004,0.2118204234273424,0.14025438975816765,,,,,,,,,,,,,,,,,,0.008141986915517041,
8,2025-02-04 00:00:00-05:00,2025-02-04,00:00:00,1738645200,86.00176793479127,86.88584633033878,85.93300611526033,86.86620330810547,39506403,0.0,0.0,0.0,37732140,148.865,86.505,85.96,68.5,4.39,86.1616,101.64,83.3,-4300.0,0.328,9434200064,0.5777046,109700000,89.22115,,86.1052975123282,85.72498418839925,,0.4072866066546226,0.2509136600727985,0.1563729465818241,,,,,,,,,,,,,,,,,,0.003062559268093956,
9,2025-02-05 00:00:00-05:00,2025-02-05,00:00:00,1738731600,87.86815549178482,88.58524940642945,87.80921893518892,88.30037689208984,39506403,0.0,0.0,0.0,37732140,148.865,86.505,85.96,68.5,4.39,86.1616,101.64,83.3,-4300.0,0.328,9434200064,0.5777046,109700000,89.22115,,86.50440285410305,85.97025968398883,,0.56030927653768,0.31279278336577476,0.24751649317190527,,,,,,,,,,,,,,,,,,0.016510144674995342,
10,2025-02-06 00:00:00-05:00,2025-02-06,00:00:00,1738818000,88.2709107680849,88.55578328937696,87.96639522560669,88.2610855102539,39506403,0.0,0.0,0.0,37732140,148.865,86.505,85.96,68.5,4.39,86.1616,101.64,83.3,-4300.0,0.328,9434200064,0.5777046,109700000,89.22115,,86.82379970067592,86.18843357220456,,0.6706791865669857,0.3843700640060169,0.28630912256096874,,,,,,,,,,,,,,,,,,-0.0004449741124429307,
11,2025-02-07 00:00:00-05:00,2025-02-07,00:00:00,1738904400,87.66186930740065,87.8681547482163,87.36717903243925,87.69133758544922,39506403,0.0,0.0,0.0,37732140,148.865,86.505,85.96,68.5,4.39,86.1616,101.64,83.3,-4300.0,0.328,9434200064,0.5777046,109700000,89.22115,,86.98153386154378,86.33156728775168,,0.7040582937386546,0.44830770995254443,0.25575058378611015,,,,,,,,,,,,,,,,,,-0.006455256260569087,
12,2025-02-10 00:00:00-05:00,2025-02-10,00:00:00,1739163600,87.68152118119767,87.94674318222057,87.27876805635745,87.42611694335938,39506403,0.0,0.0,0.0,37732140,148.865,86.505,85.96,68.5,4.39,86.1616,101.64,83.3,-4300.0,0.328,9434200064,0.5777046,109700000,89.22115,,87.06236714914661,86.43581011209527,,0.7010293573248134,0.4988520394269983,0.20217731789781512,,,,,,,,,,,,,,,,,,-0.0030244793772407075,
13,2025-02-11 00:00:00-05:00,2025-02-11,00:00:00,1739250000,86.96443340822451,87.11178230564117,86.81708451080783,86.86620330810547,39506403,0.0,0.0,0.0,37732140,148.865,86.505,85.96,68.5,4.39,86.1616,101.64,83.3,-4300.0,0.328,9434200064,0.5777046,109700000,89.22115,0.9136353571017344,87.02670099623003,86.47679994028672,64.766733524252,0.6460018452729059,0.5282820005961798,0.11771984467672614,,,,55.78178855583926,,-44.21821144416074,,,34.00829506363326,18.55972217221432,,,,,,,,-0.006404420724949511,
14,2025-02-12 00:00:00-05:00,2025-02-12,00:00:00,1739336400,85.74636026488429,86.05087581147177,85.32396410616167,85.68742370605469,39506403,0.0,0.0,0.0,37732140,148.865,86.505,85.96,68.5,4.39,86.1616,101.64,83.3,-4300.0,0.328,9434200064,0.5777046,109700000,89.22115,0.9916340165945589,86.78319603437997,86.40162125131225,54.62426339570777,0.5014935773162676,0.5229243159401974,-0.021430738623929746,,,,24.123242128855956,,-75.87675787114404,,,31.33331479650878,27.85499859802224,,,,,,,,-0.013570060128791028,
15,2025-02-13 00:00:00-05:00,2025-02-13,00:00:00,1739422800,86.53220037625184,87.31805606082682,86.51255735665133,87.11177062988281,39506403,0.0,0.0,0.0,37732140,148.865,86.505,85.96,68.5,4.39,86.1616,101.64,83.3,-4300.0,0.328,9434200064,0.5777046,109700000,89.22115,1.0605648712436258,86.84293686992594,86.46925452546182,60.14459465955889,0.49618293876881125,0.5175760405059202,-0.021393101737108955,,,,54.81907772908878,44.908036137928,-45.18092227091122,,,35.91941687812824,26.04457765002427,,,,,,,,0.016622590133112958,
16,2025-02-14 00:00:00-05:00,2025-02-14,00:00:00,1739509200,87.79939954770917,88.09409733934295,87.54400278906779,87.57347106933594,39506403,0.0,0.0,0.0,37732140,148.865,86.505,85.96,68.5,4.39,86.1616,101.64,83.3,-4300.0,0.328,9434200064,0.5777046,109700000,89.22115,1.0461328578685516,86.97576126981866,86.5744180058308,57.429998031662656,0.5231984799342229,0.5187005283915808,0.004497951542642098,,,,68.97608629915207,49.306135385698944,-31.02391370084792,,,34.02787853729997,26.40387780025484,,,,,,,,0.005300092468729423,
17,2025-02-18 00:00:00-05:00,2025-02-18,00:00:00,1739854800,86.9742594014142,87.26894970426109,86.48310140219307,86.54203796386719,39506403,0.0,0.0,0.0,37732140,148.865,86.505,85.96,68.5,4.39,86.1616,101.64,83.3,-4300.0,0.328,9434200064,0.5777046,109700000,89.22115,1.0827654069561825,86.89690248691838,86.57133419231045,51.2204636930921,0.4561225624060796,0.5061849351944805,-0.050062372788400866,,,,37.3495032037063,53.71488907731572,-62.65049679629371,,,32.87663384213579,31.282289585398633,,,,,,,,-0.011777917363263057,
18,2025-02-19 00:00:00-05:00,2025-02-19,00:00:00,1739941200,86.3946812143794,86.8858391689682,86.33574465806095,86.65008544921875,39506403,0.0,0.0,0.0,37732140,148.865,86.505,85.96,68.5,4.39,86.1616,101.64,83.3,-4300.0,0.328,9434200064,0.5777046,109700000,89.22115,1.0528406794643002,86.85202666188208,86.578834312016,52.82158516711944,0.4069914000698702,0.48634622816955847,-0.07935482809968825,,,,40.662537035572846,48.99604217947708,-59.33746296442715,,,31.021929832317703,33.171143428460034,,,,,,,,0.0012484971222501695,
19,2025-02-20 00:00:00-05:00,2025-02-20,00:00:00,1740027600,86.88583846521983,87.19036149084177,86.88583846521983,86.97425079345703,39506403,0.0,0.0,0.0,37732140,148.865,86.505,85.96,68.5,4.39,86.1616,101.64,83.3,-4300.0,0.328,9434200064,0.5777046,109700000,89.22115,1.042490343905998,86.87424923125934,86.6164930245342,52.82767212195885,0.3897195892320582,0.46702090038205846,-0.07730131115000027,88.45730904497887,86.70681762695312,84.95632620892738,50.602340345993554,42.8714601950909,-49.397659654006446,29.987474973272413,,32.81281166031009,33.50048217710564,59259604.5,88.58524940642945,86.64142802358721,84.69760664074497,88.62378282741557,86.71109947888822,84.79841613036086,0.003741085107507036,
20,2025-02-21 00:00:00-05:00,2025-02-21,00:00:00,1740114000,87.29841791245929,88.33967038231884,87.24929911900432,88.02532958984375,39506403,0.0,0.0,0.0,37732140,148.865,86.505,85.96,68.5,4.39,86.1616,101.64,83.3,-4300.0,0.328,9434200064,0.5777046,109700000,89.22115,1.0540234230111452,87.08353656918378,86.75066793551605,61.28153979958159,0.45559303641582005,0.4647353275888108,-0.009142291172990757,88.50585344322477,86.85852127075195,85.21118909827914,82.83131449616722,58.032063959244546,-17.168685503832776,103.89446663947471,,40.24235857675733,28.225392262517374,63210244.8,88.58524940642945,86.67568857273125,84.76612773903305,88.86159184151008,86.85739233100097,84.85319282049186,0.012084942230577767,
21,2025-02-24 00:00:00-05:00,2025-02-24,00:00:00,1740373200,87.75028730797814,88.46737376842955,87.68152548992833,88.2807388305664,39506403,0.0,0.0,0.0,37732140,148.865,86.505,85.96,68.5,4.39,86.1616,101.64,83.3,-4300.0,0.328,9434200064,0.5777046,109700000,89.22115,0.9942424833295911,87.30120970761698,86.89638897313989,59.36472531800739,0.5223858699488915,0.47626543606082694,0.04612043388806453,88.61199798728845,87.00390815734863,85.39581832740882,90.66286608417715,74.69884030877931,-9.337133915822845,118.30445542512807,,38.2499332240596,29.922503883299324,67160885.1,88.58524940642945,86.95460675629556,85.32396410616167,89.02126298243402,87.00503868304331,84.9888143836526,0.0029015425663583283,
22,2025-02-25 00:00:00-05:00,2025-02-25,00:00:00,1740459600,89.36128266118924,89.88190891260513,89.19429074931544,89.8033218383789,39506403,0.0,0.0,0.0,37732140,148.865,86.505,85.96,68.5,4.39,86.1616,101.64,83.3,-4300.0,0.328,9434200064,0.5777046,109700000,89.22115,1.0405517595410387,87.75613918593733,87.17323972221027,64.36118621710506,0.6902229353635647,0.5190569359213746,0.17116599944219013,89.18271908873479,87.17501487731934,85.1673106659039,98.2758221618848,90.59000091407638,-1.724177838115191,212.69939862193363,,46.25769992980215,26.433017834350736,71111525.4,89.88190891260513,87.6029365093834,85.32396410616167,89.22879752733463,87.17089370941117,85.11298989148771,0.017247057829168577,
23,2025-02-26 00:00:00-05:00,2025-02-26,00:00:00,1740546000,89.8033192578825,90.43200084467531,89.58720855720829,90.33377075195312,39506403,0.0,0.0,0.0,37732140,148.865,86.505,85.96,68.5,4.39,86.1616,101.64,83.3,-4300.0,0.328,9434200064,0.5777046,109700000,89.22115,0.9781050587655419,88.22479947066748,87.47424267742387,60.906230179028135,0.8561684362970539,0.5864792359965105,0.26968920030054333,89.78577845339183,87.37558097839356,84.96538350339529,98.07695015226588,95.67187946610927,-1.9230498477341273,206.8291736365489,,40.81787061834943,28.12062259674543,79012806.0,90.43200084467531,87.87798247541849,85.32396410616167,89.45376913101435,87.36913748233579,85.28450583365722,0.005906784990970415,
24,2025-02-27 00:00:00-05:00,2025-02-27,00:00:00,1740632400,89.69527435302734,90.16678934527016,89.52828242650497,89.69527435302734,39506403,0.0,0.0,0.0,37732140,148.865,86.505,85.96,68.5,4.39,86.1616,101.64,83.3,-4300.0,0.328,9434200064,0.5777046,109700000,89.22115,0.9935407917425333,88.49215854018745,87.68576950367182,57.22777515468151,0.9254916267289701,0.6542817141430025,0.2712099125859676,90.10080568925902,87.55303153991699,85.00525739057495,85.57711055417455,93.97662762277507,-14.422889445825449,157.82974929489674,,40.18372076079884,28.107375543313495,86914086.6,90.43200084467531,87.87798247541849,85.32396410616167,89.61618775267274,87.54791134102872,85.4796349293847,-0.0070681915922564675,
25,2025-02-28 00:00:00-05:00,2025-02-28,00:00:00,1740718800,90.22571851231407,90.8445823573041,89.85244114931007,90.79546356201172,39506403,0.0,0.0,0.0,37732140,148.865,86.505,85.96,68.5,4.39,86.1616,101.64,83.3,-4300.0,0.328,9434200064,0.5777046,109700000,89.22115,1.0117837579183981,88.91094127142823,87.98193084256134,64.8497014467787,1.0570221358840115,0.7348297984912043,0.32219233739280717,90.64339993058306,87.76934089660645,84.89528186262984,99.11026640390826,94.25477570344957,-0.8897335960917413,173.41738451173623,,44.24418167112017,23.370318312160318,94815367.2,90.8445823573041,88.08427323173288,85.32396410616167,89.86074862209051,87.74605948396274,85.63137034583497,0.01226585477239528,
26,2025-03-03 00:00:00-05:00,2025-03-03,00:00:00,1740978000,90.07612345700605,91.35714898448752,90.03670624596694,91.21919250488281,39506403,0.0,0.29,0.0,37732140,148.865,86.505,85.96,68.5,4.39,86.1616,101.64,83.3,-4300.0,0.328,9434200064,0.5777046,109700000,89.22115,1.0583885873939312,89.33062331387451,88.29024147706815,67.87446178802861,1.181829007321312,0.8242296402572259,0.3575993670640861,91.1551101515436,88.03522186279297,84.91533357404234,97.71337225052861,94.13358306953712,-2.286627749471388,164.94646190327558,16.44793594904389,45.75515568496314,21.74456696503283,106667288.1,91.35714898448752,88.3405565453246,85.32396410616167,90.11157056381944,87.98523279997859,85.85889503613774,0.0046668514730550115,
27,2025-03-04 00:00:00-05:00,2025-03-04,00:00:00,1741064400,91.09108906503778,91.43598025215128,89.93815635659546,90.0958251953125,39506403,0.0,0.0,0.0,37732140,148.865,86.505,85.96,68.5,4.39,86.1616,101.64,83.3,-4300.0,0.328,9434200064,0.5777046,109700000,89.22115,1.121873691894237,89.4697509286814,88.46220183118666,64.45179435041982,1.1765306852358606,0.8946898492529529,0.28184083598290766,91.38265790496165,88.20996398925782,85.03727007355398,78.07343722875926,91.63235862773205,-21.926562771240743,123.420013948095,17.25445412226983,43.16594188926119,18.202039883198477,114568568.7,91.43598025215128,88.37997217915648,85.32396410616167,90.28402941361185,88.1701874036197,86.05634539362757,-0.012315032382140156,
28,2025-03-05 00:00:00-05:00,2025-03-05,00:00:00,1741150800,90.2239236690011,90.46042692230795,89.28778939170236,89.37647247314453,39506403,0.0,0.0,0.0,37732140,148.865,86.505,85.96,68.5,4.39,86.1616,101.64,83.3,-4300.0,0.328,9434200064,0.5777046,109700000,89.22115,1.0954735725129356,89.45279120949289,88.54927522565883,67.21546109199195,1.1015875583550923,0.9360693910733808,0.16551816728171143,91.48285441567516,88.33547744750976,85.18810047934436,59.61935990970474,78.4687231296642,-40.38064009029526,71.8276422656972,20.703109526428705,44.20620981326841,13.145659209220534,118519209.0,91.43598025215128,88.37997217915648,85.32396410616167,90.46333636238873,88.32751462084389,86.19169287929904,-0.007984306937735886,
29,2025-03-06 00:00:00-05:00,2025-03-06,00:00:00,1741237200,89.15969074246219,89.47502090127813,88.4206349779188,89.08085632324219,39506403,0.0,0.0,0.0,37732140,148.865,86.505,85.96,68.5,4.39,86.1616,101.64,83.3,-4300.0,0.328,9434200064,0.5777046,109700000,89.22115,1.0543131131263073,89.38516668472002,88.59990199685724,60.27104295904349,1.0067358138454239,0.9502026756277895,0.05653313821763439,91.53935158317778,88.37450141906739,85.209651254957,53.82323256521745,63.83867656789382,-46.17676743478255,31.706722908914397,21.801713139250438,37.3470144739508,19.533743912515657,118519209.0,91.43598025215128,88.37997217915648,85.32396410616167,90.43489812770444,88.36554240365606,86.29618667960769,-0.003307538793178133,
30,2025-03-07 00:00:00-05:00,2025-03-07,00:00:00,1741323600,89.81005846434309,89.82977082874164,88.676838089481,88.79508972167969,39506403,0.0,0.0,0.0,37732140,148.865,86.505,85.96,68.5,4.39,86.1616,101.64,83.3,-4300.0,0.328,9434200064,0.5777046,109700000,89.22115,1.066499258112058,89.27787996416723,88.61849130398319,56.49128468410324,0.8981528000582699,0.9397927005138856,-0.04163990045561572,91.57102935177328,88.40120162963868,85.23137390750408,48.22022469841187,53.88760572444469,-51.77977530158814,34.141815738578146,22.87831854200727,34.09868584839951,19.310545411792997,118519209.0,91.43598025215128,88.37997217915648,85.32396410616167,90.5332265054979,88.40751631390047,86.28180612230305,-0.0032079462788902058,
31,2025-03-10 00:00:00-04:00,2025-03-10,00:00:00,1741579200,89.7509355399667,90.29290526666222,89.58341803451886,89.72137451171875,39506403,0.0,0.0,0.0,37732140,148.865,86.505,85.96,68.5,4.39,86.1616,101.64,83.3,-4300.0,0.328,9434200064,0.5777046,109700000,89.22115,1.0956025351006053,89.35851533644932,88.723527799958,67.08487623445757,0.8767369428770593,0.9271815489865204,-0.05044460610946111,91.70664788621657,88.50270347595215,85.29875906568772,66.3818325879053,56.141763283844874,-33.6181674120947,64.71017582496283,26.314534552692923,36.212335237317745,11.880964938727546,122469849.3,91.43598025215128,88.37997217915648,85.32396410616167,90.70480118632794,88.51870008801373,86.33259898969952,0.010431711854139936,
32,2025-03-11 00:00:00-04:00,2025-03-11,00:00:00,1741665600,89.6425384035726,90.15494709237451,88.82464821980923,89.08085632324219,39506403,0.0,0.0,0.0,37732140,148.865,86.505,85.96,68.5,4.39,86.1616,101.64,83.3,-4300.0,0.328,9434200064,0.5777046,109700000,89.22115,1.1513314180761784,89.30803187950256,88.75755908788983,62.35523780864246,0.7988713651742501,0.9015195122240663,-0.10264814704981629,91.75763205017046,88.58544044494629,85.41324883972212,48.24064745249714,54.280901579604766,-51.75935254750286,36.17600585379488,28.865798066992294,34.45951848878776,15.099085503781312,126420489.6,91.43598025215128,88.37997217915648,85.32396410616167,90.86118061855629,88.60884714557187,86.35651367258745,-0.007138969860441713,
33,2025-03-12 00:00:00-04:00,2025-03-12,00:00:00,1741752000,88.68670069017747,89.06115294214379,88.4699097744889,88.54874420166016,39506403,0.0,0.0,0.0,37732140,148.865,86.505,85.96,68.5,4.39,86.1616,101.64,83.3,-4300.0,0.328,9434200064,0.5777046,109700000,89.22115,1.1563793114426264,89.1699795744403,88.73767195586795,57.837236786540004,0.6863139328857386,0.8584783963564009,-0.17216446347066228,91.73730525014722,88.66956748962403,85.60182972910084,31.037593772494805,48.55335793763242,-68.96240622750518,-0.19116778899932665,30.97888973895503,32.428085209499876,17.224363464161332,130371129.9,91.43598025215128,88.37997217915648,85.32396410616167,90.94945097673879,88.69692609213419,86.4444012075296,-0.005973361096251573,
34,2025-03-13 00:00:00-04:00,2025-03-13,00:00:00,1741838400,88.27282353480324,89.38633152885194,88.0757374840441,89.32720947265625,39506403,0.0,0.0,0.0,37732140,148.865,86.505,85.96,68.5,4.39,86.1616,101.64,83.3,-4300.0,0.328,9434200064,0.5777046,109700000,89.22115,1.1524632011530573,89.19856682866137,88.79381838603827,56.661045531197296,0.6524064627347599,0.8172640096320727,-0.1648575468973128,91.58840977308292,88.8515567779541,86.11470378282529,43.8328355767306,41.03702560057418,-56.1671644232694,4.269916647416641,30.625429646425005,25.414969945958454,19.72593476329594,138272410.5,91.43598025215128,88.88586245510612,86.33574465806095,91.08840337538959,88.85904300649858,86.62968263760757,0.008791375620451847,
35,2025-03-14 00:00:00-04:00,2025-03-14,00:00:00,1741924800,88.69654857836876,89.09071315929882,88.54873592076198,88.85420989990234,39506403,0.0,0.0,0.0,37732140,148.865,86.505,85.96,68.5,4.39,86.1616,101.64,83.3,-4300.0,0.328,9434200064,0.5777046,109700000,89.22115,1.1519364349668462,89.13595647797791,88.79956995878723,52.870245914159156,0.5806737898584942,0.769945965677357,-0.1892721758188628,91.55041649620529,88.93867874145508,86.32694098670487,23.167148018199818,32.67919245580841,-76.83285198180018,-8.061190312943957,30.541703794174282,24.63473653239975,19.734955187608684,142223050.8,91.43598025215128,88.88586245510612,86.33574465806095,91.0957087439785,88.95156425537529,86.80741976677207,-0.005295134321851802,
36,2025-03-17 00:00:00-04:00,2025-03-17,00:00:00,1742184000,89.47503453888464,89.84948681015685,89.06115753392939,89.29766082763672,39506403,0.0,0.0,0.0,37732140,148.865,86.505,85.96,68.5,4.39,86.1616,101.64,83.3,-4300.0,0.328,9434200064,0.5777046,109700000,89.22115,1.1086583512679735,89.16535726882498,88.84700718439194,47.162649962841066,0.5532306154315876,0.7266028956282031,-0.17337228019661555,91.5595744076862,89.02488822937012,86.49020205105404,36.364138781583556,34.454707458837994,-63.635861218416444,25.963835574706394,28.7413895586987,21.371453057497643,20.505337732804872,146173691.1,91.43598025215128,88.88586245510612,86.33574465806095,91.18028266362421,89.03484315494156,86.8894036462589,0.00499077002917403,
37,2025-03-18 00:00:00-04:00,2025-03-18,00:00:00,1742270400,88.82464757462829,89.69180362555753,88.80494272899843,89.3863296508789,39506403,0.0,0.0,0.0,37732140,148.865,86.505,85.96,68.5,4.39,86.1616,101.64,83.3,-4300.0,0.328,9434200064,0.5777046,109700000,89.22115,1.1116632519174072,89.20553406556205,88.89837122881927,44.40642817311997,0.5324982268893024,0.6877819618804231,-0.1552837349911207,91.41858682992589,89.1671028137207,86.91561879751552,39.00290119731623,32.84472933236653,-60.99709880268378,10.750615364326952,28.199114391686642,17.779135714543727,22.09618751918254,154074971.7,91.43598025215128,88.88586245510612,86.33574465806095,91.28641490215105,89.16132627052677,87.03623763890249,0.0009929579612766304,
38,2025-03-19 00:00:00-04:00,2025-03-19,00:00:00,1742356800,89.35677579629225,89.88889688778077,89.061150461666,89.84947967529297,39506403,0.0,0.0,0.0,37732140,148.865,86.505,85.96,68.5,4.39,86.1616,101.64,83.3,-4300.0,0.328,9434200064,0.5777046,109700000,89.22115,1.113253116250737,89.32261508551312,88.9889529856263,50.92965665441352,0.5471329873648187,0.6596521669773022,-0.11251917961248348,91.25727905363289,89.32707252502442,87.39686599641595,52.78613224270148,42.71772407386709,-47.213867757298516,27.91804124948829,27.404213806581225,19.018335122111022,21.686549434745597,161976252.3,91.43598025215128,89.16090935868556,86.88583846521983,91.46297772281332,89.3101238996683,87.15727007652328,0.005181441348168336,
39,2025-03-20 00:00:00-04:00,2025-03-20,00:00:00,1742443200,90.85459037923293,90.89400759089587,89.82977294825415,89.90859985351562,39506403,0.0,0.0,0.0,37732140,148.865,86.505,85.96,68.5,4.39,86.1616,101.64,83.3,-4300.0,0.328,9434200064,0.5777046,109700000,89.22115,1.1071764475625199,89.42915777060448,89.07653840161576,43.88589257668473,0.5570799736085377,0.6391377283035493,-0.08205775469501164,91.06778830184446,89.47378997802734,87.87979165421022,54.54553423543186,48.77818922514985,-45.454465764568134,81.16688561523466,25.293874858927417,21.234379036938336,21.80557470501369,169877532.9,91.43598025215128,89.34263968557781,87.24929911900432,91.675072410301,89.4698227270541,87.26457304380719,0.0006579913254514125,
40,2025-03-21 00:00:00-04:00,2025-03-21,00:00:00,1742529600,89.99728411549519,90.10567956041153,89.29764557343945,89.37647247314453,39506403,0.0,0.0,0.0,37732140,148.865,86.505,85.96,68.5,4.39,86.1616,101.64,83.3,-4300.0,0.328,9434200064,0.5777046,109700000,89.22115,1.0705758224519124,89.41957862561176,89.10510355128517,37.483222276463714,0.5160757988854527,0.61452534241993,-0.09844954353447721,90.98423162088102,89.54134712219238,88.09846262350374,38.70955400740686,48.680406828513405,-61.290445992593135,4.731852857638551,23.962830870094162,18.54050291242938,26.101400735038826,173828173.2,91.43598025215128,89.55875287103981,87.68152548992833,91.7054254920425,89.55591436898457,87.40640324592665,-0.0059185370613942245,
41,2025-03-24 00:00:00-04:00,2025-03-24,00:00:00,1742788800,88.88377046748397,88.94290004105889,88.39106662338912,88.46004486083984,39506403,0.0,0.0,0.0,37732140,148.865,86.505,85.96,68.5,4.39,86.1616,101.64,83.3,-4300.0,0.328,9434200064,0.5777046,109700000,89.22115,1.0339745334661683,89.24511794110778,89.04366939029038,38.56746902250941,0.40496347868908344,0.5726129696737607,-0.1676494909846773,90.96211032533856,89.55031242370606,88.13851452207356,13.636286169356845,35.63045813739852,-86.36371383064315,-130.4328585015685,22.90625590803873,19.196811441387034,32.60734536057156,173828173.2,91.43598025215128,89.75585886809769,88.0757374840441,91.74812080644065,89.5786539262573,87.40918704607395,-0.010253566592483887,
42,2025-03-25 00:00:00-04:00,2025-03-25,00:00:00,1742875200,88.2629654478357,88.76552546884497,88.203843392916,88.4501953125,39506403,0.0,0.0,0.0,37732140,148.865,86.505,85.96,68.5,4.39,86.1616,101.64,83.3,-4300.0,0.328,9434200064,0.5777046,109700000,89.22115,0.9903348581321245,89.10058655408818,88.98714804954844,42.813492584950176,0.3125089791954281,0.5205921715780942,-0.20808319238266615,90.97101581420453,89.4826560974121,87.99429638061967,13.286797015854576,21.877545730872757,-86.71320298414543,-126.064194736551,20.538436283053326,20.042729982849924,30.70375128726333,169877532.9,91.43598025215128,89.75585886809769,88.0757374840441,91.58650605039568,89.52098797082331,87.45546989125094,-0.00011134460032591331,
43,2025-03-26 00:00:00-04:00,2025-03-26,00:00:00,1742961600,88.08559583377858,88.29253055362001,87.78997050939695,87.86880493164062,39506403,0.0,0.0,0.0,37732140,148.865,86.505,85.96,68.5,4.39,86.1616,101.64,83.3,-4300.0,0.328,9434200064,0.5777046,109700000,89.22115,0.9621804923995327,88.87662625909772,88.88063918117626,40.99560396210202,0.19013304203987502,0.4545003456704504,-0.26436730363057537,90.95536230888291,89.35940780639649,87.76345330391007,2.5397384172229307,9.820940534144784,-97.46026158277706,-161.51334829087193,19.413585584826198,20.629200353715046,28.23718644644809,161976252.3,91.43598025215128,89.61297538077412,87.78997050939695,91.46135473263963,89.41429340150367,87.3672320703677,-0.006573081933909708,
44,2025-03-27 00:00:00-04:00,2025-03-27,00:00:00,1743048000,87.55347265959082,87.73084634635026,87.33668176265549,87.61260223388672,39506403,0.0,0.0,0.0,37732140,148.865,86.505,85.96,68.5,4.39,86.1616,101.64,83.3,-4300.0,0.328,9434200064,0.5777046,109700000,89.22115,0.9178369516655677,88.64680370905936,88.75987375762487,41.17647728579512,0.07164987844144832,0.37793025222465,-0.30628037378320166,91.0216402821686,89.25527420043946,87.48890811871031,7.756401424935379,7.860978952670962,-92.24359857506462,-176.85297083431632,19.395397632256284,18.86510024401854,33.129028708509956,154074971.7,91.43598025215128,89.38633100740338,87.33668176265549,91.32218128729485,89.30245647180519,87.28273165631552,-0.002915741234368996,
45,2025-03-28 00:00:00-04:00,2025-03-28,00:00:00,1743134400,88.56843789907492,89.02172452114587,88.4994596635003,88.82464599609375,39506403,0.0,0.0,0.0,37732140,148.865,86.505,85.96,68.5,4.39,86.1616,101.64,83.3,-4300.0,0.328,9434200064,0.5777046,109700000,89.22115,0.9115017189710406,88.67913867033833,88.76604254224095,43.58244388678858,0.07469191786728402,0.31728258535317677,-0.24259066748589275,90.77500300734609,89.15673332214355,87.53846363694102,41.8281682725217,17.374769371560003,-58.1718317274783,-46.57405508848146,16.73782229034817,25.48271811319141,33.35928620714529,146173691.1,91.43598025215128,89.38633100740338,87.33668176265549,91.26238510079497,89.21667885700707,87.17097261321916,0.013834125814131237,
46,2025-03-31 00:00:00-04:00,2025-03-31,00:00:00,1743393600,89.89875384979219,90.00714178749261,89.04144638639531,89.70166778564453,39506403,0.0,0.0,0.0,37732140,148.865,86.505,85.96,68.5,4.39,86.1616,101.64,83.3,-4300.0,0.328,9434200064,0.5777046,109700000,89.22115,0.9009443560305824,88.86505305493947,88.85514970827938,54.29744480251644,0.14618594430049825,0.2830632571426411,-0.13687731284214283,90.40809056043406,89.08085708618164,87.75362361192921,66.48213116195984,38.68890028647231,-33.51786883804016,51.51642695141366,14.629848259470858,33.59390168910793,27.73452340693574,138272410.5,91.43598025215128,89.38633100740338,87.33668176265549,91.18421054315272,89.15229899407699,87.12038744500126,0.009873631126988691,
47,2025-04-01 00:00:00-04:00,2025-04-01,00:00:00,1743480000,90.24162765868644,90.89433784750227,90.2020687795081,90.47897338867188,39506403,0.0,0.326,0.0,37732140,148.865,86.505,85.96,68.5,4.39,86.1616,101.64,83.3,-4300.0,0.328,9434200064,0.5777046,109700000,89.22115,0.9424960355380431,89.15849311561809,89.00979958260248,62.92294726088622,0.26254113055888695,0.27895883182589026,-0.016417701267003315,90.49810229581215,89.1000144958496,87.70192669588707,88.32477201493509,65.54502381647221,-11.675227985064907,163.32107036242073,14.15410546505945,38.836609872111524,23.823353569711774,134321770.2,90.89433784750227,89.11550980507889,87.33668176265549,91.15545212997664,89.15405596427071,87.15265979856478,0.008665453187390426,
48,2025-04-02 00:00:00-04:00,2025-04-02,00:00:00,1743566400,91.34925439304092,91.34925439304092,89.65815190592814,90.41963958740234,39506403,0.0,0.0,0.0,37732140,148.865,86.505,85.96,68.5,4.39,86.1616,101.64,83.3,-4300.0,0.328,9434200064,0.5777046,109700000,89.22115,0.9696752099883962,89.3877924741243,89.14407005925008,58.09316348204929,0.34597749883033657,0.2923625652267795,0.05361493360355707,90.66667513878785,89.1521728515625,87.63767056433714,76.83244912256497,77.2131174331533,-23.167550877435033,143.05212480415966,14.807812098924263,37.74805260685251,24.25865920425775,130371129.9,91.34925439304092,89.34296807784821,87.33668176265549,91.24567124394763,89.19242858259098,87.13918592123433,-0.0006557744749672301,
49,2025-04-03 00:00:00-04:00,2025-04-03,00:00:00,1743652800,91.4975933585476,91.70527936811499,90.82510747804444,90.83499908447266,39506403,0.0,0.0,0.0,37732140,148.865,86.505,85.96,68.5,4.39,86.1616,101.64,83.3,-4300.0,0.328,9434200064,0.5777046,109700000,89.22115,1.005901369189709,89.65092094873309,89.3051109187951,64.80089206920377,0.440539200247116,0.32199789223084685,0.11854130801626916,90.92998268579815,89.23987998962403,87.5497772934499,80.07872635019694,81.74531582923233,-19.92127364980305,180.22557000609453,15.799721469650631,38.916724416013,23.38501684004491,130371129.9,91.70527936811499,89.52098056538523,87.33668176265549,91.37527785848617,89.2989098113942,87.22254176430222,0.004593686714143619,
50,2025-04-04 00:00:00-04:00,2025-04-04,00:00:00,1743739200,92.6151065765044,93.05023915251738,91.79427681901015,91.82394409179688,39506403,0.0,0.0,0.0,37732140,148.865,86.505,85.96,68.5,4.39,86.1616,101.64,83.3,-4300.0,0.328,9434200064,0.5777046,109700000,89.22115,1.093041594746153,90.04601606565377,89.5449997924143,67.45406990167211,0.5884958136195024,0.37529747650857803,0.2131983371109244,91.42208480511312,89.39132270812988,87.36056061114664,78.53710084550065,78.4827587727542,-21.46289915449935,227.7055309263988,17.768508245133745,39.64481351282968,21.520700192007368,134321770.2,93.05023915251738,90.19346045758644,87.33668176265549,91.63762128175496,89.45502250178457,87.27242372181418,0.010887268313885645,
51,2025-04-07 00:00:00-04:00,2025-04-07,00:00:00,1743998400,90.86466510053587,91.17124453488535,88.80765615196545,89.05489349365234,39506403,0.0,0.0,0.0,37732140,148.865,86.505,85.96,68.5,4.39,86.1616,101.64,83.3,-4300.0,0.328,9434200064,0.5777046,109700000,89.22115,1.2451435264084623,89.8658119616535,89.49832300205601,48.32900474196159,0.476816806995231,0.3956013426059087,0.08121546438932231,91.38782962633717,89.35799865722656,87.32816768811595,30.07253824116028,62.89612181228595,-69.92746175883971,19.358798382846345,17.020630264013903,34.80195597247309,34.554987887323534,134321770.2,93.05023915251738,90.19346045758644,87.33668176265549,91.78007012736657,89.4456241079113,87.11117808845603,-0.030156084292962793,
52,2025-04-08 00:00:00-04:00,2025-04-08,00:00:00,1744084800,88.2933956713062,89.20322725125916,87.24511178766843,87.37367248535156,39506403,0.0,0.0,0.0,37732140,148.865,86.505,85.96,68.5,4.39,86.1616,101.64,83.3,-4300.0,0.328,9434200064,0.5777046,109700000,89.22115,1.3258841719424592,89.41269569323497,89.29597533379845,38.883167904386255,0.24977070362749032,0.36643521481022506,-0.11666451118273474,91.48675846680734,89.27263946533203,87.05852046385672,2.214605978528308,36.941415021729746,-97.78539402147169,-110.37069487222237,17.463647143978005,31.62087764285969,40.86854024902367,134321770.2,93.05023915251738,90.1476754700929,87.24511178766843,91.77221111795001,89.37498343939218,86.97775576083436,-0.01887847980437607,
53,2025-04-09 00:00:00-04:00,2025-04-09,00:00:00,1744171200,86.3056068209472,87.92749070330854,84.94085942838568,87.88793182373047,39506403,0.0,0.0,0.0,37732140,148.865,86.505,85.96,68.5,4.39,86.1616,101.64,83.3,-4300.0,0.328,9434200064,0.5777046,109700000,89.22115,1.4631982171053974,89.1354658987796,89.16187595188723,41.283113754323836,0.11006272708608833,0.3151607172653977,-0.20509799017930935,91.51799122867159,89.23959884643554,86.96120646419949,36.34152667157714,22.876223630421908,-63.65847332842286,-165.11533051798156,19.8019173667096,23.746788779736587,48.281835806073346,138272410.5,93.05023915251738,88.99554929045152,84.94085942838568,91.92105417451916,89.28625802334437,86.65146187216959,0.005885747087775561,
54,2025-04-10 00:00:00-04:00,2025-04-10,00:00:00,1744257600,86.77041685255766,87.20555699601016,85.39577781219816,85.46500396728516,39506403,0.0,0.0,0.0,37732140,148.865,86.505,85.96,68.5,4.39,86.1616,101.64,83.3,-4300.0,0.328,9434200064,0.5777046,109700000,89.22115,1.5834925045739854,88.46810918396243,88.80979290573465,35.49302613543887,-0.1939313596309944,0.2133423018861193,-0.4072736615171137,91.88055392668477,89.04648857116699,86.21242321564921,6.4634356354005815,15.006522761835342,-93.53656436459941,-186.33657317190173,20.849002023774894,21.942799794835143,42.21364234868971,138272410.5,93.05023915251738,88.99554929045152,84.94085942838568,91.89382784269063,89.1408756948434,86.38792354699618,-0.027568379482461602,
55,2025-04-11 00:00:00-04:00,2025-04-11,00:00:00,1744344000,84.92108453962162,86.33528243089106,84.06069587735229,85.9298095703125,39506403,0.0,0.0,0.0,37732140,148.865,86.505,85.96,68.5,4.39,86.1616,101.64,83.3,-4300.0,0.328,9434200064,0.5777046,109700000,89.22115,1.675576840558511,88.0066001632988,88.53550877855159,40.290520549164405,-0.39281481126604945,0.09211087925568555,-0.484925690521735,92.05924112681657,88.9002685546875,85.74129598255843,20.792087381390203,21.199016562789307,-79.2079126186098,-180.6893998397428,21.399685821366514,20.73689380482679,41.72039154724666,142223050.8,93.05023915251738,88.55546751493483,84.06069587735229,91.87397462449829,88.97141117648661,86.06884772847494,0.005438548896636863,
56,2025-04-14 00:00:00-04:00,2025-04-14,00:00:00,1744603200,86.4341760867521,86.74074797574711,85.8605836437225,86.54296112060547,39506403,0.0,0.0,0.0,37732140,148.865,86.505,85.96,68.5,4.39,86.1616,101.64,83.3,-4300.0,0.328,9434200064,0.5777046,109700000,89.22115,1.6983255731367706,87.7404839737182,88.34574233493767,43.00509203892536,-0.4952462829081412,-0.025360553177079803,-0.4698857297310614,92.08455961016786,88.76253356933594,85.44050752850403,27.612807094558374,18.289443370449717,-72.38719290544162,-115.30204085291746,21.97890934768927,22.164443651532494,40.37412740589042,146173691.1,93.05023915251738,88.55546751493483,84.06069587735229,91.7113964928145,88.82034430262581,85.92929211243712,0.00713549294894289,
57,2025-04-15 00:00:00-04:00,2025-04-15,00:00:00,1744689600,86.18693881619167,87.21544706296115,86.0781537822488,86.84953308105469,39506403,0.0,0.0,0.0,37732140,148.865,86.505,85.96,68.5,4.39,86.1616,101.64,83.3,-4300.0,0.328,9434200064,0.5777046,109700000,89.22115,1.7324018929660059,87.57849290232483,88.20324621552024,46.18484584376139,-0.5453991452368285,-0.12936827158902955,-0.416030873647799,92.04987479548382,88.63569374084473,85.22151268620564,31.023124516314027,26.4760063307542,-68.97687548368597,-88.57876574156151,22.51308754420337,23.685698682370514,37.87353180034559,150124331.4,93.05023915251738,88.55546751493483,84.06069587735229,91.60744069657699,88.69134526797298,85.77524983936897,0.003542425131744409,
58,2025-04-16 00:00:00-04:00,2025-04-16,00:00:00,1744776000,86.82976292752159,87.52202451013255,86.5034078049684,87.33412170410156,39506403,0.0,0.0,0.0,37732140,148.865,86.505,85.96,68.5,4.39,86.1616,101.64,83.3,-4300.0,0.328,9434200064,0.5777046,109700000,89.22115,1.7671514312645067,87.53406177537514,88.12047245252798,48.97516370258437,-0.5398206811745183,-0.2114587535061273,-0.328361927668391,91.92116008370827,88.50992584228516,85.09869160086204,36.41370564167132,31.68321241751457,-63.586294358328686,-63.83380354121441,21.848982351211195,24.459130879915346,35.296579748774064,154074971.7,93.05023915251738,88.55546751493483,84.06069587735229,91.50252817438962,88.56734571788068,85.63216326137174,0.005579634177130366,
59,2025-04-17 00:00:00-04:00,2025-04-17,00:00:00,1744862400,87.06710279883887,87.22533077342915,86.26605622946688,86.56273651123047,39506403,0.0,0.0,0.0,37732140,148.865,86.505,85.96,68.5,4.39,86.1616,101.64,83.3,-4300.0,0.328,9434200064,0.5777046,109700000,89.22115,1.7427902303627587,87.35745718189428,87.97211664859488,41.39691932332131,-0.590833288178942,-0.28733366044069025,-0.30349962773825173,91.79300207455084,88.3426326751709,84.89226327579097,27.832789245149186,31.75653980104484,-72.16721075485081,-75.122082869953,23.08272597381739,19.510339889530798,36.76275474925707,154074971.7,93.05023915251738,88.55546751493483,84.06069587735229,91.32660697627993,88.3910414365717,85.45547589686346,-0.008832575147256216,
60,2025-04-21 00:00:00-04:00,2025-04-21,00:00:00,1745208000,85.64301257378078,86.10781997751762,85.02986880296606,85.04964447021484,39506403,0.0,0.0,0.0,37732140,148.865,86.505,85.96,68.5,4.39,86.1616,101.64,83.3,-4300.0,0.328,9434200064,0.5777046,109700000,89.22115,1.7678167958531543,86.93785487067983,87.69378596493964,33.12282651898714,-0.7447697865320464,-0.3788208856589615,-0.3659489008730849,91.83652909616065,88.12629127502441,84.41605345388818,11.001099417304873,25.082531434708457,-88.99890058269513,-117.30864591156944,25.685916953273995,15.252561834552946,41.23712376674036,154074971.7,93.05023915251738,88.55546751493483,84.06069587735229,91.1892159424709,88.18116703063342,85.17311811879594,-0.01747971589159869,0.15831412791204552
61,2025-04-22 00:00:00-04:00,2025-04-22,00:00:00,1745294400,85.86058456431212,86.0583714215744,85.44522763701032,85.52434539794922,39506403,0.0,0.0,0.0,37732140,148.865,86.505,85.96,68.5,4.39,86.1616,101.64,83.3,-4300.0,0.328,9434200064,0.5777046,109700000,89.22115,1.7546780022461417,86.68085314836517,87.48717257760721,31.621472165889074,-0.8190200199349391,-0.46686071251415706,-0.35215930742078205,91.86241545540368,87.97950630187988,84.09659714835608,16.281689467366757,18.37185937660694,-83.71831053263324,-94.84874756839218,27.966731774855937,11.755216769203763,41.54590182027752,158025612.0,93.05023915251738,88.55546751493483,84.06069587735229,91.04544693481873,88.03506591282084,85.02468489082295,0.005581456932493456,0.15846010664694388
62,2025-04-23 00:00:00-04:00,2025-04-23,00:00:00,1745380800,87.89780756540117,88.07581873411152,86.2067052351948,86.35504913330078,39506403,0.0,0.0,0.0,37732140,148.865,86.505,85.96,68.5,4.39,86.1616,101.64,83.3,-4300.0,0.328,9434200064,0.5777046,109700000,89.22115,1.8161330628925358,86.6216160547171,87.37935129719708,35.73904263452178,-0.8015927535993654,-0.5338071207311987,-0.2677856328681667,91.81678967927523,87.87474899291992,83.9327083065646,25.522467446004466,17.601752110225362,-74.47753255399554,-42.88517583089655,28.745293453670293,19.292065619601402,38.000827633207116,165926892.6,93.05023915251738,88.55546751493483,84.06069587735229,91.16472620964784,87.95536606162662,84.7460059136054,0.009713067448645862,0.15785441109250195
63,2025-04-24 00:00:00-04:00,2025-04-24,00:00:00,1745467200,87.05720649916685,87.3736699763711,86.79019350546632,87.26488494873047,39506403,0.0,0.0,0.0,37732140,148.865,86.505,85.96,68.5,4.39,86.1616,101.64,83.3,-4300.0,0.328,9434200064,0.5777046,109700000,89.22115,1.7970602816323702,86.7385740354468,87.36844974020026,37.89401082844205,-0.7062244570503253,-0.5682905879950241,-0.13793386905530125,91.79602615076352,87.84455299377441,83.8930798367853,35.64351350563288,25.81589013966803,-64.35648649436713,-30.171584487096343,29.53444369410538,18.081709900956202,38.40414269200696,177778813.5,93.05023915251738,88.55546751493483,84.06069587735229,91.1585231875764,87.91332343555845,84.6681236835405,0.01053598862557803,0.15930165893958204
64,2025-04-25 00:00:00-04:00,2025-04-25,00:00:00,1745553600,87.91759882049006,88.12527727880777,87.6209109971306,87.90770721435547,39506403,0.0,0.0,0.0,37732140,148.865,86.505,85.96,68.5,4.39,86.1616,101.64,83.3,-4300.0,0.328,9434200064,0.5777046,109700000,89.22115,1.7002854432061258,86.95114370433927,87.4198075948817,36.40112095398717,-0.5721782951794125,-0.5690681294319018,-0.0031101657475107736,91.80933818212519,87.85930824279785,83.90927830347051,54.10287619546179,38.422952382366375,-45.89712380453821,-1.7727704750134698,30.410975579940082,16.618204187931077,40.58998432158024,193581374.7,93.05023915251738,88.55546751493483,84.06069587735229,91.20757952280898,87.92955285468182,84.65152618655465,0.007366333732092389,0.15989418176105283
65,2025-04-28 00:00:00-04:00,2025-04-28,00:00:00,1745812800,87.6802615403899,88.54064272991226,87.63081105003518,88.4615249633789,39506403,0.0,0.0,0.0,37732140,148.865,86.505,85.96,68.5,4.39,86.1616,101.64,83.3,-4300.0,0.328,9434200064,0.5777046,109700000,89.22115,1.5498242817808159,87.2257584787101,87.51901877283382,47.56494502700747,-0.41645662945897755,-0.538545829437317,0.12208919997833945,91.77580776049003,87.84115219116211,83.9064966218342,85.57709746519693,58.441162388763864,-14.422902534803075,12.486613871304952,31.87550163636976,20.145888227024013,30.765781177821356,209383935.9,93.05023915251738,88.55546751493483,84.06069587735229,91.12910293811389,87.90100533072493,84.67290772333597,0.00629999082643562,0.1602083506042541
66,2025-04-29 00:00:00-04:00,2025-04-29,00:00:00,1745899200,88.33295906600227,89.2131234180308,88.31318339807262,89.20323181152344,39506403,0.0,0.0,0.0,37732140,148.865,86.505,85.96,68.5,4.39,86.1616,101.64,83.3,-4300.0,0.328,9434200064,0.5777046,109700000,89.22115,1.474240321521348,87.58529908467615,87.67942001461378,58.13544647861139,-0.23053903305155643,-0.4769444701601649,0.24640543710860846,91.70734075564036,87.81623039245605,83.92512002927174,99.80802046357232,79.82933137474367,-0.19197953642767837,42.99876718749516,31.01295714895366,24.437006445236754,24.772435681385485,225186497.1,93.05023915251738,88.55546751493483,84.06069587735229,91.0671687387714,87.8673267085265,84.66748467828161,0.00838451347579161,0.16034975529856837
67,2025-04-30 00:00:00-04:00,2025-04-30,00:00:00,1745985600,88.78787224085657,89.0548927930252,88.34284804735529,88.4813003540039,39506403,0.0,0.0,0.0,37732140,148.865,86.505,85.96,68.5,4.39,86.1616,101.64,83.3,-4300.0,0.328,9434200064,0.5777046,109700000,89.22115,1.322365499324583,87.7482084063721,87.75578957074617,52.590667016645774,-0.1398398469156632,-0.4095235455112646,0.2696836985956014,91.4175868526728,87.71634674072266,84.01510662877251,85.79653846174176,90.39388546350365,-14.203461538258239,37.65445148499893,30.612992596046592,27.24361778740135,15.170978167980884,237038418.0,93.05023915251738,88.55546751493483,84.06069587735229,90.93900112864748,87.77238772817154,84.6057743276956,-0.00809310876813174,0.16057424714309948
68,2025-05-01 00:00:00-04:00,2025-05-01,00:00:00,1746072000,88.59842880492003,88.61827723775284,87.64554499915195,88.03265380859375,39506403,0.0,0.328,0.0,37732140,148.865,86.505,85.96,68.5,4.39,86.1616,101.64,83.3,-4300.0,0.328,9434200064,0.5777046,109700000,89.22115,1.2138353726866242,87.79992575223058,87.78215759339832,63.54565718053014,-0.10297508251809973,-0.3482138529126316,0.2452387703945319,91.07863258278574,87.59699745178223,84.11536232077871,77.08905947502952,87.5645394667812,-22.91094052497048,21.492511471609156,29.64084752151083,29.6794944763452,20.630733575931828,248890338.9,93.05023915251738,88.55546751493483,84.06069587735229,90.74832127311507,87.65354489749032,84.55876852186557,-0.005070523869056709,0.16086491940273134
69,2025-05-02 00:00:00-04:00,2025-05-02,00:00:00,1746158400,87.05991694286679,87.41724932872627,86.89117875311302,87.07977294921875,39506403,0.0,0.0,0.0,37732140,148.865,86.505,85.96,68.5,4.39,86.1616,101.64,83.3,-4300.0,0.328,9434200064,0.5777046,109700000,89.22115,1.1328988371110498,87.6689888789557,87.71526381776218,55.76952815787579,-0.14893221506251564,-0.3083575253426084,0.15942531028009277,90.54330196158674,87.40923614501953,84.27517032845233,49.002614826995455,70.6294042545889,-50.99738517300454,-18.118746878019074,29.139946217534153,31.799856314367208,18.443257499016774,256791619.5,93.05023915251738,88.55546751493483,84.06069587735229,90.53428505226564,87.45392514916409,84.37356524606254,-0.010824175100376032,0.1588214742134979
70,2025-05-05 00:00:00-04:00,2025-05-05,00:00:00,1746417600,86.70257672498715,86.76213716581523,86.18643419917407,86.59339141845703,39506403,0.0,0.0,0.0,37732140,148.865,86.505,85.96,68.5,4.39,86.1616,101.64,83.3,-4300.0,0.328,9434200064,0.5777046,109700000,89.22115,1.1338398669696264,87.47342570431957,87.60841882735217,50.2562758505179,-0.22204094854058098,-0.2910942099822029,0.06905326144162194,89.50809531624269,87.14770851135253,84.78732170646238,37.37574590512393,54.489140069049625,-62.62425409487607,-47.58312503464574,27.93113051055006,29.219150552654742,22.867633604616266,260742259.8,91.17124453488535,87.61597020611882,84.06069587735229,90.11665329913433,87.16848352783278,84.22031375653123,-0.0055854708193296965,0.15920669076059837
71,2025-05-06 00:00:00-04:00,2025-05-06,00:00:00,1746504000,86.1566632910539,86.8812484741211,85.9978455357887,86.8812484741211,39506403,0.0,0.0,0.0,37732140,148.865,86.505,85.96,68.5,4.39,86.1616,101.64,83.3,-4300.0,0.328,9434200064,0.5777046,109700000,89.22115,1.1157048425139158,87.36575711701074,87.53916450799682,50.16147790545638,-0.2538265335938945,-0.28364067470454124,0.02981414111064673,89.2232608071371,87.03902626037598,84.85479171361486,44.25692054430155,43.54509375880698,-55.74307945569845,-35.872782699851165,26.593556991692786,26.655015624709975,24.44669547551253,268643540.4,89.2131234180308,86.63690964769154,84.06069587735229,89.7488072707099,87.01392599955825,84.2790447284066,0.0033242381543068245,0.1588445229991908
72,2025-05-07 00:00:00-04:00,2025-05-07,00:00:00,1746590400,87.26835307069749,87.5562045585744,87.16909576487542,87.24850463867188,39506403,0.0,0.0,0.0,37732140,148.865,86.505,85.96,68.5,4.39,86.1616,101.64,83.3,-4300.0,0.328,9434200064,0.5777046,109700000,89.22115,1.0911576553202837,87.34443848458548,87.51148261568017,49.55881219757288,-0.2465403716219896,-0.27622061408803095,0.02968024246604134,89.21367991207545,87.03276786804199,84.85185582400852,53.0361175654013,44.889594671608926,-46.9638824345987,29.95702719849727,25.90827375019185,29.666112712975824,24.996659641714505,280495461.3,89.2131234180308,86.63690964769154,84.06069587735229,89.58968789009351,86.98312255685562,84.37655722361772,0.004227105054322111,0.15897044788831846
73,2025-05-08 00:00:00-04:00,2025-05-08,00:00:00,1746676800,87.36760996998832,87.4073144067018,86.24598803100866,86.27576446533203,39506403,0.0,0.0,0.0,37732140,148.865,86.505,85.96,68.5,4.39,86.1616,101.64,83.3,-4300.0,0.328,9434200064,0.5777046,109700000,89.22115,1.0978191482530306,87.15013411744849,87.39379517278986,48.55128617933024,-0.31561976998311536,-0.2841004452670478,-0.031519324716067554,89.11911647218317,86.95215950012206,84.78520252806096,29.782926859848473,42.358654989850436,-70.21707314015153,-28.16666859349656,23.74017485556996,29.486100731499604,29.306789602575105,288396741.9,89.2131234180308,86.63690964769154,84.06069587735229,89.39337048263084,86.96933563931591,84.54530079600099,-0.011149075590101143,0.16008236401016224
74,2025-05-09 00:00:00-04:00,2025-05-09,00:00:00,1746763200,86.35517560402805,86.66287553057037,86.27576672851802,86.4048080444336,39506403,0.0,0.0,0.0,37732140,148.865,86.505,85.96,68.5,4.39,86.1616,101.64,83.3,-4300.0,0.328,9434200064,0.5777046,109700000,89.22115,1.0159793880368835,87.01462028599123,87.29960592247022,57.95253479659305,-0.35585092455443146,-0.29845054112452457,-0.05740038342990689,89.0689011467813,86.9991497039795,84.9293982611777,25.46727572075746,36.095440048669076,-74.53272427924254,-48.04537521833138,21.61183023639808,31.86128219875146,22.97649429221565,300248662.8,89.2131234180308,86.63690964769154,84.06069587735229,89.20415138013524,86.99062083144972,84.77709028276419,0.0014957106425108613,0.15761153427990704
75,2025-05-12 00:00:00-04:00,2025-05-12,00:00:00,1747022400,85.73976893689016,86.13680574510681,85.55118232194386,85.6008071899414,39506403,0.0,0.0,0.0,37732140,148.865,86.505,85.96,68.5,4.39,86.1616,101.64,83.3,-4300.0,0.328,9434200064,0.5777046,109700000,89.22115,1.0049007288318959,86.7575633594367,87.13781556699129,50.43200584858846,-0.4474525990121947,-0.3282509527020586,-0.11920164631013608,89.09306741286187,86.98269958496094,84.87233175706001,1.3551519998663724,18.8684515268241,-98.64484800013362,-112.24007869102738,18.071367492997883,32.212541061628606,28.380164026242056,308149943.4,89.2131234180308,87.12149611049844,85.02986880296606,89.07810542000429,87.00667095442367,84.93523648884305,-0.009305047632056862,0.15499921212960657
76,2025-05-13 00:00:00-04:00,2025-05-13,00:00:00,1747108800,85.49162176543737,85.65043951765315,84.86629390499401,85.25340270996094,39506403,0.0,0.0,0.0,37732140,148.865,86.505,85.96,68.5,4.39,86.1616,101.64,83.3,-4300.0,0.328,9434200064,0.5777046,109700000,89.22115,0.878663034295956,86.48407960498656,86.95834767584554,43.41618707430573,-0.5418342956483428,-0.3709676212913155,-0.17086667435702735,89.15987511776525,86.91822166442871,84.67656821109217,8.90554377175205,11.909323830791957,-91.09445622824795,-143.04794659681713,17.887291265470818,20.440222636718858,38.0251658841903,312100583.7,89.2131234180308,87.0397086615124,84.86629390499401,89.01226760460997,86.95043501096589,84.8886024173218,-0.00405842528107947,0.15475577099964302
77,2025-05-14 00:00:00-04:00,2025-05-14,00:00:00,1747195200,85.11444295270447,85.23355626965052,84.56851638276098,84.68762969970703,39506403,0.0,0.0,0.0,37732140,148.865,86.505,85.96,68.5,4.39,86.1616,101.64,83.3,-4300.0,0.328,9434200064,0.5777046,109700000,89.22115,0.8548248545909303,86.15745234948119,86.74208882097521,33.936855559803476,-0.654738209265048,-0.427721738886062,-0.22701647037898598,89.26416418018951,86.81012649536133,84.35608881053315,2.564551016728496,4.275082262782301,-97.4354489832715,-154.13027035428468,17.664404239676607,21.010231449410686,41.573767709504445,312100583.7,89.2131234180308,86.89081990039588,84.56851638276098,88.87280304968962,86.85621115139678,84.83961925310393,-0.006636368664119097,0.1534948395882181
78,2025-05-15 00:00:00-04:00,2025-05-15,00:00:00,1747281600,84.99532663058082,85.68021492632208,84.84644445572154,85.43206787109375,39506403,0.0,0.0,0.0,37732140,148.865,86.505,85.96,68.5,4.39,86.1616,101.64,83.3,-4300.0,0.328,9434200064,0.5777046,109700000,89.22115,0.8642672043436264,86.02556426250166,86.6173249209865,34.76319316161617,-0.6763489061559369,-0.47744717234003703,-0.19890173381589987,89.23022029941869,86.71502380371093,84.19982730800318,18.592562982728342,10.020885923736293,-81.40743701727166,-103.57822786395927,17.421098617201636,18.26039834872828,41.119563207381034,312100583.7,89.2131234180308,86.89081990039588,84.56851638276098,88.7801861224003,86.76619737196236,84.75220862152443,0.008790400369291351,0.1545971342906852
79,2025-05-16 00:00:00-04:00,2025-05-16,00:00:00,1747368000,86.22613719858636,86.24598562996704,85.56109736820864,85.66036224365234,39506403,0.0,0.0,0.0,37732140,148.865,86.505,85.96,68.5,4.39,86.1616,101.64,83.3,-4300.0,0.328,9434200064,0.5777046,109700000,89.22115,0.8574162099862122,85.95916389543815,86.52618561838325,32.04004124655381,-0.6673611670924657,-0.5154299712905228,-0.15193119580194292,89.22860209952174,86.66990509033204,84.11120808114234,23.50781998563496,14.888311328363926,-76.49218001436505,-61.90372677208283,18.478040035089144,19.6592815334799,41.44811997156635,316051224.0,89.2131234180308,86.89081990039588,84.56851638276098,88.71166004628586,86.72308606742406,84.73451208856227,0.0026722327838659687,0.15449656405122933
80,2025-05-19 00:00:00-04:00,2025-05-19,00:00:00,1747627200,84.28066626359559,85.48169705642789,84.20125739146283,85.41221618652344,39506403,0.0,0.0,0.0,37732140,148.865,86.505,85.96,68.5,4.39,86.1616,101.64,83.3,-4300.0,0.328,9434200064,0.5777046,109700000,89.22115,0.897356555145593,85.85971885745366,86.42009329153946,24.051181571125085,-0.6725093627870109,-0.5468458495898204,-0.1256635131971905,89.2031619376947,86.68803367614746,84.17290541460021,24.949521232493098,22.34996806695213,-75.0504787675069,-113.09563324799159,22.56750364222407,13.431398152512234,50.42748322128634,320001864.3,89.2131234180308,86.70719040474683,84.20125739146283,88.68608105040695,86.70488335715265,84.72368566389835,-0.0028968597683848296,0.15244275778703723
81,2025-05-20 00:00:00-04:00,2025-05-20,00:00:00,1747713600,84.79681396484375,84.96555214879464,84.4295535884383,84.79681396484375,39506403,0.0,0.0,0.0,37732140,148.865,86.505,85.96,68.5,4.39,86.1616,101.64,83.3,-4300.0,0.328,9434200064,0.5777046,109700000,89.22115,0.9060907575682354,85.66646342243367,86.26549526042558,24.407122060517807,-0.7179708401997971,-0.5810708477118157,-0.13689999248798135,89.25707493361429,86.65165710449219,84.04623927537008,13.483221586182031,20.646854268103358,-86.51677841381797,-124.86636766318853,24.672554937913223,13.301927071052368,49.94139080456069,320001864.3,89.2131234180308,86.70719040474683,84.20125739146283,88.63620753583857,86.6576162779117,84.67902501998483,-0.007205084344559909,0.1528982720025073
82,2025-05-21 00:00:00-04:00,2025-05-21,00:00:00,1747800000,84.05237008349769,84.4295508777808,83.13919074606676,83.3476333618164,39506403,0.0,0.0,0.0,37732140,148.865,86.505,85.96,68.5,4.39,86.1616,101.64,83.3,-4300.0,0.328,9434200064,0.5777046,109700000,89.22115,0.9550115418665287,85.24485795686688,85.98760365103423,21.428617956083613,-0.8610109536256658,-0.6370588688945857,-0.22395208473108008,89.49673299828956,86.50128631591797,83.50583963354637,4.719084535334728,14.383942451336614,-95.28091546466527,-163.90450841455788,27.732827271911145,12.62053142663666,51.81882296240114,316051224.0,89.2131234180308,86.17615708204877,83.13919074606676,88.38480255548431,86.49559630929598,84.60639006310764,-0.017090035996260022,0.15194606187161777
83,2025-05-22 00:00:00-04:00,2025-05-22,00:00:00,1747886400,82.9009675397679,83.80422648476048,82.68260448534907,83.78437805175781,39506403,0.0,0.0,0.0,37732140,148.865,86.505,85.96,68.5,4.39,86.1616,101.64,83.3,-4300.0,0.328,9434200064,0.5777046,109700000,89.22115,0.9535934664330057,84.97931615593795,85.77777264157933,28.553042656174583,-0.9284272956748225,-0.6953325542506331,-0.2330947414241894,89.5329513116572,86.32726097106934,83.12157063048147,22.6069753335257,13.60309381834748,-77.3930246664743,-148.33446703943997,30.078791798348483,12.639299241438353,49.665371866520616,312100583.7,89.2131234180308,85.94786395168994,82.68260448534907,88.20914368097341,86.30963731915097,84.41013095732852,0.0052400370871417135,0.15181900743596577
84,2025-05-23 00:00:00-04:00,2025-05-23,00:00:00,1747972800,84.14170289827923,84.19133534008208,83.6851132105133,83.92333984375,39506403,0.0,0.0,0.0,37732140,148.865,86.505,85.96,68.5,4.39,86.1616,101.64,83.3,-4300.0,0.328,9434200064,0.5777046,109700000,89.22115,0.9259422792561561,84.78732046281286,85.601159994167,31.799842944734223,-0.9595807278829227,-0.7481821889770911,-0.2113985389058316,89.41439099839586,86.12804260253907,82.84169420668228,25.458292427753815,17.594784098871408,-74.54170757224618,-108.6339637018688,32.646293918684805,16.00295910575344,45.71201185768271,308149943.4,89.2131234180308,85.94786395168994,82.68260448534907,87.97615820932342,86.11206886755183,84.24797952578024,0.0016585644630118246,0.15143326471268795
85,2025-05-27 00:00:00-04:00,2025-05-27,00:00:00,1748318400,84.71740087292464,85.3923611479943,84.51888626319406,85.09458923339844,39506403,0.0,0.0,0.0,37732140,148.865,86.505,85.96,68.5,4.39,86.1616,101.64,83.3,-4300.0,0.328,9434200064,0.5777046,109700000,89.22115,0.9677721625355774,84.84318751201023,85.5529151598081,39.13043881871424,-0.8796202949357337,-0.7744698101688197,-0.10515048476691402,89.0836771010221,85.95969581604004,82.83571453105797,49.49082222196222,32.518696661080575,-50.509177778037774,-49.788455747431286,34.28854736430095,24.175702821133626,42.34428737875229,304199303.1,89.2131234180308,85.94786395168994,82.68260448534907,87.8716248034478,85.95161649923949,84.03160819503118,0.013956181818181923,0.1521068488682192
86,2025-05-28 00:00:00-04:00,2025-05-28,00:00:00,1748404800,84.77696551016034,84.90599925558703,84.34022425972023,84.72733306884766,39506403,0.0,0.0,0.0,37732140,148.865,86.505,85.96,68.5,4.39,86.1616,101.64,83.3,-4300.0,0.328,9434200064,0.5777046,109700000,89.22115,0.9734442260516423,84.82212306779884,85.47428829400235,34.66186052599576,-0.8362458572354399,-0.7868250195821437,-0.04942083765329619,88.50235364415973,85.73590087890625,82.96944811365277,43.27733591130517,39.408816853673734,-56.72266408869482,-62.31840687862967,36.458947926290556,19.082199898002543,43.40852675928408,296298022.5,89.0548927930252,85.86874863918715,82.68260448534907,87.64446759809526,85.73901679851495,83.83356599893465,-0.004315858010001894,0.151782354350169
87,2025-05-29 00:00:00-04:00,2025-05-29,00:00:00,1748491200,85.13428624823146,85.62065991677477,85.00525250896217,85.511474609375,39506403,0.0,0.0,0.0,37732140,148.865,86.505,85.96,68.5,4.39,86.1616,101.64,83.3,-4300.0,0.328,9434200064,0.5777046,109700000,89.22115,0.9543014026397836,84.94745971172178,85.47782984784736,45.241056405004024,-0.730180566832928,-0.7754961290323006,0.045315562199372605,88.03368043398558,85.5874095916748,83.14113874936402,71.07229864213035,54.61348559179925,-28.927701357869655,-12.986715990431444,37.87939747443041,24.814148081574288,37.36990532142988,292347382.2,88.61827723775284,85.65044086155095,82.68260448534907,87.48540100381662,85.57665589586041,83.6679107879042,0.009254882835627143,0.15146313142655493
88,2025-05-30 00:00:00-04:00,2025-05-30,00:00:00,1748577600,85.45191637364252,85.82910474452154,85.2434737558212,85.64051055908203,39506403,0.0,0.0,0.0,37732140,148.865,86.505,85.96,68.5,4.39,86.1616,101.64,83.3,-4300.0,0.328,9434200064,0.5777046,109700000,89.22115,0.9684813971727836,85.07346895669636,85.49332324891732,45.24100437809735,-0.6284663682009466,-0.7460901768660299,0.11762380866508326,87.62785252010327,85.46780242919922,83.30775233829517,83.00841121642291,65.78601525661948,-16.991588783577082,9.201394188130271,37.954223062156245,25.988179039674396,36.822754849873576,292347382.2,87.5562045585744,85.11940452196174,82.68260448534907,87.32030109572534,85.45026611275918,83.58023112979302,0.0015089898788025469,0.15079458282855548
89,2025-06-02 00:00:00-04:00,2025-06-02,00:00:00,1748836800,84.97300469492805,85.15233599534554,84.4748630383282,84.84349060058594,39506403,0.0,0.32,0.0,37732140,148.865,86.505,85.96,68.5,4.39,86.1616,101.64,83.3,-4300.0,0.328,9434200064,0.5777046,109700000,89.22115,0.9907686684773621,85.03165471013082,85.43143442526672,45.28036881048539,-0.6051936865522265,-0.7179108788032692,0.11271719225104271,87.39269857160811,85.35598831176758,83.31927805192704,60.64145337078545,71.57405440977956,-39.358546629214544,-42.42131932322507,38.76495718528896,25.403576785487935,36.31183328542928,292347382.2,87.5562045585744,85.11940452196174,82.68260448534907,87.20742648563935,85.33497425614588,83.46252202665242,-0.009306576447208892,0.15174151774807446
90,2025-06-03 00:00:00-04:00,2025-06-03,00:00:00,1748923200,85.12244814637799,85.42132857772842,84.57448928734459,84.69404602050781,39506403,0.0,0.0,0.0,37732140,148.865,86.505,85.96,68.5,4.39,86.1616,101.64,83.3,-4300.0,0.328,9434200064,0.5777046,109700000,89.22115,0.9952467883148393,84.97027131201753,85.36120695814682,46.4258762735826,-0.5919848148786429,-0.692725666018344,0.1007408511397011,87.23082048362697,85.26102104187012,83.29122160011327,56.44755510357814,66.69913989692883,-43.55244489642187,-31.470011993528317,37.10696968482075,27.219825125624595,31.233023766636876,292347382.2,87.5562045585744,85.11940452196174,82.68260448534907,87.12190822470885,85.25410594118146,83.38630365765408,-0.0017614148005963282,0.1516710610836314
91,2025-06-04 00:00:00-04:00,2025-06-04,00:00:00,1749009600,85.47114784265996,86.32795211504262,85.33166878446173,86.06891632080078,39506403,0.0,0.0,0.0,37732140,148.865,86.505,85.96,68.5,4.39,86.1616,101.64,83.3,-4300.0,0.328,9434200064,0.5777046,109700000,89.22115,1.0630339145530425,85.17002494997811,85.42860784982815,57.99893964831669,-0.46521345482750576,-0.6472232237801763,0.18200976895267051,87.07995080880735,85.2204044342041,83.36085805960084,92.89407155213848,69.99436000883402,-7.105928447861521,63.51791786007427,35.286517450676804,31.575969011552875,27.24050841182919,292347382.2,87.5562045585744,85.11940452196174,82.68260448534907,87.16309511926698,85.22024252011936,83.27738992097173,0.0162333760741582,0.15394570210949102
92,2025-06-05 00:00:00-04:00,2025-06-05,00:00:00,1749096000,86.35783349237664,86.60690430798675,85.89954410377862,86.1286849975586,39506403,0.0,0.0,0.0,37732140,148.865,86.505,85.96,68.5,4.39,86.1616,101.64,83.3,-4300.0,0.328,9434200064,0.5777046,109700000,89.22115,1.042660698666834,85.34432677681092,85.49528186389772,54.38150637405119,-0.35582171470616686,-0.5889429219653745,0.2331212072592076,86.82346636889275,85.16441345214844,83.50536053540412,87.81389465530877,79.05184043700847,-12.186105344691239,104.5345046212015,32.934044925033156,31.044061287823293,27.772778170758322,292347382.2,87.4073144067018,85.04495944602544,82.68260448534907,87.11069100536253,85.16459799423941,83.2185049831163,0.0006944281316967338,0.15337050693016138
93,2025-06-06 00:00:00-04:00,2025-06-06,00:00:00,1749182400,85.47114295160881,85.61062200182542,84.96303635379795,85.03277587890625,39506403,0.0,0.0,0.0,37732140,148.865,86.505,85.96,68.5,4.39,86.1616,101.64,83.3,-4300.0,0.328,9434200064,0.5777046,109700000,89.22115,1.0677843333016455,85.28768115901006,85.45123367485091,46.44109653286077,-0.35348393672916245,-0.541851124918132,0.18836718818896958,86.67700845338926,85.10226402282714,83.52751959226502,59.887661488044294,80.19854256516385,-40.1123385119557,12.263595686473726,31.204406605237562,26.528955741913673,33.38401234312012,292347382.2,86.66287553057037,84.67274000795973,82.68260448534907,87.03907935436072,85.09255411643086,83.146028878501,-0.012724089758056945,0.15501181868929076
94,2025-06-09 00:00:00-04:00,2025-06-09,00:00:00,1749441600,84.7239293286895,85.32169776438427,84.7239293286895,85.12244415283203,39506403,0.0,0.0,0.0,37732140,148.865,86.505,85.96,68.5,4.39,86.1616,101.64,83.3,-4300.0,0.328,9434200064,0.5777046,109700000,89.22115,1.0062603035520215,85.25763806697769,85.4199203870396,48.3266910857013,-0.34047101262514445,-0.5015751024595345,0.16110408983439006,86.48914973149806,85.03814582824707,83.58714192499608,62.172611109082986,69.95805575081202,-37.82738889091702,4.181781722519594,27.15374123869438,28.15096970443463,27.46972120068849,292347382.2,86.60690430798675,84.6447543966679,82.68260448534907,86.99055544044609,85.0229644654706,83.0553734904951,0.001054514250522276,0.15381008648114575
95,2025-06-10 00:00:00-04:00,2025-06-10,00:00:00,1749528000,85.7799898145482,85.85969430205849,85.20214368165607,85.56080627441406,39506403,0.0,0.0,0.0,37732140,148.865,86.505,85.96,68.5,4.39,86.1616,101.64,83.3,-4300.0,0.328,9434200064,0.5777046,109700000,89.22115,0.9887308429192581,85.31275955923886,85.43333809059908,54.50381487125147,-0.291426632045642,-0.45954540837675606,0.16811877633111405,86.48399098245564,85.0361457824707,83.58830058248576,73.34306549315679,65.13444603009468,-26.65693450684321,68.21071079569286,23.556375063490727,32.536696880056695,27.956738875750315,296298022.5,86.60690430798675,84.6447543966679,82.68260448534907,86.96781536647202,85.01186194882285,83.05590853117369,0.005149783067729841,0.15398317796328445
96,2025-06-11 00:00:00-04:00,2025-06-11,00:00:00,1749614400,85.49106417722474,86.07887525363866,85.391437371352,85.81983947753906,39506403,0.0,0.0,0.0,37732140,148.865,86.505,85.96,68.5,4.39,86.1616,101.64,83.3,-4300.0,0.328,9434200064,0.5777046,109700000,89.22115,0.9194318903128058,85.40495590802071,85.47014774649813,66.95273760681883,-0.2290168289828216,-0.4134396924979692,0.18442286351514758,86.55182822126204,85.06446762084961,83.57710702043718,79.94381504931312,71.81983055051762,-20.056184950686884,89.58789511669154,21.30805724892946,36.69180318089912,20.039344667623833,304199303.1,86.60690430798675,84.6447543966679,82.68260448534907,86.98347819293348,85.03719554832155,83.09091290370962,0.0030274750134333672,0.15373201898897662
97,2025-06-12 00:00:00-04:00,2025-06-12,00:00:00,1749700800,86.56705781433278,86.87590321386773,86.27813473691295,86.84601593017578,39506403,0.0,0.0,0.0,37732140,148.865,86.505,85.96,68.5,4.39,86.1616,101.64,83.3,-4300.0,0.328,9434200064,0.5777046,109700000,89.22115,0.9147491572354676,85.66696682113981,85.6011828116103,69.42442386721719,-0.09565015139868649,-0.3498817842781127,0.2542316328794262,86.8461550350959,85.17238693237304,83.49861882965018,99.06332652225535,84.11673568824175,-0.9366734777446487,168.15427370779656,20.2381060385128,43.10326006261536,16.57665600973296,316051224.0,86.87590321386773,84.77925384960841,82.68260448534907,87.11243512599364,85.12903474046885,83.14563435494406,0.011957333629192934,0.15584959028039047
98,2025-06-13 00:00:00-04:00,2025-06-13,00:00:00,1749787200,86.40765485903266,86.5570912747681,85.46118115349034,86.00914001464844,39506403,0.0,0.0,0.0,37732140,148.865,86.505,85.96,68.5,4.39,86.1616,101.64,83.3,-4300.0,0.328,9434200064,0.5777046,109700000,89.22115,0.9775072034580857,85.72918012905046,85.64003587856631,62.15669638807515,-0.05682989126630389,-0.29127140567575094,0.23444151440944705,86.91331495448898,85.20124053955078,83.48916612461258,65.81731303950899,81.60815153702582,-34.18268696049102,87.52562768762206,18.740044274083857,37.50725051884852,21.48205637680373,323952504.6,86.87590321386773,84.77925384960841,82.68260448534907,87.18613816749684,85.163512826965,83.14088748643317,-0.009636319024699858,0.15652679572395806
99,2025-06-16 00:00:00-04:00,2025-06-16,00:00:00,1750046400,85.76007052986702,86.1087681737737,85.14237213134766,85.14237213134766,39506403,0.0,0.0,0.0,37732140,148.865,86.505,85.96,68.5,4.39,86.1616,101.64,83.3,-4300.0,0.328,9434200064,0.5777046,109700000,89.22115,0.9416053990424962,85.62248776583178,85.59263933121215,50.288741790245204,-0.09491140018639044,-0.25199940457787884,0.1570880043914884,86.87378932720632,85.17534103393555,83.47689274066478,31.63444135210365,65.50502697128933,-68.36555864789635,33.94988359460585,17.457883623287632,29.826561977914473,24.719561058280487,327903144.9,86.87590321386773,84.77925384960841,82.68260448534907,87.18348711576279,85.14561394687568,83.10774077798858,-0.010077625275094704,0.15767697098908362
100,2025-06-17 00:00:00-04:00,2025-06-17,00:00:00,1750132800,85.6803632967734,86.33791391940981,85.43129247323625,86.17850494384766,39506403,0.0,0.0,0.0,37732140,148.865,86.505,85.96,68.5,4.39,86.1616,101.64,83.3,-4300.0,0.328,9434200064,0.5777046,109700000,89.22115,0.9731180286413499,85.7235817981983,85.64843605622505,58.113263561632614,-0.041011259452133686,-0.2098017755527298,0.16879051610059612,86.96824760869944,85.21365547180176,83.45906333490407,70.95432733176311,56.13536057445858,-29.045672668236882,80.03018690426941,15.743702263306302,30.542653865686724,22.607653274580894,335804425.5,86.87590321386773,84.77925384960841,82.68260448534907,87.20467315438472,85.19315629191036,83.18163942943599,0.012169414435641679,0.15954412727024792
101,2025-06-18 00:00:00-04:00,2025-06-18,00:00:00,1750219200,86.55709042650015,86.76630900751786,86.02906149330714,86.32794952392578,39506403,0.0,0.0,0.0,37732140,148.865,86.505,85.96,68.5,4.39,86.1616,101.64,83.3,-4300.0,0.328,9434200064,0.5777046,109700000,89.22115,0.9619695048044647,85.83346683923966,85.7131516245775,54.91348588125211,0.013607065282670305,-0.1651200073856498,0.1787270726683201,87.10094022376094,85.29021224975585,83.47948427575076,77.17848724381221,59.92241864255965,-22.821512756187786,107.05879474349406,15.117735901163902,28.77102952598437,22.869659461023293,347656346.4,86.87590321386773,84.77925384960841,82.68260448534907,87.26232165137517,85.27534629728825,83.28837094320133,0.0017341282513023693,0.15831911697021506
102,2025-06-20 00:00:00-04:00,2025-06-20,00:00:00,1750392000,85.81984331791224,86.46742898662116,85.63054705755651,86.16854095458984,39506403,0.0,0.0,0.0,37732140,148.865,86.505,85.96,68.5,4.39,86.1616,101.64,83.3,-4300.0,0.328,9434200064,0.5777046,109700000,89.22115,0.9799160005447719,85.89438940566696,85.75652203695964,53.16607410470689,0.0435277806659542,-0.12339044977532902,0.16691823044128323,87.03217628841375,85.43125762939454,83.83033897037532,70.53934097046354,72.8907185153463,-29.460659029536462,74.22390766751188,14.073388870527618,26.72470026461889,25.355690341710208,359508267.3,86.87590321386773,84.77925384960841,82.68260448534907,87.302749889289,85.39784866417331,83.49294743905762,-0.0018465464570284196,0.15834753611023183
103,2025-06-23 00:00:00-04:00,2025-06-23,00:00:00,1750651200,86.60690347579293,87.11501006304589,86.44749450683594,86.44749450683594,39506403,0.0,0.0,0.0,37732140,148.865,86.505,85.96,68.5,4.39,86.1616,101.64,83.3,-4300.0,0.328,9434200064,0.5777046,109700000,89.22115,0.9642603996663581,85.99495396951586,85.82232893885262,60.25470934259431,0.08872659853101084,-0.08096704011406106,0.1696936386450719,87.02547890411725,85.56441345214844,84.10334800017964,73.72524709916276,73.81435843781283,-26.27475290083724,131.05428757136255,14.44207766362826,31.955621663032485,20.073799695472687,371360188.2,87.11501006304589,85.40006163677958,83.6851132105133,87.44754776777432,85.56016183175416,83.67277589573399,0.0032373015622151335,0.15798634820876564
104,2025-06-24 00:00:00-04:00,2025-06-24,00:00:00,1750737600,86.14862099150409,87.26445345942152,86.10876874607294,87.07516479492188,39506403,0.0,0.0,0.0,37732140,148.865,86.505,85.96,68.5,4.39,86.1616,101.64,83.3,-4300.0,0.328,9434200064,0.5777046,109700000,89.22115,0.9863207870209832,86.19135593777149,85.94164663943064,64.34574524808508,0.1731982127337801,-0.030133989544492833,0.20333220227827295,87.11616018573608,85.72200469970703,84.32784921367798,92.54922784594449,78.93793863852359,-7.450772154055506,136.018980850967,14.954885174838024,29.29286831234435,22.0778474138063,383212109.1,87.26445345942152,85.80233885957088,84.34022425972023,87.65663733625347,85.70430514185533,83.75197294745719,0.007260711159608135,0.15862072918552636
105,2025-06-25 00:00:00-04:00,2025-06-25,00:00:00,1750824000,86.78623857910183,87.18475341796875,86.47739318947318,87.18475341796875,39506403,0.0,0.0,0.0,37732140,148.865,86.505,85.96,68.5,4.39,86.1616,101.64,83.3,-4300.0,0.328,9434200064,0.5777046,109700000,89.22115,0.9201389394467522,86.37197366144372,86.06003776119618,57.93200994870537,0.24614802042647455,0.025122412449700645,0.2210256079767739,87.33159024884785,85.82651290893554,84.32143556902324,96.86285044536056,87.7124417968226,-3.137149554639445,135.10258985726003,14.531889241350921,24.361845323081827,23.66581708845804,395064030.0,87.26445345942152,85.80233885957088,84.34022425972023,87.67782228502567,85.80165619820241,83.92549011137915,0.0012585520028010055,0.15599006451651992
106,2025-06-26 00:00:00-04:00,2025-06-26,00:00:00,1750910400,87.2644529338692,87.62311553955078,86.87590304455391,87.62311553955078,39506403,0.0,0.0,0.0,37732140,148.865,86.505,85.96,68.5,4.39,86.1616,101.64,83.3,-4300.0,0.328,9434200064,0.5777046,109700000,89.22115,0.9229855316459482,86.59945400291772,86.20890231151567,60.08067504364151,0.3354663806489242,0.08719120608954536,0.24827517455937884,87.58442462913676,85.9713020324707,84.35817943580464,100.0,96.47069276376835,-0.0,166.0439925874611,14.41495072750361,25.520361975723176,23.59282902092954,410866591.2,87.62311553955078,86.04898928893948,84.4748630383282,87.81291666281588,85.93746582386075,84.06201498490562,0.005027967670912625,0.1549578594236006
107,2025-06-27 00:00:00-04:00,2025-06-27,00:00:00,1750996800,87.24452446647862,87.83233554034541,86.91574916758896,87.06519317626953,39506403,0.0,0.0,0.0,37732140,148.865,86.505,85.96,68.5,4.39,86.1616,101.64,83.3,-4300.0,0.328,9434200064,0.5777046,109700000,89.22115,0.905195369431363,86.68413385261805,86.29045382244462,64.78257829589684,0.35711554693584446,0.14117607425880518,0.21593947267703928,87.71756667763746,86.04898796081542,84.38040924399338,75.32039534603791,90.72774859713282,-24.679604653962077,134.6770660176078,15.370746435416025,27.67286962459852,16.666566439796615,422718512.1,87.83233554034541,86.1535992893368,84.4748630383282,87.90984079611701,86.03206400467894,84.15428721324088,-0.006367296572893699,0.15428603244300843
108,2025-06-30 00:00:00-04:00,2025-06-30,00:00:00,1751256000,87.5334472097562,88.11129332069973,87.28437639652584,87.9219970703125,39506403,0.0,0.0,0.0,37732140,148.865,86.505,85.96,68.5,4.39,86.1616,101.64,83.3,-4300.0,0.328,9434200064,0.5777046,109700000,89.22115,0.9372190629124647,86.90919989219886,86.44583889367013,68.31807920829644,0.43835648019613416,0.20061215544627098,0.23774432474986318,88.01584319705293,86.16306228637696,84.31028137570098,93.62407291018253,89.64815608540681,-6.375927089817465,159.22736456585218,17.697755638500265,28.85334932581232,14.27477520767241,434570433.0,88.11129332069973,86.29307817951397,84.4748630383282,88.06596400715856,86.1421403001475,84.21831659313645,0.009840946339007228,0.15576073518700098
109,2025-07-01 00:00:00-04:00,2025-07-01,00:00:00,1751342400,88.12999725341797,88.30999755859375,87.66000366210938,88.13999938964844,39506403,0.0,0.328,0.0,37732140,148.865,86.505,85.96,68.5,4.39,86.1616,101.64,83.3,-4300.0,0.328,9434200064,0.5777046,109700000,89.22115,0.9309864734308876,87.13298161900786,86.60718751233473,67.37733164457019,0.5144017669972811,0.26337007775647303,0.2510316892408081,88.27072605134181,86.32788772583008,84.38504940031835,94.63326163873145,87.85924329831731,-5.366738361268537,160.42287399233894,19.26988219927446,26.443340792372926,14.370339231801943,450372994.2,88.30999755859375,86.44224342296917,84.57448928734459,88.17505382766647,86.30279548308236,84.43053713849825,0.002479496901800271,0.15553021458136018
110,2025-07-02 00:00:00-04:00,2025-07-02,00:00:00,1751428800,87.19000244140625,87.58999633789062,87.0999984741211,87.58000183105469,39506403,0.0,0.0,0.0,37732140,148.865,86.505,85.96,68.5,4.39,86.1616,101.64,83.3,-4300.0,0.328,9434200064,0.5777046,109700000,89.22115,0.9561695472337937,87.21425802119819,86.69983649506997,61.396904812715874,0.5234471093382922,0.3153854840728369,0.2080616252654553,88.33095492098752,86.47218551635743,84.61341611172733,76.95448075204668,88.40393843365355,-23.04551924795333,93.1254078687613,18.17565374558233,24.109546712862524,18.175258300953516,466175555.4,88.30999755859375,86.51696344364163,84.7239293286895,88.32070553613892,86.42913102904046,84.53755652194201,-0.006353500822233071,0.1541678072473948
111,2025-07-03 00:00:00-04:00,2025-07-03,00:00:00,1751515200,87.16999816894531,87.29000091552734,86.8499984741211,86.97000122070312,39506403,0.0,0.0,0.0,37732140,148.865,86.505,85.96,68.5,4.39,86.1616,101.64,83.3,-4300.0,0.328,9434200064,0.5777046,109700000,89.22115,0.9328795201341455,87.16984769383545,86.72556646893979,50.84852491063624,0.47590768944252204,0.34748992514677396,0.12841776429574808,88.37853299058375,86.51723976135254,84.65594653212133,57.69713406248269,76.42829215108694,-42.30286593751731,51.31115501959298,15.353702412549074,18.608788306526847,20.54321310798899,478027476.3,88.30999755859375,86.51696344364163,84.7239293286895,88.28667298554623,86.4854887522079,84.68430451886957,-0.006965067339554043,0.14212457266037895
112,2025-07-07 00:00:00-04:00,2025-07-07,00:00:00,1751860800,86.54000091552734,86.55999755859375,85.91999816894531,86.13999938964844,39506403,0.0,0.0,0.0,37732140,148.865,86.505,85.96,68.5,4.39,86.1616,101.64,83.3,-4300.0,0.328,9434200064,0.5777046,109700000,89.22115,0.9089629683536009,86.98260254761962,86.66979817567395,50.89641288509902,0.3670272834635,0.35139739681011917,0.01562988665338083,88.37860827304307,86.51780548095704,84.657002688871,31.49448320877099,55.38203267443345,-68.50551679122901,-25.92408158328971,13.913034832430613,19.098421068918007,21.97209354559336,485928756.9,88.30999755859375,86.51696344364163,84.7239293286895,88.32068496543226,86.48523644733896,84.64978792924566,-0.009543541674196354,0.13816038433471997
113,2025-07-08 00:00:00-04:00,2025-07-08,00:00:00,1751947200,85.56999969482422,86.04000091552734,85.44000244140625,86.02999877929688,39506403,0.0,0.0,0.0,37732140,148.865,86.505,85.96,68.5,4.39,86.1616,101.64,83.3,-4300.0,0.328,9434200064,0.5777046,109700000,89.22115,0.8899344616261828,86.80940186247003,86.6088648998285,56.78376137448966,0.26876449751497944,0.3348708169510912,-0.06610631943611178,88.310634945946,86.56766662597656,84.82469830600711,20.797764561084566,36.66312727744608,-79.20223543891544,-66.24249855784169,13.942797248069754,19.50678196453823,23.735627611859385,493830037.5,88.30999755859375,86.51696344364163,84.7239293286895,88.30584592757542,86.51696257903396,84.7280792304925,-0.0012769980395981317,0.13759153168404448
114,2025-07-09 00:00:00-04:00,2025-07-09,00:00:00,1752033600,86.19000244140625,86.93000030517578,86.18000030517578,86.93000030517578,39506403,0.0,0.0,0.0,37732140,148.865,86.505,85.96,68.5,4.39,86.1616,101.64,83.3,-4300.0,0.328,9434200064,0.5777046,109700000,89.22115,0.8688244428988077,86.83132885205288,86.6394492241473,55.86541347294407,0.2605101345483263,0.31999868047053825,-0.05948854592221198,88.26784748902026,86.65804443359374,85.04824137816723,51.91639020033176,34.7362126567291,-48.083609799668245,8.92021274808881,13.034634434512025,25.413811567636706,24.312337380429643,501731318.1,88.30999755859375,86.7261848449707,85.14237213134766,88.41726806442087,86.598161406861,84.77905474930112,0.010461484815172284,0.12709594930685483
115,2025-07-10 00:00:00-04:00,2025-07-10,00:00:00,1752120000,86.83000183105469,87.05999755859375,86.48999786376953,86.98999786376953,39506403,0.0,0.0,0.0,37732140,148.865,86.505,85.96,68.5,4.39,86.1616,101.64,83.3,-4300.0,0.328,9434200064,0.5777046,109700000,89.22115,0.8568781700854861,86.86017776327408,86.67283480887322,55.24045104499821,0.25586039462413623,0.3071710233012579,-0.05131062867712166,88.25911318150456,86.72950401306153,85.1998948446185,54.0069010250521,42.240351928822804,-45.9930989749479,21.883872894740584,12.422612056687882,23.28070461903345,24.651290834042722,509632598.7,88.30999755859375,86.7261848449707,85.14237213134766,88.46583216944738,86.66345055732774,84.86106894520809,0.0006901824270462154,0.12665010398882665
116,2025-07-11 00:00:00-04:00,2025-07-11,00:00:00,1752206400,86.2300033569336,86.2699966430664,85.63999938964844,85.79000091552734,39506403,0.0,0.0,0.0,37732140,148.865,86.505,85.96,68.5,4.39,86.1616,101.64,83.3,-4300.0,0.328,9434200064,0.5777046,109700000,89.22115,0.8935293518752323,86.66560015459285,86.58875539045933,47.427452672097694,0.1535753957397077,0.27645189778894785,-0.12287650204924017,88.26141057918896,86.72801208496094,85.19461359073291,12.195089532559228,39.37279358598103,-87.80491046744078,-93.31146130448636,12.94424082989711,22.325766389645853,27.249288361240033,513583239.0,88.30999755859375,86.7261848449707,85.14237213134766,88.53891897605938,86.67028130475629,84.8016436334532,-0.013794654301767406,0.12902137375892297
117,2025-07-14 00:00:00-04:00,2025-07-14,00:00:00,1752465600,85.54000091552734,85.87999725341797,85.31999969482422,85.61000061035156,39506403,0.0,0.0,0.0,37732140,148.865,86.505,85.96,68.5,4.39,86.1616,101.64,83.3,-4300.0,0.328,9434200064,0.5777046,109700000,89.22115,0.8659242411707828,86.4736729647308,86.49554064949669,44.23082178677817,0.05732843043742264,0.2326272043186428,-0.17529877388122017,88.27724988764191,86.66621131896973,85.05517275029754,9.699034204717979,25.300341587443096,-90.30096579528202,-111.01654753342866,13.238593225108897,17.69571485170663,30.757599577483735,513583239.0,88.30999755859375,86.7261848449707,85.14237213134766,88.43614475291317,86.61711369938357,84.79808264585397,-0.0020981501719882223,0.12885652535651973
118,2025-07-15 00:00:00-04:00,2025-07-15,00:00:00,1752552000,85.88999938964844,85.91000366210938,84.9000015258789,85.01000213623047,39506403,0.0,0.0,0.0,37732140,148.865,86.505,85.96,68.5,4.39,86.1616,101.64,83.3,-4300.0,0.328,9434200064,0.5777046,109700000,89.22115,0.8555183428052037,86.20755099591254,86.35406079109039,35.719433303894846,-0.06659517769725198,0.17278272791546384,-0.23937790561271582,88.36883071601275,86.61625442504882,84.86367813408489,3.225828103500352,8.373317280259181,-96.77417189649965,-134.2036622158609,14.232128007820261,17.91095256320834,31.810268598608143,513583239.0,88.30999755859375,86.60499954223633,84.9000015258789,88.36187140355621,86.5803236140721,84.79877582458799,-0.007008509167660826,0.1290243238340001
119,2025-07-16 00:00:00-04:00,2025-07-16,00:00:00,1752638400,85.27999877929688,85.66000366210938,84.19000244140625,85.12999725341797,39506403,0.0,0.0,0.0,37732140,148.865,86.505,85.96,68.5,4.39,86.1616,101.64,83.3,-4300.0,0.328,9434200064,0.5777046,109700000,89.22115,0.9099926993914573,86.01163213364079,86.23748331131206,35.811813891642956,-0.15335514420721097,0.10755515349092888,-0.26091029769813984,88.37041028488147,86.61563568115234,84.86086107742321,22.81543509821931,11.913432468812543,-77.18456490178069,-154.37396836577298,16.67353890850846,16.838759767178043,35.47906519382816,517533879.3,88.30999755859375,86.25,84.19000244140625,88.38867343672499,86.55676512941318,84.72485682210137,0.0014115411618882412,0.1278733241501077
120,2025-07-17 00:00:00-04:00,2025-07-17,00:00:00,1752724800,85.22000122070312,85.48999786376953,84.98999786376953,85.11000061035156,39506403,0.0,0.0,0.0,37732140,148.865,86.505,85.96,68.5,4.39,86.1616,101.64,83.3,-4300.0,0.328,9434200064,0.5777046,109700000,89.22115,0.8923346640345378,85.84769912940638,86.13010400645868,31.582737594029524,-0.221177013777762,0.0418087200371907,-0.2629857338149527,88.43417142231289,86.56221046447754,84.6902495066422,22.330079108767148,16.123780770162266,-77.66992089123286,-122.56993026068419,19.620136472336217,13.663024574787224,36.18114549270449,517533879.3,88.30999755859375,86.25,84.19000244140625,88.27982400794204,86.51746987943645,84.75511575093086,-0.00023489538014287437,0.12272693314071896
121,2025-07-18 00:00:00-04:00,2025-07-18,00:00:00,1752811200,85.43000030517578,85.45999908447266,85.0999984741211,85.23999786376953,39506403,0.0,0.0,0.0,37732140,148.865,86.505,85.96,68.5,4.39,86.1616,101.64,83.3,-4300.0,0.328,9434200064,0.5777046,109700000,89.22115,0.852578538148474,85.73720799019968,86.04533199286925,35.729045620381356,-0.26142311913699245,-0.018837647797645928,-0.24258547133934652,88.46951545637461,86.50781288146973,84.54611030656486,25.485355989452163,23.54362339881287,-74.51464401054784,-102.26111069158743,21.434542239400685,12.547303723790126,37.86828880038584,517533879.3,88.30999755859375,86.25,84.19000244140625,88.18671057418301,86.46208113606333,84.73745169794365,0.0015274028020881847,0.1222254608154705
122,2025-07-21 00:00:00-04:00,2025-07-21,00:00:00,1753070400,86.22000122070312,86.51000213623047,85.95999908447266,86.0,39506403,0.0,0.0,0.0,37732140,148.865,86.505,85.96,68.5,4.39,86.1616,101.64,83.3,-4300.0,0.328,9434200064,0.5777046,109700000,89.22115,0.8685716901506696,85.78498835561791,86.04101466021504,34.74118402403421,-0.22934883618196977,-0.0609398854745107,-0.16840895070745907,88.46865841616057,86.49938583374023,84.5301132513199,43.93203164350686,30.58248891390872,-56.06796835649314,-26.54363156334582,21.38878586940723,18.657099091076184,37.171013830783096,521484519.6,88.30999755859375,86.25,84.19000244140625,88.23341421222158,86.46547253976226,84.69753086730294,0.008916027161862461,0.12196482885929102
