,datetime,date,time,timestamp,open,high,low,close,volume,Capital Gains,Dividends,Stock Splits,average_volume,day_high,day_low,dividend_frequency,dividend_yield,fifty_day_average,fifty_two_week_high,fifty_two_week_low,latest_dividend_amount,two_hundred_day_average,atr,ema_short,ema_long,rsi,macd,macd_signal,macd_histogram,bb_upper,bb_middle,bb_lower,stoch_k,stoch_d,williams_r,cci,adx,plus_di,minus_di,obv,donchian_upper,donchian_middle,donchian_lower,keltner_upper,keltner_middle,keltner_lower,returns,volatility
0,2025-01-23 00:00:00-05:00,2025-01-23,00:00:00,1737608400,29.40999984741211,29.489999771118164,29.31999969482422,29.3799991607666,2401248,0.0,0.0,0.0,1247024,27.32,27.19,2.0,4.8,27.3596,30.69,26.81,1.317,28.60725,,29.3799991607666,29.3799991607666,,0.0,0.0,0.0,,,,,,,,,,,,,,,,,,,
1,2025-01-24 00:00:00-05:00,2025-01-24,00:00:00,1737694800,29.239999771118164,29.260000228881836,29.139999389648438,29.200000762939453,2401248,0.0,0.0,0.0,1247024,27.32,27.19,2.0,4.8,27.3596,30.69,26.81,1.317,28.60725,,29.347272179343484,29.362856456211635,,-0.014358846550315718,-0.0028717693100631437,-0.011487077240252575,,,,,,,,,,,,,,,,,,-0.006126562388317325,
2,2025-01-27 00:00:00-05:00,2025-01-27,00:00:00,1737954000,29.1200008392334,29.219999313354492,29.1200008392334,29.209999084472656,2401248,0.0,0.0,0.0,1247024,27.32,27.19,2.0,4.8,27.3596,30.69,26.81,1.317,28.60725,,29.322313434821513,29.348298611284115,,-0.024647434619279096,-0.007226902371906334,-0.017420532247372764,,,,,,,,,,,,,,,,,,0.0003424082627385694,
3,2025-01-28 00:00:00-05:00,2025-01-28,00:00:00,1738040400,29.31999969482422,29.3700008392334,29.309999465942383,29.329999923706055,2401248,0.0,0.0,0.0,1247024,27.32,27.19,2.0,4.8,27.3596,30.69,26.81,1.317,28.60725,,29.323710978255065,29.346555879133824,,-0.022854695251620427,-0.010352460947849154,-0.012502234303771273,,,,,,,,,,,,,,,,,,0.004108210989201666,
4,2025-01-29 00:00:00-05:00,2025-01-29,00:00:00,1738126800,29.40999984741211,29.43000030517578,29.34000015258789,29.389999389648438,2401248,0.0,0.0,0.0,1247024,27.32,27.19,2.0,4.8,27.3596,30.69,26.81,1.317,28.60725,,29.33576341669022,29.350693356325692,,-0.01640339281999914,-0.011562647322279152,-0.004840745497719989,,,,,,,,,,,,,,,,,,0.00204566880662993,
5,2025-01-30 00:00:00-05:00,2025-01-30,00:00:00,1738213200,29.299999237060547,29.440000534057617,29.280000686645508,29.389999389648438,2401248,0.0,0.0,0.0,1247024,27.32,27.19,2.0,4.8,27.3596,30.69,26.81,1.317,28.60725,,29.34562450268262,29.354436788070714,,-0.011162020341433987,-0.011482521926110118,0.00032050158467613124,,,,,,,,,,,,,,,,,,0.0,
6,2025-01-31 00:00:00-05:00,2025-01-31,00:00:00,1738299600,29.469999313354492,29.520000457763672,29.31999969482422,29.510000228881836,2401248,0.0,0.0,0.0,1247024,27.32,27.19,2.0,4.8,27.3596,30.69,26.81,1.317,28.60725,,29.375510998355207,29.369252353862247,,0.002644387098754919,-0.00865714012113711,0.011301527219892029,,,,,,,,,,,,,,,,,,0.004083050075722738,
7,2025-02-03 00:00:00-05:00,2025-02-03,00:00:00,1738558800,29.729999542236328,29.780000686645508,29.540000915527344,29.639999389648438,2401248,0.0,0.0,0.0,1247024,27.32,27.19,2.0,4.8,27.3596,30.69,26.81,1.317,28.60725,,29.423599796772155,29.395037785841886,,0.023801540942411492,-0.0021654039084273895,0.02596694485083888,,,,,,,,,,,,,,,,,,0.004405257870495394,
8,2025-02-04 00:00:00-05:00,2025-02-04,00:00:00,1738645200,29.489999771118164,29.510000228881836,29.3700008392334,29.3700008392334,2401248,0.0,0.0,0.0,1247024,27.32,27.19,2.0,4.8,27.3596,30.69,26.81,1.317,28.60725,,29.413854531765107,29.392653314736314,,0.01856807009230721,0.0019812908917195304,0.016586779200587678,,,,,,,,,,,,,,,,,,-0.009109263022094916,
9,2025-02-05 00:00:00-05:00,2025-02-05,00:00:00,1738731600,29.260000228881836,29.31999969482422,29.209999084472656,29.31999969482422,2401248,0.0,0.0,0.0,1247024,27.32,27.19,2.0,4.8,27.3596,30.69,26.81,1.317,28.60725,,29.39679001595767,29.385733922363734,,0.01026747519884097,0.0036385277531438185,0.006628947445697151,,,,,,,,,,,,,,,,,,-0.0017024563493504008,
10,2025-02-06 00:00:00-05:00,2025-02-06,00:00:00,1738818000,29.3799991607666,29.40999984741211,29.290000915527344,29.299999237060547,2401248,0.0,0.0,0.0,1247024,27.32,27.19,2.0,4.8,27.3596,30.69,26.81,1.317,28.60725,,29.37919169252183,29.377568714239622,,0.0020516737347975322,0.0033211569494745615,-0.0012694832146770293,,,,,,,,,,,,,,,,,,-0.0006821438598856311,
11,2025-02-07 00:00:00-05:00,2025-02-07,00:00:00,1738904400,29.31999969482422,29.489999771118164,29.309999465942383,29.43000030517578,2401248,0.0,0.0,0.0,1247024,27.32,27.19,2.0,4.8,27.3596,30.69,26.81,1.317,28.60725,,29.388429622095273,29.382562199090685,,0.005961866924753423,0.003849298944530334,0.002112567980223089,,,,,,,,,,,,,,,,,,0.00443689663823621,
12,2025-02-10 00:00:00-05:00,2025-02-10,00:00:00,1739163600,29.510000228881836,29.530000686645508,29.469999313354492,29.520000457763672,2401248,0.0,0.0,0.0,1247024,27.32,27.19,2.0,4.8,27.3596,30.69,26.81,1.317,28.60725,,29.4123515922168,29.39565155705954,,0.01613696644611906,0.0063068324448480794,0.00983013400127098,,,,,,,,,,,,,,,,,,0.003058109128597719,
13,2025-02-11 00:00:00-05:00,2025-02-11,00:00:00,1739250000,29.459999084472656,29.479999542236328,29.360000610351562,29.420000076293945,2401248,0.0,0.0,0.0,1247024,27.32,27.19,2.0,4.8,27.3596,30.69,26.81,1.317,28.60725,0.17142868041992188,29.413742225685372,29.397970463653294,51.562537252938505,0.01594777505420808,0.00823502096672008,0.007712754087488,,,,45.45444036644221,,-54.54555963355779,,,31.666735543101282,29.166600439325684,,,,,,,,-0.0033875467452245678,
14,2025-02-12 00:00:00-05:00,2025-02-12,00:00:00,1739336400,29.489999771118164,29.540000915527344,29.329999923706055,29.440000534057617,2401248,0.0,0.0,0.0,1247024,27.32,27.19,2.0,4.8,27.3596,30.69,26.81,1.317,28.60725,0.174285888671875,29.41851646357123,29.401973327501327,52.30774648093971,0.017213285266148404,0.010030673826605746,0.007182611439542658,,,,48.48481345548074,,-51.51518654451927,,,33.60666758386072,28.688448983165323,,,,,,,,0.0006798252111421821,
15,2025-02-13 00:00:00-05:00,2025-02-13,00:00:00,1739422800,29.3799991607666,29.399999618530273,29.170000076293945,29.200000762939453,2401248,0.0,0.0,0.0,1247024,27.32,27.19,2.0,4.8,27.3596,30.69,26.81,1.317,28.60725,0.17642879486083984,29.37878633618363,29.3827378451621,50.0,-0.0011366618110315585,0.007797206699078286,-0.008933868510109844,,,,12.121203363870185,35.35348572859771,-87.87879663612982,,,33.1984806095477,27.53026464235714,,,,,,,,-0.008152165990639837,
16,2025-02-14 00:00:00-05:00,2025-02-14,00:00:00,1739509200,29.079999923706055,29.1200008392334,29.059999465942383,29.1200008392334,2401248,0.0,0.0,0.0,1247024,27.32,27.19,2.0,4.8,27.3596,30.69,26.81,1.317,28.60725,0.17928613935198104,29.33173442764722,29.357715273168893,46.85321307718881,-0.021882207858752167,0.0018613237875121959,-0.023743531646264363,,,,8.3335099393888,22.979842252913244,-91.6664900606112,,,32.669385075298294,30.677236341972357,,,,,,,,-0.0027397233430072054,
17,2025-02-18 00:00:00-05:00,2025-02-18,00:00:00,1739854800,29.170000076293945,29.209999084472656,29.139999389648438,29.18000030517578,2401248,0.0,0.0,0.0,1247024,27.32,27.19,2.0,4.8,27.3596,30.69,26.81,1.317,28.60725,0.174285888671875,29.304146405379683,29.34079003812193,44.52556472103303,-0.03310018872856091,-0.005130978715702425,-0.027969210012858483,,,,16.6667549696944,12.373822757651128,-83.3332450303056,,,31.147519198539158,31.557364234434797,,,,,,,,0.0020604211611678913,
18,2025-02-19 00:00:00-05:00,2025-02-19,00:00:00,1739941200,29.219999313354492,29.290000915527344,29.190000534057617,29.209999084472656,2401248,0.0,0.0,0.0,1247024,27.32,27.19,2.0,4.8,27.3596,30.69,26.81,1.317,28.60725,0.17500019073486328,29.287028710669315,29.328333756822,43.28357146720642,-0.039118929936453384,-0.011928568959852618,-0.027190360976600766,,,,20.8332450303056,15.277836646462935,-79.1667549696944,,,31.836805871824758,31.428555858395473,,,,,,,,0.001028059595035602,
19,2025-02-20 00:00:00-05:00,2025-02-20,00:00:00,1740027600,29.1299991607666,29.139999389648438,28.979999542236328,28.979999542236328,2401248,0.0,0.0,0.0,1247024,27.32,27.19,2.0,4.8,27.3596,30.69,26.81,1.317,28.60725,0.18000016893659318,29.23120522549968,29.295159069718604,36.94267748064709,-0.061736209979304846,-0.021890097163743065,-0.03984611281556178,29.63772740654556,29.326999950408936,29.01627249427231,0.0,12.5,-100.0,-168.6633966493425,,30.952454838643757,36.507980959834455,6843556.8,29.780000686645508,29.380000114440918,28.979999542236328,29.674000295003253,29.329000027974445,28.983999760945636,-0.007874000323354724,
20,2025-02-21 00:00:00-05:00,2025-02-21,00:00:00,1740114000,29.09000015258789,29.110000610351562,29.040000915527344,29.079999923706055,2401248,0.0,0.0,0.0,1247024,27.32,27.19,2.0,4.8,27.3596,30.69,26.81,1.317,28.60725,0.17500019073486328,29.203713352446293,29.274667722479315,36.12901558612237,-0.0707755162206567,-0.031667180975125796,-0.0391083352455309,29.640415640393716,29.311999988555907,28.9835843367181,12.500029802279755,11.111091610861786,-87.49997019772024,-123.37913563587061,,28.571506422308325,37.55106044575857,7203744.0,29.780000686645508,29.380000114440918,28.979999542236328,29.65400044123332,29.31300007502238,28.971999708811442,0.0034506688422815124,
21,2025-02-24 00:00:00-05:00,2025-02-24,00:00:00,1740373200,29.09000015258789,29.1299991607666,29.040000915527344,29.100000381469727,2401248,0.0,0.0,0.0,1247024,27.32,27.19,2.0,4.8,27.3596,30.69,26.81,1.317,28.60725,0.1621428898402623,29.18485644863237,29.258032737621257,31.250041392099078,-0.07545555705856444,-0.040424856191813525,-0.03503070086675091,29.645485760156298,29.306999969482423,28.968514178808547,21.428668742038543,11.30956618143943,-78.57133125796146,-108.4110944717025,,20.264356786714774,40.52871357342955,7804056.0,29.780000686645508,29.380000114440918,28.979999542236328,29.63350028991699,29.307500076293945,28.981499862670898,0.0006877736525496836,
22,2025-02-25 00:00:00-05:00,2025-02-25,00:00:00,1740459600,29.030000686645508,29.06999969482422,28.969999313354492,28.989999771118164,2401248,0.0,0.0,0.0,1247024,27.32,27.19,2.0,4.8,27.3596,30.69,26.81,1.317,28.60725,0.1521430696759905,29.149427961811604,29.232505788430487,35.15623835849141,-0.0870373407965559,-0.049747353112762,-0.03728998768379389,29.66101765702732,29.296000003814697,28.930982350602076,3.5088423764827925,12.479180306933698,-96.49115762351721,-134.388082783086,,21.596260527340867,38.497763569692005,8164243.2,29.780000686645508,29.375,28.969999313354492,29.62783387502035,29.29883340199789,28.96983292897543,-0.0037800896532499406,
23,2025-02-26 00:00:00-05:00,2025-02-26,00:00:00,1740546000,29.06999969482422,29.100000381469727,28.979999542236328,29.049999237060547,2401248,0.0,0.0,0.0,1247024,27.32,27.19,2.0,4.8,27.3596,30.69,26.81,1.317,28.60725,0.14928586142403738,29.131350011856863,29.21512421210954,39.53487340536896,-0.0903332271736943,-0.057864527924948464,-0.03246869924874583,29.662669829890554,29.28199996948242,28.901330109074287,14.035034884304572,12.990848667608637,-85.96496511569542,-104.14420121129892,,23.44503327818151,31.579000203511164,8524430.4,29.780000686645508,29.375,28.969999313354492,29.609167098999023,29.284166717529295,28.959166336059567,0.0020696607939321154,
24,2025-02-27 00:00:00-05:00,2025-02-27,00:00:00,1740632400,29.219999313354492,29.290000915527344,29.190000534057617,29.260000228881836,2401248,0.0,0.0,0.0,1247024,27.32,27.19,2.0,4.8,27.3596,30.69,26.81,1.317,28.60725,0.15785748617989676,29.154740960406855,29.219398118468806,48.64868347967065,-0.07513381997717161,-0.0613183863353931,-0.013815433641778514,29.652830092324074,29.27550001144409,28.89816993056411,50.877210594120704,22.807029284969357,-49.1227894058793,-13.480447118899828,,26.696867726091522,29.86426784294874,8884617.6,29.780000686645508,29.375,28.969999313354492,29.616167259216308,29.277166748046874,28.93816623687744,0.007228949994373179,
25,2025-02-28 00:00:00-05:00,2025-02-28,00:00:00,1740718800,29.299999237060547,29.399999618530273,29.280000686645508,29.389999389648438,2401248,0.0,0.0,0.0,1247024,27.32,27.19,2.0,4.8,27.3596,30.69,26.81,1.317,28.60725,0.15428597586495535,29.197515220268958,29.23564585858115,48.64861730068845,-0.05199892322384869,-0.05945449371308422,0.007455570489235529,29.652830092324074,29.27550001144409,28.89816993056411,73.68401679800566,46.198754092143645,-26.315983201994346,35.590002136682095,,28.703693892256176,30.555584989898133,9364867.2,29.780000686645508,29.375,28.969999313354492,29.613500531514486,29.276500066121418,28.93949960072835,0.004442896778868777,
26,2025-03-03 00:00:00-05:00,2025-03-03,00:00:00,1740978000,29.15999984741211,29.18000030517578,29.079999923706055,29.110000610351562,2401248,0.0,0.0,0.0,1247024,27.32,27.19,2.0,4.8,27.3596,30.69,26.81,1.317,28.60725,0.1692859104701451,29.18160347301125,29.22367964446405,37.724542007400984,-0.05561679650092444,-0.05868695427065227,0.003070157769727834,29.622764503484564,29.255500030517577,28.88823555755059,24.56156201375295,49.70759646862644,-75.43843798624705,-61.8384843949915,10.857733468956896,24.472542259392675,36.28698401048155,9604992.0,29.780000686645508,29.375,28.969999313354492,29.608167076110842,29.260166740417482,28.912166404724122,-0.00952700868022116,
27,2025-03-04 00:00:00-05:00,2025-03-04,00:00:00,1741064400,29.010000228881836,29.059999465942383,28.850000381469727,28.850000381469727,2401248,0.0,0.0,0.0,1247024,27.32,27.19,2.0,4.8,27.3596,30.69,26.81,1.317,28.60725,0.17642879486083984,29.121312001821885,29.188091143226494,34.42622096501523,-0.07855826195358162,-0.06266121580723814,-0.015897046146343477,29.57905160720475,29.216000080108643,28.852948553012535,0.0,32.748526270586204,-100.0,-140.6882932048378,12.395689243701588,23.48174854999216,39.67619902192522,9604992.0,29.540000915527344,29.195000648498535,28.850000381469727,29.570500373840332,29.223500061035157,28.876499748229982,-0.008931646287543504,
28,2025-03-05 00:00:00-05:00,2025-03-05,00:00:00,1741150800,28.579999923706055,28.600000381469727,28.479999542236328,28.5,2401248,0.0,0.0,0.0,1247024,27.32,27.19,2.0,4.8,27.3596,30.69,26.81,1.317,28.60725,0.18785735539027623,29.00834618330881,29.1225586533954,28.240707627017613,-0.12355735207556862,-0.07484044306090425,-0.04871690901466437,29.64870770220113,29.17250003814697,28.696292374092813,2.1739626201163067,8.91184154462309,-97.82603737988369,-257.3306432327464,15.00213443808669,19.77178563166166,51.33089995568865,9604992.0,29.540000915527344,29.010000228881836,28.479999542236328,29.53600056966146,29.17900002797445,28.82199948628744,-0.01213172883333935,
29,2025-03-06 00:00:00-05:00,2025-03-06,00:00:00,1741237200,28.40999984741211,28.510000228881836,28.350000381469727,28.479999542236328,2401248,0.0,0.0,0.0,1247024,27.32,27.19,2.0,4.8,27.3596,30.69,26.81,1.317,28.60725,0.18000016893659318,28.912283157659264,29.061362547570727,31.44325437166583,-0.1590004665844802,-0.09167244776561945,-0.06732801881886075,29.69239457709386,29.130500030517577,28.568605483941294,12.38088145002198,4.8516146900461,-87.61911854997801,-229.97498160412198,17.441050114239086,20.634843745151215,52.38104248615092,9604992.0,29.540000915527344,28.945000648498535,28.350000381469727,29.494167073567713,29.137166722615564,28.780166371663416,-0.0007017704478481379,
30,2025-03-07 00:00:00-05:00,2025-03-07,00:00:00,1741323600,28.309999465942383,28.43000030517578,28.299999237060547,28.389999389648438,2401248,0.0,0.0,0.0,1247024,27.32,27.19,2.0,4.8,27.3596,30.69,26.81,1.317,28.60725,0.18285724094935826,28.817322472566385,28.997423199197176,31.28200312805359,-0.19213681671574534,-0.11176532155564463,-0.08037149516010071,29.730291040471904,29.085000038146973,28.43970903582204,8.181829216062644,7.578891095400315,-91.81817078393736,-209.0024317892611,20.18593893939433,20.31243247914956,49.21888154924309,9604992.0,29.540000915527344,28.920000076293945,28.299999237060547,29.452167193094894,29.089166704813643,28.72616621653239,-0.0031601177680645742,
31,2025-03-10 00:00:00-04:00,2025-03-10,00:00:00,1741579200,28.360000610351562,28.450000762939453,28.350000381469727,28.40999984741211,2401248,0.0,0.0,0.0,1247024,27.32,27.19,2.0,4.8,27.3596,30.69,26.81,1.317,28.60725,0.1835716792515346,28.743263813447424,28.94147811807479,29.842918343502532,-0.21431327313127824,-0.13227491187077137,-0.08203836126050687,29.72415366642526,29.03400001525879,28.34384636409232,10.000052018581037,10.187587561555224,-89.99994798141896,-165.59166566635903,23.522715390870985,17.509733402007686,49.02732774142029,9604992.0,29.540000915527344,28.920000076293945,28.299999237060547,29.392833868662517,29.038833395640058,28.6848329226176,0.0007044895453913735,
32,2025-03-11 00:00:00-04:00,2025-03-11,00:00:00,1741665600,28.260000228881836,28.309999465942383,28.219999313354492,28.25,2401248,0.0,0.0,0.0,1247024,27.32,27.19,2.0,4.8,27.3596,30.69,26.81,1.317,28.60725,0.1892859595162528,28.653579483729708,28.875623059210525,26.470621234390606,-0.24200919378451502,-0.1542217682535201,-0.08778742553099492,29.70467290061674,28.970499992370605,28.236327084124472,2.542430414120842,6.908103882921513,-97.45756958587916,-163.08189597553744,27.616248647197892,13.962205755866888,52.452955126982474,9364867.2,29.540000915527344,28.880000114440918,28.219999313354492,29.339500522613527,28.976500034332275,28.613499546051024,-0.005631814441093175,
33,2025-03-12 00:00:00-04:00,2025-03-12,00:00:00,1741752000,28.350000381469727,28.3799991607666,28.270000457763672,28.31999969482422,2401248,0.0,0.0,0.0,1247024,27.32,27.19,2.0,4.8,27.3596,30.69,26.81,1.317,28.60725,0.18214307512555802,28.592928613019616,28.822706548316592,32.44682254160148,-0.2553663161475441,-0.17445067783232493,-0.0809156383152192,29.672348995425804,28.91549997329712,28.158650951168436,8.474606407396632,7.005696280032841,-91.52539359260336,-124.71775959227271,30.290822786120184,17.254827456213313,46.2746159876015,9364867.2,29.540000915527344,28.880000114440918,28.219999313354492,29.281667105356856,28.921666685740156,28.561666266123456,0.002477865303512239,
34,2025-03-13 00:00:00-04:00,2025-03-13,00:00:00,1741838400,28.43000030517578,28.440000534057617,28.360000610351562,28.420000076293945,2401248,0.0,0.0,0.0,1247024,27.32,27.19,2.0,4.8,27.3596,30.69,26.81,1.317,28.60725,0.18142877306256974,28.56148706088767,28.784353550981102,32.44682254160148,-0.25494390219908425,-0.19054932270567682,-0.06439457949340743,29.60991348648865,28.864499950408934,28.119086414329217,16.949212814793263,9.322083212103584,-83.05078718520674,-92.20660704600499,32.211977852648104,19.68501749277048,46.456803482484325,9364867.2,29.399999618530273,28.809999465942383,28.219999313354492,29.22116708755493,28.87016668319702,28.51916627883911,0.0035310869543547785,
35,2025-03-14 00:00:00-04:00,2025-03-14,00:00:00,1741924800,28.3700008392334,28.40999984741211,28.350000381469727,28.389999389648438,2401248,0.0,0.0,0.0,1247024,27.32,27.19,2.0,4.8,27.3596,30.69,26.81,1.317,28.60725,0.18000030517578125,28.53030748429872,28.746796011806563,31.216917868009546,-0.25410082465336004,-0.20325962309521348,-0.05084120155814656,29.580596310305364,28.823999881744385,28.067403453183406,14.406782400672421,13.276867207620775,-85.59321759932757,-84.68693838223447,32.8678109037144,19.047644277055547,47.222314730156036,9364867.2,29.399999618530273,28.809999465942383,28.219999313354492,29.1575003306071,28.826500002543135,28.49549967447917,-0.0010556188094641428,
36,2025-03-17 00:00:00-04:00,2025-03-17,00:00:00,1742184000,28.329999923706055,28.34000015258789,28.260000228881836,28.280000686645508,2401248,0.0,0.0,0.0,1247024,27.32,27.19,2.0,4.8,27.3596,30.69,26.81,1.317,28.60725,0.18000016893659318,28.484797157452682,28.702339314172175,31.21694937148301,-0.25931938322998604,-0.214471575122168,-0.04484780810781805,29.562299382636493,28.78199987411499,28.00170036559349,5.084860828241684,12.146952014569129,-94.91513917175831,-89.79783665558317,33.94424969705217,19.047658693906406,48.01594299757721,9364867.2,29.399999618530273,28.809999465942383,28.219999313354492,29.11616678237915,28.786166667938232,28.456166553497315,-0.0038745581320103195,
37,2025-03-18 00:00:00-04:00,2025-03-18,00:00:00,1742270400,28.31999969482422,28.350000381469727,28.239999771118164,28.260000228881836,2401248,0.0,0.0,0.0,1247024,27.32,27.19,2.0,4.8,27.3596,30.69,26.81,1.317,28.60725,0.1792858668736049,28.443924988621617,28.660211782239763,28.64867985726849,-0.26204826896512756,-0.22398691389075992,-0.03806135507436764,29.52592046107604,28.735999870300294,27.946079279524547,3.389907218827789,7.627183482580636,-96.61009278117221,-82.21921016887435,36.20468118119892,17.928301990024046,49.004076099346186,9124742.4,29.399999618530273,28.809999465942383,28.219999313354492,29.073500378926596,28.741500027974446,28.409499677022296,-0.000707229748163174,
38,2025-03-19 00:00:00-04:00,2025-03-19,00:00:00,1742356800,28.360000610351562,28.43000030517578,28.309999465942383,28.329999923706055,2401248,0.0,0.0,0.0,1247024,27.32,27.19,2.0,4.8,27.3596,30.69,26.81,1.317,28.60725,0.17428575243268693,28.42321134045515,28.62876303380798,22.806994061561667,-0.2556159585555129,-0.23031272282371051,-0.025303235731802376,29.46867566783834,28.691999912261963,27.915324156685585,9.322083212103578,5.932283753057689,-90.67791678789642,-62.83865548165478,39.85382525070923,13.934429433197085,50.40996261128478,8884617.6,29.399999618530273,28.809999465942383,28.219999313354492,29.035833644866944,28.697833347320557,28.35983304977417,0.0024769884733644165,
39,2025-03-20 00:00:00-04:00,2025-03-20,00:00:00,1742443200,28.479999542236328,28.5,28.40999984741211,28.40999984741211,2401248,0.0,0.0,0.0,1247024,27.32,27.19,2.0,4.8,27.3596,30.69,26.81,1.317,28.60725,0.17642865862165177,28.42080925081096,28.607928444627422,20.481938785593314,-0.24128163644543932,-0.2325065055480563,-0.008775130897383021,29.437505925903686,28.663499927520753,27.88949392913782,19.79170184992758,10.834564093619653,-80.20829815007242,-43.197041099157275,43.97234055869796,12.145789317617407,49.79768214784339,8884617.6,29.399999618530273,28.809999465942383,28.219999313354492,29.000167051951095,28.668166700998945,28.336166350046796,0.0028238589453406515,
40,2025-03-21 00:00:00-04:00,2025-03-21,00:00:00,1742529600,28.479999542236328,28.530000686645508,28.459999084472656,28.5,2401248,0.0,0.0,0.0,1247024,27.32,27.19,2.0,4.8,27.3596,30.69,26.81,1.317,28.60725,0.1628573281424386,28.43520756884533,28.5976495451391,29.251697149619048,-0.2201218945693384,-0.23002958335231272,0.009907688782974322,29.385932960908395,28.634499931335448,27.8830669017625,33.33340902175739,20.815731361262852,-66.6665909782426,-28.650429262064915,46.25990379066213,14.473748052917152,45.17550097124089,8884617.6,29.399999618530273,28.809999465942383,28.219999313354492,28.97016700108846,28.639166673024494,28.30816634496053,0.0031679040151804116,
41,2025-03-24 00:00:00-04:00,2025-03-24,00:00:00,1742788800,28.5,28.610000610351562,28.5,28.549999237060547,2401248,0.0,0.0,0.0,1247024,27.32,27.19,2.0,4.8,27.3596,30.69,26.81,1.317,28.60725,0.1521430696759905,28.456078781248095,28.593111420560188,38.09519484471006,-0.1970466944784519,-0.2234330055775406,0.026386311099088677,29.32627139527888,28.60699987411499,27.8877283529511,84.61508365407657,45.91339817525385,-15.384916345923422,-12.998467530822495,46.73063181336879,19.248881784846002,37.55877625399043,8884617.6,29.399999618530273,28.809999465942383,28.219999313354492,28.945333894093828,28.612333329518634,28.27933276494344,0.0017543591951068027,
42,2025-03-25 00:00:00-04:00,2025-03-25,00:00:00,1742875200,28.489999771118164,28.540000915527344,28.459999084472656,28.520000457763672,2401248,0.0,0.0,0.0,1247024,27.32,27.19,2.0,4.8,27.3596,30.69,26.81,1.317,28.60725,0.1321430206298828,28.467700904250925,28.586148471722424,51.063855690603255,-0.1791153526476954,-0.21456947499157158,0.03545412234387618,29.280448858493646,28.583499908447266,27.886550958400885,76.92311454324042,64.95720240635812,-23.076885456759573,-19.48559382583106,44.04727728358999,22.16222959500337,25.40554305756887,8884617.6,29.399999618530273,28.809999465942383,28.219999313354492,28.916167163848876,28.587166690826415,28.258166217803954,-0.0010507453624704066,
43,2025-03-26 00:00:00-04:00,2025-03-26,00:00:00,1742961600,28.600000381469727,28.649999618530273,28.559999465942383,28.649999618530273,2401248,0.0,0.0,0.0,1247024,27.32,27.19,2.0,4.8,27.3596,30.69,26.81,1.317,28.60725,0.13000011444091797,28.50084612502899,28.592229533323174,58.0952623155998,-0.15265507653512245,-0.20218659530028177,0.04953151876515932,29.226198610850684,28.563499927520752,27.90080124419082,100.0,87.17939939910566,-0.0,14.77415718607841,42.436651217278545,28.57142857142857,18.681520218401708,8884617.6,29.399999618530273,28.809999465942383,28.219999313354492,28.896000321706133,28.566000016530353,28.235999711354573,0.0045581752692858135,
44,2025-03-27 00:00:00-04:00,2025-03-27,00:00:00,1743048000,28.600000381469727,28.6200008392334,28.510000228881836,28.559999465942383,2401248,0.0,0.0,0.0,1247024,27.32,27.19,2.0,4.8,27.3596,30.69,26.81,1.317,28.60725,0.12714290618896484,28.51160127792233,28.589160003096435,58.0952623155998,-0.13736393133672564,-0.18922206250757057,0.05185813117084492,29.104594703983082,28.52849988937378,27.952405074764478,79.06974681073791,85.33095378465944,-20.93025318926208,10.793277758697759,40.9621300213769,29.21349759384848,19.10123195386361,8644492.8,29.399999618530273,28.809999465942383,28.219999313354492,28.851833407084147,28.531833330790203,28.21183325449626,-0.0031413666243010896,
45,2025-03-28 00:00:00-04:00,2025-03-28,00:00:00,1743134400,28.540000915527344,28.559999465942383,28.469999313354492,28.510000228881836,2401248,0.0,0.0,0.0,1247024,27.32,27.19,2.0,4.8,27.3596,30.69,26.81,1.317,28.60725,0.12642860412597656,28.511310178096785,28.58162097698076,54.62966396987791,-0.12780683157259176,-0.17693901632057482,0.04913218474798306,28.89383721101953,28.48449993133545,28.075162651651368,67.44202551409663,82.17059077494484,-32.55797448590337,11.139727826702929,38.55266571074791,28.248580264873542,21.469089106563647,8164243.2,29.18000030517578,28.699999809265137,28.219999313354492,28.804666805267335,28.489666652679443,28.17466650009155,-0.0017506735992824929,
46,2025-03-31 00:00:00-04:00,2025-03-31,00:00:00,1743393600,28.510000228881836,28.600000381469727,28.510000228881836,28.540000915527344,2401248,0.0,0.0,0.0,1247024,27.32,27.19,2.0,4.8,27.3596,30.69,26.81,1.317,28.60725,0.1192857197352818,28.51652667581143,28.577657161604243,65.26325511171076,-0.11646937006974056,-0.164845087070408,0.04837571700066742,28.743083307952897,28.45599994659424,28.168916585235582,73.17103806324955,73.22760346269469,-26.828961936750435,53.89071106221188,37.035082897417446,32.33538268607213,14.970173408820175,7924118.4,29.059999465942383,28.639999389648438,28.219999313354492,28.754000218709308,28.460999997456867,28.167999776204425,0.001052286440009098,
47,2025-04-01 00:00:00-04:00,2025-04-01,00:00:00,1743480000,28.56999969482422,28.600000381469727,28.520000457763672,28.56999969482422,2401248,0.0,0.0,0.0,1247024,27.32,27.19,2.0,4.8,27.3596,30.69,26.81,1.317,28.60725,0.11571434565952846,28.526249042904663,28.576927879053763,63.73632362188221,-0.10386639225243144,-0.1526493481068127,0.04878295585438125,28.669258007336822,28.441999912261963,28.214741817187104,80.4878162245648,73.70029326730366,-19.5121837754352,88.19583509777856,35.95480100139781,29.01240600131631,15.432208508418821,7924118.4,28.649999618530273,28.434999465942383,28.219999313354492,28.71816685994466,28.443166669209795,28.16816647847493,0.0010511134665225352,
48,2025-04-02 00:00:00-04:00,2025-04-02,00:00:00,1743566400,28.489999771118164,28.520000457763672,28.420000076293945,28.450000762939453,2401248,0.0,0.0,0.0,1247024,27.32,27.19,2.0,4.8,27.3596,30.69,26.81,1.317,28.60725,0.11785711560930524,28.512385719274626,28.56483958228097,51.61294953700381,-0.10238116610998915,-0.142595711707448,0.04021454559745885,28.66516605480102,28.439499950408937,28.213833846016854,51.219773164990364,68.29287581760157,-48.780226835009636,17.744281945180507,33.62751935627319,24.848481345548073,21.21226483252897,7924118.4,28.649999618530273,28.434999465942383,28.219999313354492,28.69300009409586,28.44000002543131,28.18699995676676,-0.0042001726694629316,
49,2025-04-03 00:00:00-04:00,2025-04-03,00:00:00,1743652800,27.850000381469727,28.020000457763672,27.790000915527344,27.950000762939453,2401248,0.0,0.0,0.0,1247024,27.32,27.19,2.0,4.8,27.3596,30.69,26.81,1.317,28.60725,0.15999998365129744,28.410133909031863,28.506283504248444,34.285694822888274,-0.13993683034471616,-0.14206393543490164,0.002127105090185488,28.72615675981273,28.41300001144409,28.09984326307545,18.604661478374847,50.10408362264334,-81.39533852162515,-290.39180498218104,33.489289513551725,18.303566486859303,43.30363034898522,7924118.4,28.649999618530273,28.22000026702881,27.790000915527344,28.716666793823244,28.41366672515869,28.11066665649414,-0.017574691971584344,
50,2025-04-04 00:00:00-04:00,2025-04-04,00:00:00,1743739200,28.040000915527344,28.299999237060547,28.020000457763672,28.260000228881836,2401248,0.0,0.0,0.0,1247024,27.32,27.19,2.0,4.8,27.3596,30.69,26.81,1.317,28.60725,0.17571422031947545,28.38283687627731,28.48282795421353,49.374983608667975,-0.1430367599651845,-0.14225850034095822,-0.0007782596242262851,28.726977944507226,28.40650005340576,28.086022162304296,54.65116536959371,41.491866670986305,-45.34883463040629,-114.98010173476827,31.26834864131936,28.048735101740803,35.77241445615733,8164243.2,28.649999618530273,28.22000026702881,27.790000915527344,28.724666627248126,28.404666741689045,28.084666856129964,0.011091214936689076,
51,2025-04-07 00:00:00-04:00,2025-04-07,00:00:00,1743998400,28.25,28.420000076293945,28.25,28.3799991607666,2401248,0.0,0.0,0.0,1247024,27.32,27.19,2.0,4.8,27.3596,30.69,26.81,1.317,28.60725,0.17999989645821707,28.382320928002635,28.473034735790012,53.5293946050987,-0.13426286683980848,-0.14065937364072828,0.006396506800919799,28.72568971019023,28.405000019073487,28.084310327956743,68.60455058584523,47.28679247793793,-31.395449414154765,-27.630332158623172,28.165882097812915,32.142854439697096,34.127027978247135,8404368.0,28.649999618530273,28.22000026702881,27.790000915527344,28.728999900817872,28.40200004577637,28.075000190734865,0.00424624667066098,
52,2025-04-08 00:00:00-04:00,2025-04-08,00:00:00,1744084800,28.260000228881836,28.389999389648438,28.200000762939453,28.25,2401248,0.0,0.0,0.0,1247024,27.32,27.19,2.0,4.8,27.3596,30.69,26.81,1.317,28.60725,0.1814283643450056,28.3582625774567,28.45179333238144,47.72726533823611,-0.1362289763116813,-0.13977329417491888,0.003544317863237584,28.72568971019023,28.405000019073487,28.084310327956743,53.48834630406289,58.914687419833946,-46.51165369593712,-65.93406967924174,24.900714739224693,28.740172262313298,35.82680653905938,8644492.8,28.649999618530273,28.22000026702881,27.790000915527344,28.72999973297119,28.40300006866455,28.07600040435791,-0.00458066119136169,
53,2025-04-09 00:00:00-04:00,2025-04-09,00:00:00,1744171200,27.979999542236328,28.34000015258789,27.979999542236328,28.290000915527344,2401248,0.0,0.0,0.0,1247024,27.32,27.19,2.0,4.8,27.3596,30.69,26.81,1.317,28.60725,0.19499983106340682,28.34585136619682,28.436384530776287,46.51164595928905,-0.1330259522796382,-0.13842382579586276,0.005397873516224561,28.72613843486243,28.403500080108643,28.080861725354854,58.13962256618621,60.07750648536478,-41.860377433813795,-98.58313692470853,22.43448320365393,24.17583953105732,41.39201637666325,8884617.6,28.649999618530273,28.22000026702881,27.790000915527344,28.746999899546307,28.39700009028117,28.047000281016036,0.001415961611587413,
54,2025-04-10 00:00:00-04:00,2025-04-10,00:00:00,1744257600,27.8799991607666,27.899999618530273,27.6299991607666,27.700000762939453,2401248,0.0,0.0,0.0,1247024,27.32,27.19,2.0,4.8,27.3596,30.69,26.81,1.317,28.60725,0.23357132502964564,28.228423983786385,28.366252743363255,31.98194715082532,-0.17606603448628277,-0.14595226753394677,-0.030113766952336002,28.817803579748585,28.36750011444092,27.917196649133253,6.8628990938228105,39.49695598802397,-93.13710090617718,-250.53006892671843,21.635481785639058,19.26603792184067,45.26000323141165,8884617.6,28.649999618530273,28.139999389648438,27.6299991607666,28.767833296457923,28.36383339564005,27.959833494822178,-0.020855430664339814,
55,2025-04-11 00:00:00-04:00,2025-04-11,00:00:00,1744344000,27.309999465942383,27.559999465942383,27.290000915527344,27.450000762939453,2401248,0.0,0.0,0.0,1247024,27.32,27.19,2.0,4.8,27.3596,30.69,26.81,1.317,28.60725,0.25499984196254183,28.086892489086942,28.27899064998956,27.272705777388254,-0.2277234660215548,-0.1623065072314684,-0.06541695879008641,28.929259356529652,28.32050018310547,27.711741009681287,11.76470588235294,25.589075847453987,-88.23529411764706,-269.9480560691946,23.160850159984694,15.406150642167821,50.980415203875395,8884617.6,28.649999618530273,27.97000026702881,27.290000915527344,28.75433333714803,28.31633342107137,27.87833350499471,-0.009025270509540273,
56,2025-04-14 00:00:00-04:00,2025-04-14,00:00:00,1744603200,27.479999542236328,27.5,27.329999923706055,27.360000610351562,2401248,0.0,0.0,0.0,1247024,27.32,27.19,2.0,4.8,27.3596,30.69,26.81,1.317,28.60725,0.26071412222726004,27.95473032931687,28.191467789071655,26.612866011604083,-0.2727801728038237,-0.18440124034593947,-0.08837893245788425,29.019856460945647,28.274500179290772,27.529143897635898,5.1470412927348175,7.9248820896368555,-94.85295870726517,-212.93257814963283,26.444523361781645,15.068481697280067,48.76712042432001,8884617.6,28.649999618530273,27.97000026702881,27.290000915527344,28.713500086466475,28.27150007883708,27.829500071207683,-0.0032786939922202496,
57,2025-04-15 00:00:00-04:00,2025-04-15,00:00:00,1744689600,27.420000076293945,27.530000686645508,27.389999389648438,27.510000228881836,2401248,0.0,0.0,0.0,1247024,27.32,27.19,2.0,4.8,27.3596,30.69,26.81,1.317,28.60725,0.26357133047921316,27.873870311055956,28.126566116672624,27.199977416957722,-0.29300662395784016,-0.20612231706831963,-0.08688430688952054,29.057143409653897,28.23700017929077,27.416856948927645,16.541302704849972,11.15101662664591,-83.45869729515003,-154.69786753139385,29.10826599984693,12.737165192993775,48.23846725613582,9124742.4,28.649999618530273,27.97000026702881,27.290000915527344,28.67916669845581,28.231166744232176,27.783166790008544,0.0054824420754406855,
58,2025-04-16 00:00:00-04:00,2025-04-16,00:00:00,1744776000,27.34000015258789,27.3700008392334,27.239999771118164,27.280000686645508,2401248,0.0,0.0,0.0,1247024,27.32,27.19,2.0,4.8,27.3596,30.69,26.81,1.317,28.60725,0.2728571210588728,27.7658940157086,28.04594083762242,25.75755824286658,-0.3238619936277516,-0.22967025238020602,-0.09419174124754556,29.10754894381826,28.184500217437744,27.26145149105723,2.9412424687812044,8.209862155455331,-97.0587575312188,-154.554205334504,31.89897440115206,12.303697859974635,49.21464164810913,9124742.4,28.649999618530273,27.94499969482422,27.239999771118164,28.636166763305663,28.178166770935057,27.72016677856445,-0.00836057943739521,
59,2025-04-17 00:00:00-04:00,2025-04-17,00:00:00,1744862400,27.329999923706055,27.360000610351562,27.270000457763672,27.299999237060547,2401248,0.0,0.0,0.0,1247024,27.32,27.19,2.0,4.8,27.3596,30.69,26.81,1.317,28.60725,0.2728571210588728,27.681185874136226,27.974898780426052,26.819858972850554,-0.3427503676251753,-0.2522862754291999,-0.0904640921959754,29.12551800327299,28.129000186920166,27.13248237056734,4.411723457011747,7.964756210214309,-95.58827654298825,-126.57572872520132,35.16120760125857,12.303697859974635,48.167497178921295,9124742.4,28.649999618530273,27.94499969482422,27.239999771118164,28.571666781107584,28.121666781107585,27.671666781107586,0.0007330846741815389,
60,2025-04-21 00:00:00-04:00,2025-04-21,00:00:00,1745208000,27.020000457763672,27.079999923706055,26.989999771118164,27.040000915527344,2401248,0.0,0.0,0.0,1247024,27.32,27.19,2.0,4.8,27.3596,30.69,26.81,1.317,28.60725,0.2885713577270508,27.56460679075279,27.885860888530935,23.59147977063401,-0.374383570991899,-0.27670573454173975,-0.09767783645015926,29.14746718736873,28.056000232696533,26.964533278024337,3.1056599660705317,3.4862086306211606,-96.89434003392947,-141.26188193809642,37.27305558233566,10.643574523292557,52.47523396894326,8884617.6,28.649999618530273,27.81999969482422,26.989999771118164,28.51766665776571,28.04866679509481,27.579666932423912,-0.00952374830766467,0.09296082648756283
61,2025-04-22 00:00:00-04:00,2025-04-22,00:00:00,1745294400,27.09000015258789,27.209999084472656,27.059999465942383,27.190000534057617,2401248,0.0,0.0,0.0,1247024,27.32,27.19,2.0,4.8,27.3596,30.69,26.81,1.317,28.60725,0.2949998038155692,27.49649656226276,27.81958847381919,26.689151092636138,-0.3829351588068093,-0.2979516193947537,-0.08498353941205561,29.11863739559455,27.988000297546385,26.85736319949822,13.071939423631914,6.863107615571397,-86.92806057636808,-109.14227113891909,39.2483157719907,13.55931812010116,51.3317274032147,8644492.8,28.649999618530273,27.81999969482422,26.989999771118164,28.453666400909423,27.97866678237915,27.503667163848878,0.005547322982675684,0.09348417661604357
62,2025-04-23 00:00:00-04:00,2025-04-23,00:00:00,1745380800,27.280000686645508,27.469999313354492,27.25,27.440000534057617,2401248,0.0,0.0,0.0,1247024,27.32,27.19,2.0,4.8,27.3596,30.69,26.81,1.317,28.60725,0.30428545815604074,27.48622455713455,27.78343724146095,33.65692476823203,-0.3653281673933435,-0.31142692899447166,-0.05390123839887184,29.060810027427085,27.934000301361085,26.807190575295085,31.46857810524294,15.882059164981795,-68.53142189475706,-70.43366809059884,41.70253816651488,19.24883532985742,47.41784626130251,8644492.8,28.649999618530273,27.81999969482422,26.989999771118164,28.416666253407794,27.92266677220662,27.42866729100545,0.009194556641764606,0.09582709769526829
63,2025-04-24 00:00:00-04:00,2025-04-24,00:00:00,1745467200,27.31999969482422,27.3799991607666,27.290000915527344,27.31999969482422,2401248,0.0,0.0,0.0,1247024,27.32,27.19,2.0,4.8,27.3596,30.69,26.81,1.317,28.60725,0.26785687037876676,27.456001854896307,27.73930033225745,38.37634376816735,-0.3569429485621711,-0.3205301329080116,-0.03641281565415955,28.973176805583748,27.86750030517578,26.761823804767815,23.076912816846555,22.5391434485738,-76.92308718315346,-70.16497139008976,40.64625772574926,21.86668077258379,37.06668809680999,8404368.0,28.6200008392334,27.80500030517578,26.989999771118164,28.354166316986085,27.858166790008546,27.362167263031008,-0.004373208341758472,0.09546294489636001
64,2025-04-25 00:00:00-04:00,2025-04-25,00:00:00,1745553600,27.420000076293945,27.450000762939453,27.350000381469727,27.389999389648438,2401248,0.0,0.0,0.0,1247024,27.32,27.19,2.0,4.8,27.3596,30.69,26.81,1.317,28.60725,0.2521427699497768,27.44400140666942,27.706033575818495,32.38861488398743,-0.3407215855197272,-0.32456842343035475,-0.016153162089372453,28.883781014821327,27.809000301361085,26.734219587900842,27.97199532632994,27.505828749473142,-72.02800467367005,-55.55363003600274,42.567524705770424,17.280530556492117,39.37676686464196,8404368.0,28.600000381469727,27.795000076293945,26.989999771118164,28.294833151499432,27.799833456675213,27.304833761850993,0.002562214334046242,0.0955429747335532
65,2025-04-28 00:00:00-04:00,2025-04-28,00:00:00,1745812800,27.3799991607666,27.389999389648438,27.209999084472656,27.219999313354492,2401248,0.0,0.0,0.0,1247024,27.32,27.19,2.0,4.8,27.3596,30.69,26.81,1.317,28.60725,0.2528570720127651,27.403273753339427,27.65974459844097,26.98409935180335,-0.33769093297692976,-0.32719292533966976,-0.010498007637259998,28.79674554037835,27.744500255584718,26.692254970791087,16.42854320758907,22.492483783588522,-83.57145679241093,-66.93818029367137,46.03116461769115,13.841859202070713,43.22037048910575,8404368.0,28.600000381469727,27.795000076293945,26.989999771118164,28.24183314641317,27.737833436330163,27.233833726247155,-0.00620664768463608,0.09606749010168614
66,2025-04-29 00:00:00-04:00,2025-04-29,00:00:00,1745899200,27.25,27.31999969482422,27.239999771118164,27.309999465942383,2401248,0.0,0.0,0.0,1247024,27.32,27.19,2.0,4.8,27.3596,30.69,26.81,1.317,28.60725,0.24642862592424666,27.386314791994508,27.62643553820301,31.048358255789537,-0.32428866102924303,-0.32661207247758445,0.002323411448341417,28.68190696659073,27.68300018310547,26.68409339962021,23.703674400139025,22.701404311352675,-76.29632559986096,-59.41542222518943,48.83674199226719,14.202944061070527,42.89858325492013,8404368.0,28.600000381469727,27.795000076293945,26.989999771118164,28.179833126068118,27.674833393096925,27.169833660125732,0.003306398047693282,0.09589604462846953
67,2025-04-30 00:00:00-04:00,2025-04-30,00:00:00,1745985600,27.3700008392334,27.420000076293945,27.329999923706055,27.40999984741211,2401248,0.0,0.0,0.0,1247024,27.32,27.19,2.0,4.8,27.3596,30.69,26.81,1.317,28.60725,0.2285714830671038,27.390621165706797,27.605822615270544,32.6771245560153,-0.3021154698301487,-0.3217127519480973,0.01959728211794859,28.538074948398357,27.625000190734863,26.711925433071368,46.15386227682969,28.762026628185932,-53.84613772317031,-39.80100572956491,49.54810159423112,18.437559977159506,39.37499776482636,8404368.0,28.520000457763672,27.755000114440918,26.989999771118164,28.12399984995524,27.6160000483195,27.10800024668376,0.0036616764344661323,0.09571995267858376
68,2025-05-01 00:00:00-04:00,2025-05-01,00:00:00,1746072000,27.489999771118164,27.6299991607666,27.479999542236328,27.56999969482422,2401248,0.0,0.0,0.0,1247024,27.32,27.19,2.0,4.8,27.3596,30.69,26.81,1.317,28.60725,0.19714273725237166,27.423235443728146,27.60241090856137,46.91940129049054,-0.2685368795549046,-0.31107757746945874,0.04254069791455417,28.407378437798144,27.581000137329102,26.75462183686006,90.62507450587702,53.49420372761525,-9.374925494122976,-2.2121216169174063,47.130116733356395,28.985566337764002,32.97102901521318,8644492.8,28.420000076293945,27.704999923706055,26.989999771118164,28.0858331044515,27.570833333333336,27.055833562215174,0.005837280127793054,0.09540213394230429
69,2025-05-02 00:00:00-04:00,2025-05-02,00:00:00,1746158400,27.440000534057617,27.549999237060547,27.360000610351562,27.530000686645508,2401248,0.0,0.0,0.0,1247024,27.32,27.19,2.0,4.8,27.3596,30.69,26.81,1.317,28.60725,0.18285696847098215,27.442647306076754,27.59551469695034,52.10526579965767,-0.24235942196257199,-0.2973339463680814,0.05497452440550943,28.368038653000596,27.560000133514404,26.75196161402821,84.37522351763107,73.71805343344593,-15.62477648236893,-15.109898171233596,43.8298339924057,31.250074505877016,26.95317156617314,8884617.6,28.420000076293945,27.704999923706055,26.989999771118164,28.018833001454666,27.54883330663045,27.078833611806232,-0.0014508164171731508,0.0953960158762508
70,2025-05-05 00:00:00-04:00,2025-05-05,00:00:00,1746417600,27.389999389648438,27.520000457763672,27.389999389648438,27.479999542236328,2401248,0.0,0.0,0.0,1247024,27.32,27.19,2.0,4.8,27.3596,30.69,26.81,1.317,28.60725,0.18071419852120535,27.449438621742132,27.584513253644243,53.225783296109206,-0.22307678241190487,-0.2824825135768461,0.059405731164941245,28.259045824502987,27.521000099182128,26.78295437386127,76.56253725293851,83.8542784254822,-23.43746274706149,-12.686130103670562,40.58646671494864,31.620613849920993,27.272761540595635,8884617.6,28.420000076293945,27.704999923706055,26.989999771118164,27.96133327484131,27.51233329772949,27.063333320617673,-0.0018162420327666462,0.09540658917790387
71,2025-05-06 00:00:00-04:00,2025-05-06,00:00:00,1746504000,27.3700008392334,27.399999618530273,27.309999465942383,27.309999465942383,2401248,0.0,0.0,0.0,1247024,27.32,27.19,2.0,4.8,27.3596,30.69,26.81,1.317,28.60725,0.18071419852120535,27.42408604796036,27.55836908338692,44.68082300184648,-0.21898837537528948,-0.2697836859365348,0.05079531056124531,28.089343977435515,27.467500114440917,26.845656251446318,50.0,70.3125869235232,-50.0,-41.14963138684756,36.42774430671451,30.434815386656695,30.434815386656695,8644492.8,28.389999389648438,27.6899995803833,26.989999771118164,27.91083326339722,27.4618332862854,27.012833309173583,-0.006186320201085116,0.09528084875049782
72,2025-05-07 00:00:00-04:00,2025-05-07,00:00:00,1746590400,27.389999389648438,27.520000457763672,27.360000610351562,27.510000228881836,2401248,0.0,0.0,0.0,1247024,27.32,27.19,2.0,4.8,27.3596,30.69,26.81,1.317,28.60725,0.17642852238246373,27.439706808127898,27.553762525815007,56.21620897135057,-0.1973351366320557,-0.255293976075639,0.057958839443583265,27.932893703617797,27.43050012588501,26.928106548152225,81.25014901175405,69.27089542156419,-18.749850988245953,19.392476085195934,33.41923695797223,36.03245119078048,25.101255529961215,8644492.8,28.34000015258789,27.664999961853027,26.989999771118164,27.872000185648602,27.420999972025555,26.96999975840251,0.007323352868932487,0.09649349045500312
73,2025-05-08 00:00:00-04:00,2025-05-08,00:00:00,1746676800,27.520000457763672,27.770000457763672,27.510000228881836,27.739999771118164,2401248,0.0,0.0,0.0,1247024,27.32,27.19,2.0,4.8,27.3596,30.69,26.81,1.317,28.60725,0.1885713849748884,27.494305528671582,27.57149940632007,60.67962738175593,-0.1597739731462049,-0.23618997548975215,0.07641600234354726,27.740426885076182,27.40300006866455,27.065573252252918,96.15376150827129,75.80130350667511,-3.8462384917287165,162.82234627247783,31.29339413530036,43.181877293876255,23.484885703551715,8644492.8,27.899999618530273,27.44499969482422,26.989999771118164,27.835500144958495,27.39449996948242,26.953499794006348,0.008360579437395321,0.09831966876571245
74,2025-05-09 00:00:00-04:00,2025-05-09,00:00:00,1746763200,27.649999618530273,27.68000030517578,27.59000015258789,27.65999984741211,2401248,0.0,0.0,0.0,1247024,27.32,27.19,2.0,4.8,27.3596,30.69,26.81,1.317,28.60725,0.177142824445452,27.524431768442586,27.579928019757403,66.48932392645756,-0.1349066854327461,-0.21593331747835093,0.08102663204560484,27.731415881521986,27.401000022888184,27.07058416425438,84.50697793120122,87.3036294837422,-15.493022068798776,155.0126331381323,30.42050861084382,45.96780271858758,13.709686102655368,8644492.8,27.770000457763672,27.380000114440918,26.989999771118164,27.77949994405111,27.389499982198082,26.999500020345053,-0.002883919407575042,0.09833697285646438
75,2025-05-12 00:00:00-04:00,2025-05-12,00:00:00,1747022400,27.979999542236328,28.110000610351562,27.950000762939453,28.049999237060547,2401248,0.0,0.0,0.0,1247024,27.32,27.19,2.0,4.8,27.3596,30.69,26.81,1.317,28.60725,0.19714300973074778,27.619989490009488,27.624696707119607,70.28298024905286,-0.08277530716183534,-0.1893017154150478,0.10652640825321247,27.87094696189633,27.430999946594238,26.991052931292145,93.33319204848895,91.33131049598715,-6.666807951511042,285.78043226089767,30.676852985214413,52.17396111776071,12.31883657351994,8884617.6,28.110000610351562,27.550000190734863,26.989999771118164,27.813666693369548,27.419666639963786,27.025666586558025,0.014099761091825425,0.10195127941604165
76,2025-05-13 00:00:00-04:00,2025-05-13,00:00:00,1747108800,27.940000534057617,27.959999084472656,27.809999465942383,27.809999465942383,2401248,0.0,0.0,0.0,1247024,27.32,27.19,2.0,4.8,27.3596,30.69,26.81,1.317,28.60725,0.1942859377179827,27.65453675836092,27.642344588912252,58.76774466484911,-0.06013360727055783,-0.16346809378614982,0.10333448651559199,27.923181375784434,27.45349988937378,26.983818402963127,66.66659602424448,81.50225533464489,-33.33340397575552,166.4170647204254,30.670790177588067,43.382384393418256,17.64709182260276,9124742.4,28.110000610351562,27.550000190734863,26.989999771118164,27.843833287556965,27.44283326466878,27.041833241780598,-0.008556141805560857,0.10315050793130401
77,2025-05-14 00:00:00-04:00,2025-05-14,00:00:00,1747195200,27.729999542236328,27.8700008392334,27.709999084472656,27.8700008392334,2401248,0.0,0.0,0.0,1247024,27.32,27.19,2.0,4.8,27.3596,30.69,26.81,1.317,28.60725,0.19500037602015904,27.693712045792278,27.664026136561883,63.4146545700513,-0.0369226660986719,-0.13815900824865424,0.10123634214998234,27.976559384782615,27.471499919891357,26.9664404550001,73.33340397575552,77.77773068282966,-26.666596024244477,128.02352061875834,31.263575917770513,43.223440920164684,21.245447349244643,9364867.2,28.110000610351562,27.550000190734863,26.989999771118164,27.859833463033045,27.45983327229818,27.059833081563315,0.0021575467257557435,0.10316198610578928
78,2025-05-15 00:00:00-04:00,2025-05-15,00:00:00,1747281600,27.780000686645508,27.84000015258789,27.75,27.799999237060547,2401248,0.0,0.0,0.0,1247024,27.32,27.19,2.0,4.8,27.3596,30.69,26.81,1.317,28.60725,0.19428607395717076,27.713036989659237,27.676975955656992,59.99998139174836,-0.023900858047895213,-0.11530737820850244,0.09140652016060723,28.014449192388017,27.497499847412108,26.9805505024362,65.55546136565931,68.51848712188644,-34.444538634340695,104.31821643464967,30.71793468961746,40.808770421565335,21.323557254713315,9604992.0,28.110000610351562,27.550000190734863,26.989999771118164,27.86983346939087,27.484833240509033,27.099833011627197,-0.0025117186962659854,0.10315728336033546
79,2025-05-16 00:00:00-04:00,2025-05-16,00:00:00,1747368000,27.809999465942383,27.920000076293945,27.770000457763672,27.8799991607666,2401248,0.0,0.0,0.0,1247024,27.32,27.19,2.0,4.8,27.3596,30.69,26.81,1.317,28.60725,0.19214316776820592,27.743393748042394,27.696311499000767,66.83670589700722,-0.007044452036712556,-0.09365479297414447,0.08661034093743192,28.061555808813807,27.526499843597414,26.99144387838102,73.56307727385335,70.81731420508939,-26.436922726146655,107.02081253682525,30.32702045060683,44.237866552462286,16.356870733732435,9845116.8,28.110000610351562,27.550000190734863,26.989999771118164,27.90316673914591,27.512166563669837,27.121166388193764,0.002877695176315198,0.1023598695637509
80,2025-05-19 00:00:00-04:00,2025-05-19,00:00:00,1747627200,27.649999618530273,27.719999313354492,27.639999389648438,27.690000534057617,2401248,0.0,0.0,0.0,1247024,27.32,27.19,2.0,4.8,27.3596,30.69,26.81,1.317,28.60725,0.20214312417166574,27.733685890954252,27.695710454720466,59.22332074730981,-0.008914173081240762,-0.07670666899556373,0.06779249591432297,28.046480890640023,27.558999824523926,27.07151875840783,47.50006556501546,62.20620140150938,-52.49993443498454,45.68008512597401,29.25369570690157,42.04943328905325,20.141372763501884,10085241.6,28.110000610351562,27.585000038146973,27.059999465942383,27.92850008010864,27.54449987411499,27.16049966812134,-0.0068148720383161,0.10277552715235731
81,2025-05-20 00:00:00-04:00,2025-05-20,00:00:00,1747713600,27.709999084472656,27.709999084472656,27.59000015258789,27.610000610351562,2401248,0.0,0.0,0.0,1247024,27.32,27.19,2.0,4.8,27.3596,30.69,26.81,1.317,28.60725,0.20285728999546596,27.7111976581174,27.68754761239962,54.901977283861974,-0.016659228519102953,-0.06469718090027157,0.04803795238116862,28.035700584777263,27.57999982833862,27.12429907189998,37.500089406839265,52.854410748569364,-62.499910593160735,24.045277846631766,28.630070820232028,38.38025922460962,21.83099963129097,10085241.6,28.110000610351562,27.65999984741211,27.209999084472656,27.947666835784915,27.568666553497316,27.189666271209717,-0.0028891268386815883,0.10281648052416975
82,2025-05-21 00:00:00-04:00,2025-05-21,00:00:00,1747800000,27.479999542236328,27.5,27.399999618530273,27.489999771118164,2401248,0.0,0.0,0.0,1247024,27.32,27.19,2.0,4.8,27.3596,30.69,26.81,1.317,28.60725,0.20214312417166574,27.670979860481175,27.668733532277578,48.00000381469363,-0.03211015965833397,-0.058179776651884056,0.026069616993550086,28.035507356982002,27.58249979019165,27.1294922234013,22.50000596045595,35.833386977436895,-77.49999403954405,-39.32164545462563,28.466450736930934,31.09540302627757,28.621918844107814,9845116.8,28.110000610351562,27.65999984741211,27.209999084472656,27.944500382741293,27.572499879201253,27.200499375661213,-0.004346281658118012,0.10289180230651167
83,2025-05-22 00:00:00-04:00,2025-05-22,00:00:00,1747886400,27.540000915527344,27.6299991607666,27.530000686645508,27.56999969482422,2401248,0.0,0.0,0.0,1247024,27.32,27.19,2.0,4.8,27.3596,30.69,26.81,1.317,28.60725,0.19714314596993582,27.65261983036173,27.659330309662973,50.98036649092281,-0.03746790199704364,-0.05403740172091598,0.01656949972387234,28.030986334230878,27.59499979019165,27.159013246152423,32.49998211863215,30.83335916197579,-67.50001788136785,-3.1293005088474395,29.283649787926922,36.594157578555354,25.00005183004996,9845116.8,28.110000610351562,27.65999984741211,27.209999084472656,27.955833689371747,27.584833208719893,27.213832728068038,0.0029101463940390815,0.10300852134734882
84,2025-05-23 00:00:00-04:00,2025-05-23,00:00:00,1747972800,27.440000534057617,27.469999313354492,27.34000015258789,27.3700008392334,2401248,0.0,0.0,0.0,1247024,27.32,27.19,2.0,4.8,27.3596,30.69,26.81,1.317,28.60725,0.20357159205845424,27.601234559247487,27.631775122003013,47.48861469912236,-0.05719290339789751,-0.05466850205631229,-0.002524401341585221,28.032052883465372,27.5939998626709,27.155946841876425,7.500160932310678,20.833383003799593,-92.49983906768932,-73.25154580896553,29.247618853125026,35.438576061656164,30.87727258733977,9604992.0,28.110000610351562,27.65999984741211,27.209999084472656,27.96566686630249,27.584666538238526,27.20366621017456,-0.0072542204499322915,0.10243134225083833
85,2025-05-27 00:00:00-04:00,2025-05-27,00:00:00,1748318400,27.399999618530273,27.520000457763672,27.399999618530273,27.520000457763672,2401248,0.0,0.0,0.0,1247024,27.32,27.19,2.0,4.8,27.3596,30.69,26.81,1.317,28.60725,0.20214298793247767,27.586464722614064,27.621129915884982,54.83873236032188,-0.060029411810418765,-0.05574068400713359,-0.004288727803285174,28.01229662393373,27.608999919891357,27.205703215848985,23.376649112464147,21.125597387802326,-76.62335088753586,-46.51151727625291,30.24607393370665,37.45585468034744,28.26864078245726,9604992.0,28.110000610351562,27.675000190734863,27.239999771118164,27.97300017674764,27.594999917348225,27.21699965794881,0.0054804389452285385,0.10269252676860226
86,2025-05-28 00:00:00-04:00,2025-05-28,00:00:00,1748404800,27.579999923706055,27.610000610351562,27.530000686645508,27.610000610351562,2401248,0.0,0.0,0.0,1247024,27.32,27.19,2.0,4.8,27.3596,30.69,26.81,1.317,28.60725,0.19357149941580637,27.59074397492997,27.620069982024656,52.42719435424659,-0.05438815224842841,-0.05547017765539256,0.0010820254069641502,28.00199435055134,27.623999977111815,27.24600560367229,35.06497366869621,21.980594571157013,-64.93502633130377,-11.577344048645985,29.866599031846476,38.00739150111097,29.5203970098978,9604992.0,28.110000610351562,27.710000038146973,27.309999465942383,27.986666870117187,27.609666633605958,27.23266639709473,0.003270354327428837,0.10153603856699556
87,2025-05-29 00:00:00-04:00,2025-05-29,00:00:00,1748491200,27.479999542236328,27.5,27.420000076293945,27.459999084472656,2401248,0.0,0.0,0.0,1247024,27.32,27.19,2.0,4.8,27.3596,30.69,26.81,1.317,28.60725,0.18857152121407644,27.566972176665004,27.60482513463875,42.92928076632973,-0.061314487678821195,-0.05663903966007829,-0.004675448018742902,27.999158675545313,27.626499938964844,27.253841202384375,15.58426760333117,24.675296794830512,-84.41573239666883,-68.91397078802879,28.30567183665631,29.545466039457537,34.469818751395294,9364867.2,28.110000610351562,27.710000038146973,27.309999465942383,27.998333517710364,27.613333288828528,27.228333059946692,-0.00543286934309839,0.10059707575514351
88,2025-05-30 00:00:00-04:00,2025-05-30,00:00:00,1748577600,27.510000228881836,27.549999237060547,27.440000534057617,27.450000762939453,2401248,0.0,0.0,0.0,1247024,27.32,27.19,2.0,4.8,27.3596,30.69,26.81,1.317,28.60725,0.18571431296212332,27.54570464689672,27.590079956381675,44.50264132855331,-0.06683995005937149,-0.058679221739936935,-0.008160728319434554,28.000775164381704,27.620499992370604,27.240224820359504,14.285785059276396,21.645008777101257,-85.7142149407236,-56.74997245300329,24.773088128727284,31.923069304969598,35.00013571517127,8884617.6,28.110000610351562,27.710000038146973,27.309999465942383,27.983333492279055,27.609333324432374,27.235333156585693,-0.0003641049477987046,0.09778832711670328
89,2025-06-02 00:00:00-04:00,2025-06-02,00:00:00,1748836800,27.329999923706055,27.350000381469727,27.25,27.260000228881836,2401248,0.0,0.0,0.0,1247024,27.32,27.19,2.0,4.8,27.3596,30.69,26.81,1.317,28.60725,0.16785717010498047,27.49375838907583,27.558643791857882,26.900627193867933,-0.08556404495403314,-0.06405618638275618,-0.02150785857127696,28.01867656033281,27.606999969482423,27.195323378632036,1.4084847573097217,10.42617913997243,-98.59151524269028,-129.9024214812208,23.692306830594394,17.021257599971428,46.808681600257124,8404368.0,28.110000610351562,27.68000030517578,27.25,27.972666994730634,27.599666659037275,27.226666323343917,-0.006921695037405584,0.09864124157230614
90,2025-06-03 00:00:00-04:00,2025-06-03,00:00:00,1748923200,27.40999984741211,27.450000762939453,27.3799991607666,27.440000534057617,2401248,0.0,0.0,0.0,1247024,27.32,27.19,2.0,4.8,27.3596,30.69,26.81,1.317,28.60725,0.16428579602922713,27.48398423361797,27.547344433972142,38.787921523658035,-0.08489983233663878,-0.0682249155735327,-0.016674916763106076,28.019652284366806,27.605000019073486,27.190347753780166,28.35828543611379,14.6841850842333,-71.64171456388621,-71.55069189069938,22.930760951500094,21.739119618066063,41.739235717490295,8164243.2,28.110000610351562,27.68000030517578,27.25,27.975666936238603,27.59766667683919,27.219666417439775,0.006603092577566194,0.09962996364942044
91,2025-06-04 00:00:00-04:00,2025-06-04,00:00:00,1749009600,27.3700008392334,27.389999389648438,27.280000686645508,27.31999969482422,2401248,0.0,0.0,0.0,1247024,27.32,27.19,2.0,4.8,27.3596,30.69,26.81,1.317,28.60725,0.16428565979003906,27.454168862928196,27.525692554053293,33.918104520413635,-0.09298463489904307,-0.07317685943863478,-0.019807775460408295,28.01867598093907,27.60550003051758,27.19232408009609,10.447714455708239,13.404828216377249,-89.55228554429176,-109.34898610371572,22.74619262310497,21.73913764593295,41.73918740287031,7924118.4,28.110000610351562,27.68000030517578,27.25,27.97416693369547,27.597166697184242,27.220166460673013,-0.004373208341758472,0.09990047722086226
92,2025-06-05 00:00:00-04:00,2025-06-05,00:00:00,1749096000,27.200000762939453,27.329999923706055,27.200000762939453,27.299999237060547,2401248,0.0,0.0,0.0,1247024,27.32,27.19,2.0,4.8,27.3596,30.69,26.81,1.317,28.60725,0.16499982561383927,27.426138021861348,27.504197952434936,34.93975765180083,-0.09985470607411173,-0.07851242876573017,-0.021342277308381563,28.028565065069827,27.594999980926513,27.1614348967832,13.888690206550159,17.564896699457396,-86.11130979344985,-121.11192520879268,23.010774370143583,21.645044521362326,45.021732237693875,7443868.8,28.110000610351562,27.655000686645508,27.200000762939453,27.956833394368488,27.587833340962725,27.21883328755696,-0.0007320811854716336,0.09935632693944361
93,2025-06-06 00:00:00-04:00,2025-06-06,00:00:00,1749182400,27.469999313354492,27.479999542236328,27.399999618530273,27.440000534057617,2401248,0.0,0.0,0.0,1247024,27.32,27.19,2.0,4.8,27.3596,30.69,26.81,1.317,28.60725,0.16714273180280412,27.428658478624303,27.49808391258948,37.20935132449744,-0.09293110046992226,-0.08139616310656858,-0.011534937363353676,28.013200751117417,27.580000019073488,27.14679928702956,46.153930799731505,23.496778487329966,-53.846069200268495,-52.523347090032864,21.809372337964383,24.358979584018364,44.44451689838797,6963619.2,28.110000610351562,27.655000686645508,27.200000762939453,27.937166722615558,27.5761666615804,27.215166600545246,0.005128252780572051,0.09984863452150447
94,2025-06-09 00:00:00-04:00,2025-06-09,00:00:00,1749441600,27.450000762939453,27.450000762939453,27.3700008392334,27.3700008392334,2401248,0.0,0.0,0.0,1247024,27.32,27.19,2.0,4.8,27.3596,30.69,26.81,1.317,28.60725,0.15571417127336776,27.417993453280502,27.485885524650804,40.000023841823804,-0.0920316005042423,-0.08352325058610333,-0.00850834991813898,28.00676460667899,27.56550006866455,27.124235530650115,33.33345799705295,31.125359667778202,-66.66654200294705,-62.885710702894215,21.043379372098908,26.14679420830537,43.11923475016776,6483369.6,28.110000610351562,27.655000686645508,27.200000762939453,27.917833455403645,27.56383336385091,27.209833272298177,-0.002551009236947288,0.09957581498835309
95,2025-06-10 00:00:00-04:00,2025-06-10,00:00:00,1749528000,27.350000381469727,27.43000030517578,27.350000381469727,27.399999618530273,2401248,0.0,0.0,0.0,1247024,27.32,27.19,2.0,4.8,27.3596,30.69,26.81,1.317,28.60725,0.15285709926060267,27.414721846962276,27.47770591454409,43.22577945897788,-0.08788500588061865,-0.0843956016450064,-0.0034894042356122534,27.9159029458412,27.53300008773804,27.150097229634877,46.51153506651349,41.999641287765975,-53.48846493348651,-59.24339296707098,20.721069826962157,26.63550735488103,42.523369483839225,6003120.0,27.959999084472656,27.579999923706055,27.200000762939453,27.848666699727374,27.53166669209798,27.214666684468583,0.001096045976508364,0.09963210802857243
96,2025-06-11 00:00:00-04:00,2025-06-11,00:00:00,1749614400,27.350000381469727,27.3700008392334,27.270000457763672,27.299999237060547,2401248,0.0,0.0,0.0,1247024,27.32,27.19,2.0,4.8,27.3596,30.69,26.81,1.317,28.60725,0.14714268275669642,27.393863190616507,27.460781469069463,43.790835006937506,-0.09161194928840644,-0.08583887117368641,-0.005773078114720026,27.880531773338525,27.507500076293944,27.134468379249363,23.25554574770563,34.36684627042403,-76.74445425229437,-89.69238588166643,21.624377901992467,27.669920891232852,38.83496044561643,5522870.4,27.920000076293945,27.5600004196167,27.200000762939453,27.810333347320555,27.504333400726317,27.19833345413208,-0.0036496490095604406,0.09960132666358196
97,2025-06-12 00:00:00-04:00,2025-06-12,00:00:00,1749700800,27.09000015258789,27.139999389648438,27.059999465942383,27.100000381469727,2401248,0.0,0.0,0.0,1247024,27.32,27.19,2.0,4.8,27.3596,30.69,26.81,1.317,28.60725,0.1542855671473912,27.340433588953456,27.426421365488537,35.757593272259626,-0.10944223303921063,-0.09055954354679126,-0.018882689492419377,27.843441176921054,27.46900005340576,27.094558929890468,7.272878599246078,25.679986471155065,-92.72712140075392,-182.6067024437914,23.087730287774797,20.370414522001198,46.75931444879779,4802496.0,27.920000076293945,27.489999771118164,27.059999465942383,27.78249979019165,27.46850004196167,27.154500293731687,-0.007325965610992302,0.1005598139394993
98,2025-06-13 00:00:00-04:00,2025-06-13,00:00:00,1749787200,27.270000457763672,27.290000915527344,27.139999389648438,27.170000076293945,2401248,0.0,0.0,0.0,1247024,27.32,27.19,2.0,4.8,27.3596,30.69,26.81,1.317,28.60725,0.1514284951346261,27.309445677560817,27.40200029032715,43.421029516211206,-0.11658060239600232,-0.09576375531663348,-0.020816847079368844,27.800520992476972,27.437500095367433,27.074479198257894,20.000069357987783,16.84283123497983,-79.99993064201222,-124.95640640663085,23.761567345180374,27.8302998677451,38.67925037562191,4322246.4,27.920000076293945,27.489999771118164,27.059999465942383,27.759666442871094,27.43866672515869,27.117667007446286,0.0025830145327998544,0.10057425809502554
99,2025-06-16 00:00:00-04:00,2025-06-16,00:00:00,1750046400,27.100000381469727,27.200000762939453,27.049999237060547,27.200000762939453,2401248,0.0,0.0,0.0,1247024,27.32,27.19,2.0,4.8,27.3596,30.69,26.81,1.317,28.60725,0.15142863137381418,27.28954660217511,27.38276224009975,38.5714519266925,-0.11845157087879699,-0.10030131842906619,-0.0181502524497308,27.715861449013705,27.403500175476076,27.091138901938447,26.785921076831904,18.019623011355254,-73.2140789231681,-141.52698082882856,24.585766142452588,25.471731215097552,42.92450411204409,3841996.8,27.719999313354492,27.38499927520752,27.049999237060547,27.72433331807455,27.403333409627283,27.082333501180017,0.0011041842679890834,0.10038016478794347
100,2025-06-17 00:00:00-04:00,2025-06-17,00:00:00,1750132800,27.190000534057617,27.399999618530273,27.190000534057617,27.3799991607666,2401248,0.0,0.0,0.0,1247024,27.32,27.19,2.0,4.8,27.3596,30.69,26.81,1.317,28.60725,0.15999998365129744,27.305992521919016,27.382499089687073,42.28182936523684,-0.10420870737478793,-0.10108279621821054,-0.003125911156577399,27.669769043271934,27.388000106811525,27.106231170351116,65.99998474121094,37.59532505867688,-34.00001525878906,-37.48505536055902,24.8785187102579,29.017843077984168,40.62499733907808,3601872.0,27.709999084472656,27.3799991607666,27.049999237060547,27.703333250681556,27.38533341089884,27.067333571116126,0.006617587969791616,0.10119436710911317
101,2025-06-18 00:00:00-04:00,2025-06-18,00:00:00,1750219200,27.350000381469727,27.450000762939453,27.290000915527344,27.43000030517578,2401248,0.0,0.0,0.0,1247024,27.32,27.19,2.0,4.8,27.3596,30.69,26.81,1.317,28.60725,0.1578570774623326,27.328539391602064,27.387023014971714,48.92090674570504,-0.0878735098347363,-0.09844093894151569,0.010567429106779394,27.64177076282296,27.379000091552733,27.116229420282504,76.00021362304688,56.26203981369658,-23.999786376953125,11.288536340641247,24.805240208872863,31.67425578850343,36.19907549651498,3601872.0,27.6299991607666,27.339999198913574,27.049999237060547,27.695000044504802,27.373000113169354,27.051000181833906,0.0018261923280415981,0.10120175745385282
102,2025-06-20 00:00:00-04:00,2025-06-20,00:00:00,1750392000,27.360000610351562,27.420000076293945,27.329999923706055,27.399999618530273,2401248,0.0,0.0,0.0,1247024,27.32,27.19,2.0,4.8,27.3596,30.69,26.81,1.317,28.60725,0.15714291163853236,27.341532160134467,27.38825888197729,48.22691197935196,-0.07646708779262923,-0.0940461687117384,0.017579080919109175,27.632302567221753,27.37450008392334,27.116697600624928,81.39537978389312,74.46519271605031,-18.60462021610688,9.830643359005839,25.215722906651433,29.545513657478452,36.36358907401724,3601872.0,27.6299991607666,27.339999198913574,27.049999237060547,27.679999987284344,27.36900011698405,27.058000246683758,-0.0010937180572997418,0.10120252850844312
103,2025-06-23 00:00:00-04:00,2025-06-23,00:00:00,1750651200,27.520000457763672,27.530000686645508,27.270000457763672,27.290000915527344,2401248,0.0,0.0,0.0,1247024,27.32,27.19,2.0,4.8,27.3596,30.69,26.81,1.317,28.60725,0.161428587777274,27.33216284293317,27.37890098041063,51.127845427310646,-0.07543383785340296,-0.09032370254007133,0.014889864686668364,27.603592121336625,27.360500144958497,27.11740816858037,50.000198681549236,69.13193069616308,-49.99980131845076,3.7597906259620526,22.664458323816866,33.62840970182067,26.991090319700294,3361747.2,27.610000610351562,27.329999923706055,27.049999237060547,27.681333446502684,27.35833349227905,27.03533353805542,-0.004014551260378085,0.10084345015463711
104,2025-06-24 00:00:00-04:00,2025-06-24,00:00:00,1750737600,27.209999084472656,27.219999313354492,27.100000381469727,27.149999618530273,2401248,0.0,0.0,0.0,1247024,27.32,27.19,2.0,4.8,27.3596,30.69,26.81,1.317,28.60725,0.161428587777274,27.299042256678096,27.357100850707738,38.75966241431723,-0.08493286130416067,-0.0892455342928892,0.004312672988728533,27.610064370053742,27.34950008392334,27.088935797792935,20.833349890129103,50.74297611852382,-79.1666501098709,-128.89726496527612,21.009182487350355,29.203614509689075,34.51321682753941,3121622.4,27.610000610351562,27.329999923706055,27.049999237060547,27.665500195821124,27.346500142415362,27.0275000890096,-0.0051301316343090875,0.1011234616707859
105,2025-06-25 00:00:00-04:00,2025-06-25,00:00:00,1750824000,27.219999313354492,27.219999313354492,27.06999969482422,27.079999923706055,2401248,0.0,0.0,0.0,1247024,27.32,27.19,2.0,4.8,27.3596,30.69,26.81,1.317,28.60725,0.16071428571428573,27.259216377955905,27.330710286231387,40.32258808799031,-0.09699124152871974,-0.09079467574005531,-0.0061965657886644265,27.60140946775823,27.32750005722046,27.053590646682686,6.250124175968274,25.694557582548878,-93.74987582403172,-133.16052596367248,19.019373643517646,29.33341132269965,31.555599636501736,2641372.8,27.610000610351562,27.329999923706055,27.049999237060547,27.647666835784914,27.328666782379152,27.00966672897339,-0.00257825767247688,0.1011700841913839
106,2025-06-26 00:00:00-04:00,2025-06-26,00:00:00,1750910400,26.959999084472656,27.010000228881836,26.899999618530273,26.969999313354492,2401248,0.0,0.0,0.0,1247024,27.32,27.19,2.0,4.8,27.3596,30.69,26.81,1.317,28.60725,0.16428579602922713,27.206631457119283,27.296356860243108,37.59398711894255,-0.1141083545927728,-0.0954574115105988,-0.018650943082173993,27.57978871549253,27.295499992370605,27.01121126924868,11.11104383261379,12.73150596623706,-88.88895616738621,-199.70415058212484,17.19965982788478,28.695714189754558,34.782641145801804,1920998.4,27.549999237060547,27.22499942779541,26.899999618530273,27.625500138600664,27.297500069936113,26.969500001271562,-0.004062060955002722,0.10130494273293292
107,2025-06-27 00:00:00-04:00,2025-06-27,00:00:00,1750996800,26.989999771118164,27.049999237060547,26.950000762939453,27.020000457763672,2401248,0.0,0.0,0.0,1247024,27.32,27.19,2.0,4.8,27.3596,30.69,26.81,1.317,28.60725,0.15857137952532088,27.172698548145533,27.270037202864113,33.06450992667473,-0.12223012277165424,-0.10081195376280991,-0.02141816900884433,27.571936503581565,27.273500061035158,26.97506361848875,19.04771996536503,12.1362959913157,-80.95228003463497,-145.68319313657184,16.43722238394869,24.77483398758848,36.03609873195643,1440748.8,27.549999237060547,27.22499942779541,26.899999618530273,27.593833287556972,27.274833424886072,26.955833562215172,0.00185395423367396,0.10138507754351202
108,2025-06-30 00:00:00-04:00,2025-06-30,00:00:00,1751256000,27.0,27.0,26.8700008392334,26.8799991607666,2401248,0.0,0.0,0.0,1247024,27.32,27.19,2.0,4.8,27.3596,30.69,26.81,1.317,28.60725,0.16357135772705078,27.119480477712997,27.23289072266435,31.297665465960407,-0.13836859021901304,-0.10832328105405055,-0.030045309164962494,27.57919212328093,27.244999980926515,26.9108078385721,1.5148975522353554,10.557887116738062,-98.48510244776465,-161.76459817701806,16.217603302763525,24.017527625333265,37.118019954706696,960499.2,27.530000686645508,27.200000762939453,26.8700008392334,27.569666703542072,27.24666674931844,26.923666795094807,-0.005181395063849625,0.10154094325337107
109,2025-07-01 00:00:00-04:00,2025-07-01,00:00:00,1751342400,26.829999923706055,26.90999984741211,26.809999465942383,26.8700008392334,2401248,0.0,0.0,0.0,1247024,27.32,27.19,2.0,4.8,27.3596,30.69,26.81,1.317,28.60725,0.16499996185302734,27.07412054344398,27.198329781385212,29.45742623445291,-0.15023342551838326,-0.1167053099469171,-0.03352811557146616,27.59918583943328,27.22550001144409,26.851814183454902,8.3335099393888,9.632042485663066,-91.6664900606112,-155.48627617972895,16.263188479100645,23.809578855673124,38.528286151902606,480249.6,27.530000686645508,27.170000076293945,26.809999465942383,27.538499991099034,27.225500075022374,26.912500158945715,-0.00037196137817585573,0.0954298072924273
110,2025-07-02 00:00:00-04:00,2025-07-02,00:00:00,1751428800,26.940000534057617,26.969999313354492,26.850000381469727,26.850000381469727,2401248,0.0,0.0,0.0,1247024,27.32,27.19,2.0,4.8,27.3596,30.69,26.81,1.317,28.60725,0.16428565979003906,27.033371423085022,27.165155552821833,31.405021209384145,-0.1594126529332982,-0.1252467785441933,-0.0341658743891049,27.5909362957048,27.196000003814696,26.80106371192459,5.555673292925868,5.134693594850013,-94.44432670707414,-126.86993446407268,16.070071025775228,26.521774465071456,35.217545622965154,-240124.8,27.530000686645508,27.170000076293945,26.809999465942383,27.504833157857263,27.198833401997888,26.892833646138513,-0.0007443415384814633,0.09224554668618695
111,2025-07-03 00:00:00-04:00,2025-07-03,00:00:00,1751515200,26.950000762939453,27.0,26.90999984741211,26.979999542236328,2401248,0.0,0.0,0.0,1247024,27.32,27.19,2.0,4.8,27.3596,30.69,26.81,1.317,28.60725,0.1578570774623326,27.023667444748895,27.147521647051786,44.73681128479862,-0.15441738349142753,-0.13108089953364016,-0.02333648395778737,27.580675428249858,27.178999996185304,26.77732456412075,23.611081676768535,12.50008830302774,-76.38891832323147,-86.43452451105576,13.492600600108796,28.95934670261574,27.149436080491867,-720374.4,27.530000686645508,27.170000076293945,26.809999465942383,27.485499795277917,27.180500062306727,26.875500329335537,0.004841681896448735,0.09239361765621297
112,2025-07-07 00:00:00-04:00,2025-07-07,00:00:00,1751860800,27.030000686645508,27.139999389648438,27.020000457763672,27.06999969482422,2401248,0.0,0.0,0.0,1247024,27.32,27.19,2.0,4.8,27.3596,30.69,26.81,1.317,28.60725,0.15571417127336776,27.032091490217134,27.140138603982493,45.689645250133594,-0.14156446923803756,-0.13317761347451965,-0.008386855763517914,27.567756577683255,27.167500019073486,26.767243460463717,36.11108167676853,21.759278882154316,-63.88891832323147,-37.484650553799845,12.50166477897463,28.899065310989926,27.523060999328923,-960499.2,27.530000686645508,27.170000076293945,26.809999465942383,27.478499857584637,27.170500055948896,26.862500254313154,0.0033358100116718248,0.09244399903657989
113,2025-07-08 00:00:00-04:00,2025-07-08,00:00:00,1751947200,27.149999618530273,27.190000534057617,27.079999923706055,27.09000015258789,2401248,0.0,0.0,0.0,1247024,27.32,27.19,2.0,4.8,27.3596,30.69,26.81,1.317,28.60725,0.1535712650844029,27.04262033792091,27.135363513373484,45.217371113160354,-0.12828577375650596,-0.13219924553091691,0.003913471774410954,27.530193834402887,27.15,26.76980616559711,38.88891832323147,32.87036055892285,-61.11108167676853,-15.037523142284419,11.699405980217213,31.62795484103341,23.721054844759397,-1200624.0,27.530000686645508,27.170000076293945,26.809999465942383,27.45649992624919,27.154500071207686,26.85250021616618,0.0007388421865219819,0.0923883825949332
114,2025-07-09 00:00:00-04:00,2025-07-09,00:00:00,1752033600,27.100000381469727,27.1299991607666,27.079999923706055,27.09000015258789,2401248,0.0,0.0,0.0,1247024,27.32,27.19,2.0,4.8,27.3596,30.69,26.81,1.317,28.60725,0.14214270455496653,27.051234849678544,27.131043193298666,35.05164572194879,-0.11642029127090225,-0.12904345467891398,0.012623163408011728,27.502456544228675,27.135999965667725,26.769543387106776,38.88891832323147,37.962972774410495,-61.11108167676853,-18.671171279350705,10.72538272079062,24.12070175169553,25.628275563291453,-1320686.4,27.530000686645508,27.170000076293945,26.809999465942383,27.43866647084554,27.139666684468587,26.840666898091634,0.0,0.08229569305004962
115,2025-07-10 00:00:00-04:00,2025-07-10,00:00:00,1752120000,27.139999389648438,27.209999084472656,27.1200008392334,27.139999389648438,2401248,0.0,0.0,0.0,1247024,27.32,27.19,2.0,4.8,27.3596,30.69,26.81,1.317,28.60725,0.1392854963030134,27.067373856945792,27.131896164379597,35.05151801164071,-0.10180870299078748,-0.12359650434128869,0.021787801350501207,27.46783238846259,27.122999954223634,26.778167519984677,45.8332450303056,41.20369389225618,-54.166754969694395,14.945226860972328,10.249212867442347,26.15389882233264,26.15399663523612,-1440748.8,27.530000686645508,27.170000076293945,26.809999465942383,27.430833021799724,27.1278333346049,26.824833647410077,0.0018456713465824226,0.08039924335280685
116,2025-07-11 00:00:00-04:00,2025-07-11,00:00:00,1752206400,27.190000534057617,27.239999771118164,27.15999984741211,27.219999313354492,2401248,0.0,0.0,0.0,1247024,27.32,27.19,2.0,4.8,27.3596,30.69,26.81,1.317,28.60725,0.1392854963030134,27.095123939929188,27.140286940472443,41.17645958853647,-0.08281890398006198,-0.11544098426904335,0.03262208028898138,27.45697529714099,27.11899995803833,26.78102461893567,56.94432670707413,47.22216335353708,-43.05567329292587,45.680491013984955,9.714381010463658,27.69239798114167,26.15399663523612,-1320686.4,27.530000686645508,27.170000076293945,26.809999465942383,27.42249978383382,27.122499974568683,26.822500165303545,0.0029476759581861245,0.08038577217249496
117,2025-07-14 00:00:00-04:00,2025-07-14,00:00:00,1752465600,27.25,27.299999237060547,27.219999313354492,27.290000915527344,2401248,0.0,0.0,0.0,1247024,27.32,27.19,2.0,4.8,27.3596,30.69,26.81,1.317,28.60725,0.12642833164760045,27.130556117310668,27.154545414287195,50.0,-0.06141287775581716,-0.10463536296639812,0.04322248521058096,27.47480534137339,27.12849998474121,26.782194628109032,97.9595252645961,66.91236566732528,-2.0404747354039103,71.8345112150336,9.075172702840096,27.683655392095584,28.813734660361987,-960499.2,27.530000686645508,27.170000076293945,26.809999465942383,27.414999802907303,27.13099997838338,26.847000153859454,0.0025716974261094094,0.07974537523580995
118,2025-07-15 00:00:00-04:00,2025-07-15,00:00:00,1752552000,27.299999237060547,27.459999084472656,27.290000915527344,27.440000534057617,2401248,0.0,0.0,0.0,1247024,27.32,27.19,2.0,4.8,27.3596,30.69,26.81,1.317,28.60725,0.12499959128243583,27.186818738537383,27.181731616170094,64.64648605325925,-0.03197613119872855,-0.09010351661286421,0.05812738541413566,27.51512915767591,27.142000007629395,26.76887085758288,96.92329813050381,83.94238336739136,-3.076701869496196,122.84917916498264,10.716580417457397,37.142956792417664,19.428752666209625,-600312.0,27.530000686645508,27.170000076293945,26.809999465942383,27.422832902272546,27.14083331425985,26.858833726247155,0.0054965047086139585,0.07867981900048247
119,2025-07-16 00:00:00-04:00,2025-07-16,00:00:00,1752638400,27.469999313354492,27.510000228881836,27.18000030517578,27.34000015258789,2401248,0.0,0.0,0.0,1247024,27.32,27.19,2.0,4.8,27.3596,30.69,26.81,1.317,28.60725,0.13785675593784877,27.21466990472838,27.196804810114646,62.74507970641859,-0.016525991179236144,-0.0753880115261386,0.05886202034690245,27.53183715584602,27.148999977111817,26.766162798377614,75.71430128446165,90.19904155985387,-24.285698715538334,86.56947398585979,11.991259120860743,33.67883123672635,21.761821888715286,-480249.6,27.530000686645508,27.170000076293945,26.809999465942383,27.450499407450355,27.150499979654946,26.850500551859536,-0.0036443286998339985,0.07904224638169012
120,2025-07-17 00:00:00-04:00,2025-07-17,00:00:00,1752724800,27.459999084472656,27.489999771118164,27.440000534057617,27.459999084472656,2401248,0.0,0.0,0.0,1247024,27.32,27.19,2.0,4.8,27.3596,30.69,26.81,1.317,28.60725,0.13571384974888392,27.25927521013643,27.221870931482076,73.78638079912298,0.00533971412802714,-0.059242466395305456,0.06458218052333259,27.547493725710044,27.15299997329712,26.758506220884197,92.85698715538335,88.49819552344961,-7.14301284461665,130.9777062542951,14.480911587287281,34.21061613581972,13.158037392184262,-360187.2,27.530000686645508,27.170000076293945,26.809999465942383,27.451499462127686,27.157499980926513,26.86350049972534,0.004389134279993989,0.07697030304802356
121,2025-07-18 00:00:00-04:00,2025-07-18,00:00:00,1752811200,27.329999923706055,27.420000076293945,27.309999465942383,27.420000076293945,2401248,0.0,0.0,0.0,1247024,27.32,27.19,2.0,4.8,27.3596,30.69,26.81,1.317,28.60725,0.13928536006382533,27.28849791307416,27.24074037384511,69.60785230368774,0.019219309210598112,-0.043550111274124746,0.06276942048472287,27.545538099603842,27.152499961853028,26.759461824102214,87.14284935776917,85.23804593253806,-12.857150642230833,97.10885144841673,14.817591091792133,31.282162136783654,19.4873816340444,-480249.6,27.530000686645508,27.170000076293945,26.809999465942383,27.45016606648763,27.15716660817464,26.864167149861654,-0.0014566281686924087,0.07625368109293552
122,2025-07-21 00:00:00-04:00,2025-07-21,00:00:00,1753070400,27.299999237060547,27.31999969482422,27.190000534057617,27.239999771118164,2401248,0.0,0.0,0.0,1247024,27.32,27.19,2.0,4.8,27.3596,30.69,26.81,1.317,28.60725,0.14499964032854354,27.27968006908216,27.240669840252068,66.98119997696782,0.01551561367197607,-0.031736966284904584,0.047252579956880654,27.52255462529403,27.14449996948242,26.76644531367081,61.428548073307496,80.47612819548668,-38.5714519266925,44.66892594315479,14.604578344198341,30.049365687558605,20.689804209707393,-600312.0,27.530000686645508,27.170000076293945,26.809999465942383,27.456499322255453,27.150499947865804,26.844500573476154,-0.006564562533732499,0.0751022341179136
